-- --------------------------------------------------------
-- Host:                         127.0.0.1
-- Server version:               10.4.28-MariaDB - mariadb.org binary distribution
-- Server OS:                    Win64
-- HeidiSQL Version:             12.8.0.6908
-- --------------------------------------------------------

/*!40101 SET @OLD_CHARACTER_SET_CLIENT=@@CHARACTER_SET_CLIENT */;
/*!40101 SET NAMES utf8 */;
/*!50503 SET NAMES utf8mb4 */;
/*!40103 SET @OLD_TIME_ZONE=@@TIME_ZONE */;
/*!40103 SET TIME_ZONE='+00:00' */;
/*!40014 SET @OLD_FOREIGN_KEY_CHECKS=@@FOREIGN_KEY_CHECKS, FOREIGN_KEY_CHECKS=0 */;
/*!40101 SET @OLD_SQL_MODE=@@SQL_MODE, SQL_MODE='NO_AUTO_VALUE_ON_ZERO' */;
/*!40111 SET @OLD_SQL_NOTES=@@SQL_NOTES, SQL_NOTES=0 */;


DROP DATABASE netashop;
-- Dumping database structure for netashop
CREATE DATABASE IF NOT EXISTS `netashop` /*!40100 DEFAULT CHARACTER SET utf8mb4 COLLATE utf8mb4_general_ci */;
USE `netashop`;

-- Dumping structure for table netashop.acl_permissions
CREATE TABLE IF NOT EXISTS `acl_permissions` (
  `id` bigint(20) unsigned NOT NULL AUTO_INCREMENT COMMENT 'Khóa chính',
  `name` varchar(500) NOT NULL COMMENT 'Tên Quyền',
  `display_name` varchar(500) DEFAULT NULL COMMENT 'Tên Quyền thân thiện (dễ hiểu cho người dùng)',
  `guard_name` varchar(500) NOT NULL COMMENT 'Tên guard bảo vệ',
  `created_at` timestamp NULL DEFAULT NULL COMMENT 'Ngày tạo mới',
  `updated_at` timestamp NULL DEFAULT NULL COMMENT 'Ngày cập nhật',
  PRIMARY KEY (`id`)
) ENGINE=InnoDB AUTO_INCREMENT=3 DEFAULT CHARSET=utf8mb4 COLLATE=utf8mb4_unicode_ci COMMENT='Bảng chứa dữ liệu về Quyền';

-- Dumping data for table netashop.acl_permissions: ~2 rows (approximately)
INSERT INTO `acl_permissions` (`id`, `name`, `display_name`, `guard_name`, `created_at`, `updated_at`) VALUES
	(1, 'backend-view', 'Xem chức năng Quản trị Hệ thống', 'web', '2019-12-08 20:10:11', '2019-12-08 20:10:11'),
	(2, 'suppliers-view', 'Xem chức năng Nhà cung cấp', 'web', '2020-02-12 09:29:29', NULL);

-- Dumping structure for table netashop.acl_roles
CREATE TABLE IF NOT EXISTS `acl_roles` (
  `id` bigint(20) unsigned NOT NULL AUTO_INCREMENT COMMENT 'Khóa chính',
  `name` varchar(500) NOT NULL COMMENT 'Tên Vai trò',
  `display_name` varchar(500) DEFAULT NULL COMMENT 'Tên Vai trò thân thiện (dễ hiểu với người dùng)',
  `guard_name` varchar(500) NOT NULL COMMENT 'Tên guard bảo vệ',
  `created_at` timestamp NULL DEFAULT NULL COMMENT 'Ngày tạo mới',
  `updated_at` timestamp NULL DEFAULT NULL COMMENT 'Ngày cập nhật',
  PRIMARY KEY (`id`)
) ENGINE=InnoDB AUTO_INCREMENT=7 DEFAULT CHARSET=utf8mb4 COLLATE=utf8mb4_unicode_ci COMMENT='Bảng chứa dữ liệu về Vai trò';

-- Dumping data for table netashop.acl_roles: ~4 rows (approximately)
INSERT INTO `acl_roles` (`id`, `name`, `display_name`, `guard_name`, `created_at`, `updated_at`) VALUES
	(1, 'administrator', 'Quản trị Hệ thống', 'web', '2019-12-08 20:10:11', '2019-12-08 20:10:11'),
	(2, 'thukho', 'Thủ kho', 'web', '2019-12-08 20:10:11', '2019-12-08 20:10:11'),
	(3, 'ketoan', 'Kế toán', 'web', '2020-02-17 08:58:13', '2020-02-17 08:58:15'),
	(4, 'customer', 'Khách hàng', 'web', '2020-02-17 07:09:53', '2020-02-17 07:09:56');

-- Dumping structure for table netashop.acl_role_has_permissions
CREATE TABLE IF NOT EXISTS `acl_role_has_permissions` (
  `id` bigint(20) unsigned NOT NULL AUTO_INCREMENT COMMENT 'Khóa chính',
  `role_id` bigint(20) unsigned NOT NULL COMMENT '(FK) Vai trò nào?',
  `permission_id` bigint(20) unsigned NOT NULL COMMENT '(FK) Quyền nào?',
  PRIMARY KEY (`id`),
  KEY `FK_acl_role_has_permissions_acl_permissions` (`permission_id`),
  KEY `FK_acl_role_has_permissions_acl_roles` (`role_id`),
  CONSTRAINT `FK_acl_role_has_permissions_acl_permissions` FOREIGN KEY (`permission_id`) REFERENCES `acl_permissions` (`id`),
  CONSTRAINT `FK_acl_role_has_permissions_acl_roles` FOREIGN KEY (`role_id`) REFERENCES `acl_roles` (`id`)
) ENGINE=InnoDB AUTO_INCREMENT=2 DEFAULT CHARSET=utf8mb4 COLLATE=utf8mb4_unicode_ci COMMENT='Bảng chứa dữ liệu xác định Vai trò nào <-> Có những Quyền nào?';

-- Dumping data for table netashop.acl_role_has_permissions: ~1 rows (approximately)
INSERT INTO `acl_role_has_permissions` (`id`, `role_id`, `permission_id`) VALUES
	(1, 1, 1);

-- Dumping structure for table netashop.acl_users
CREATE TABLE IF NOT EXISTS `acl_users` (
  `id` bigint(20) unsigned NOT NULL AUTO_INCREMENT COMMENT 'Khóa chính',
  `username` varchar(191) NOT NULL COMMENT 'Tên đăng nhập',
  `password` varchar(500) NOT NULL COMMENT 'Mật khẩu (mặc định: user@123)',
  `last_name` varchar(255) NOT NULL COMMENT 'Họ và tên lót',
  `first_name` varchar(255) NOT NULL COMMENT 'Tên',
  `gender` tinyint(3) unsigned NOT NULL DEFAULT 0 COMMENT 'Giới tính: #0: Nam; #1: Nữ',
  `email` varchar(191) NOT NULL COMMENT 'Email',
  `birthday` datetime DEFAULT NULL COMMENT 'Ngày sinh',
  `avatar` varchar(500) DEFAULT NULL COMMENT 'Hình đại diện',
  `code` varchar(255) DEFAULT NULL COMMENT 'Mã CMND / CCCD',
  `job_title` varchar(255) DEFAULT NULL COMMENT 'Chức danh',
  `department` varchar(255) DEFAULT NULL COMMENT 'Phòng',
  `manager_id` bigint(20) unsigned DEFAULT NULL COMMENT 'Người phụ trách Quản lý',
  `phone` varchar(25) DEFAULT NULL COMMENT 'Số điện thoại',
  `address1` varchar(500) DEFAULT NULL COMMENT 'Địa chỉ 1',
  `address2` varchar(500) DEFAULT NULL COMMENT 'Địa chỉ 2',
  `city` varchar(255) DEFAULT NULL COMMENT 'Thành phố',
  `state` varchar(255) DEFAULT NULL COMMENT 'Bang',
  `postal_code` varchar(15) DEFAULT NULL COMMENT 'Mã bưu chính',
  `country` varchar(255) DEFAULT NULL COMMENT 'Quốc gia',
  `remember_token` varchar(255) DEFAULT NULL COMMENT 'Token ghi nhớ Đăng nhập',
  `active_code` varchar(255) DEFAULT NULL COMMENT 'Mã kích hoạt',
  `status` tinyint(4) DEFAULT NULL COMMENT 'Trạng thái: #0: chưa kích hoạt; #1: đã kích hoạt',
  `created_at` timestamp NULL DEFAULT NULL COMMENT 'Ngày tạo mới',
  `updated_at` timestamp NULL DEFAULT NULL COMMENT 'Ngày cập nhật',
  PRIMARY KEY (`id`),
  UNIQUE KEY `username` (`username`),
  UNIQUE KEY `email` (`email`)
) ENGINE=InnoDB AUTO_INCREMENT=222 DEFAULT CHARSET=utf8mb4 COLLATE=utf8mb4_unicode_ci COMMENT='Bảng chứa dữ liệu về Người dùng trong Hệ thống';

-- Dumping data for table netashop.acl_users: ~21 rows (approximately)
INSERT INTO `acl_users` (`id`, `username`, `password`, `last_name`, `first_name`, `gender`, `email`, `birthday`, `avatar`, `code`, `job_title`, `department`, `manager_id`, `phone`, `address1`, `address2`, `city`, `state`, `postal_code`, `country`, `remember_token`, `active_code`, `status`, `created_at`, `updated_at`) VALUES
	(1, 'dnpcuong', 'a29c57c6894dee6e8251510d58c07078ee3f49bf', 'Dương Nguyễn Phú', 'Cường', 0, 'phucuong@ctu.edu.vn', NULL, 'avatars/dnpcuong_20200217161415.jpg', NULL, 'Lập trình viên', 'Phần mềm CUSC', NULL, '0915-659-223', '130 Xô Viết Nghệ Tỉnh, Quận Ninh Kiều', NULL, 'Cần Thơ', NULL, '64000', 'Việt Nam', NULL, NULL, NULL, '2020-02-12 09:17:49', NULL),
	(201, 'nvhai', '68c9fc4c03dff5d734aab9787b5ea01d7d88aa85', 'Nguyễn Văn', 'Hải', 0, 'nvhai@gmail.com', NULL, 'avatars/nvhai.jpg', NULL, 'Trợ lý hành chính', 'Đồ chơi', NULL, '0912-345-678', '12 Nguyễn Huệ', NULL, 'Hà Nội', NULL, '10000', 'Việt Nam', NULL, NULL, NULL, NULL, NULL),
	(202, 'tthuong', '68c9fc4c03dff5d734aab9787b5ea01d7d88aa85', 'Trần Thị', 'Hương', 0, 'tthuong@yahoo.com', NULL, 'avatars/tthuong.jpg', NULL, 'Kỹ sư thiết kế', 'Sách', NULL, '0987-654-321', '45 Lê Lợi', NULL, 'Hồ Chí Minh', NULL, '70000', 'Việt Nam', NULL, NULL, NULL, NULL, NULL),
	(203, 'pvthang', '68c9fc4c03dff5d734aab9787b5ea01d7d88aa85', 'Phạm Văn', 'Thắng', 1, 'pvthang@outlook.com', NULL, 'avatars/pvthang.jpg', NULL, 'Huấn luyện viên sức khỏe', 'Đồ chơi', NULL, '0909-123-456', '78 Trần Phú', NULL, 'Đà Nẵng', NULL, '55000', 'Việt Nam', NULL, NULL, NULL, NULL, NULL),
	(204, 'lttam', '68c9fc4c03dff5d734aab9787b5ea01d7d88aa85', 'Lê Thị', 'Tâm', 0, 'lttam@gmail.com', NULL, 'avatars/lttam.jpg', NULL, 'Nhà phân tích hệ thống máy tính', 'Sức khỏe', NULL, '0935-789-123', '23 Hùng Vương', NULL, 'Huế', NULL, '53000', 'Việt Nam', NULL, NULL, NULL, NULL, NULL),
	(205, 'ntlan', '68c9fc4c03dff5d734aab9787b5ea01d7d88aa85', 'Nguyễn Thị', 'Lan', 0, 'ntlan@hotmail.com', NULL, 'avatars/ntlan.jpg', NULL, 'Kỹ sư chất lượng cao cấp', 'Trẻ em', NULL, '0978-456-789', '56 Nguyễn Trãi', NULL, 'Hải Phòng', NULL, '18000', 'Việt Nam', NULL, NULL, NULL, NULL, NULL),
	(206, 'hvminh', '68c9fc4c03dff5d734aab9787b5ea01d7d88aa85', 'Hoàng Văn', 'Minh', 1, 'hvminh@gmail.com', NULL, 'avatars/hvminh.jpg', NULL, 'Kỹ sư trưởng thiết kế', 'Điện tử', NULL, '0911-234-567', '89 Phạm Ngũ Lão', NULL, 'Nha Trang', NULL, '65000', 'Việt Nam', NULL, NULL, NULL, NULL, NULL),
	(207, 'dtthao', '68c9fc4c03dff5d734aab9787b5ea01d7d88aa85', 'Đỗ Thị', 'Thảo', 0, 'dtthao@yahoo.com', NULL, 'avatars/dtthao.jpg', NULL, 'Kỹ sư phân tích cấu trúc', 'Giày dép', NULL, '0945-678-901', '34 Lê Đại Hành', NULL, 'Vũng Tàu', NULL, '79000', 'Việt Nam', NULL, NULL, NULL, NULL, NULL),
	(208, 'bvdung', '68c9fc4c03dff5d734aab9787b5ea01d7d88aa85', 'Bùi Văn', 'Dũng', 0, 'bvdung@outlook.com', NULL, 'avatars/bvdung.jpg', NULL, 'Phó giám đốc kiểm soát chất lượng', 'Ngoài trời', NULL, '0923-456-789', '67 Nguyễn Đình Chiểu', NULL, 'Cần Thơ', NULL, '64000', 'Việt Nam', NULL, NULL, NULL, NULL, NULL),
	(209, 'ptmai', '68c9fc4c03dff5d734aab9787b5ea01d7d88aa85', 'Phan Thị', 'Mai', 1, 'ptmai@gmail.com', NULL, 'avatars/ptmai.jpg', NULL, 'Trợ lý lập kế hoạch truyền thông', 'Điện tử', NULL, '0967-890-123', '90 Trần Hưng Đạo', NULL, 'Hà Nội', NULL, '10000', 'Việt Nam', NULL, NULL, NULL, NULL, NULL),
	(210, 'nthan', '68c9fc4c03dff5d734aab9787b5ea01d7d88aa85', 'Nguyễn Thị', 'Hân', 0, 'nthan@yahoo.com', NULL, 'avatars/nthan.jpg', NULL, 'Nhân viên vận hành', 'Công nghiệp', NULL, '0932-567-890', '123 Lý Thường Kiệt', NULL, 'Hồ Chí Minh', NULL, '70000', 'Việt Nam', NULL, NULL, NULL, NULL, NULL),
	(211, 'tvlong', '68c9fc4c03dff5d734aab9787b5ea01d7d88aa85', 'Trần Văn', 'Long', 1, 'tvlong@gmail.com', NULL, 'avatars/tvlong.jpg', NULL, 'Nhân viên kinh doanh', 'Điện tử', NULL, '0981-234-567', '45 Nguyễn Văn Cừ', NULL, 'Đà Nẵng', NULL, '55000', 'Việt Nam', NULL, NULL, NULL, NULL, NULL),
	(212, 'lthue', '68c9fc4c03dff5d734aab9787b5ea01d7d88aa85', 'Lê Thị', 'Huệ', 0, 'lthue@outlook.com', NULL, 'avatars/lthue.jpg', NULL, 'Quản lý thiết kế mạch tương tự', 'Điện tử', NULL, '0916-789-234', '78 Lê Lai', NULL, 'Huế', NULL, '53000', 'Việt Nam', NULL, NULL, NULL, NULL, NULL),
	(213, 'pvkhoa', '68c9fc4c03dff5d734aab9787b5ea01d7d88aa85', 'Phạm Văn', 'Khoa', 0, 'pvkhoa@gmail.com', NULL, 'avatars/pvkhoa.jpg', NULL, 'Kỹ sư kết cấu', 'Máy tính', NULL, '0972-345-678', '56 Trần Quốc Toản', NULL, 'Hải Phòng', NULL, '18000', 'Việt Nam', NULL, NULL, NULL, NULL, NULL),
	(214, 'ntdung', '68c9fc4c03dff5d734aab9787b5ea01d7d88aa85', 'Nguyễn Thị', 'Dung', 0, 'ntdung@yahoo.com', NULL, 'avatars/ntdung.jpg', NULL, 'Biên tập viên', 'Ngoài trời', NULL, '0941-567-890', '89 Nguyễn Thị Minh Khai', NULL, 'Nha Trang', NULL, '65000', 'Việt Nam', NULL, NULL, NULL, NULL, NULL),
	(215, 'htlien', '68c9fc4c03dff5d734aab9787b5ea01d7d88aa85', 'Hoàng Thị', 'Liên', 0, 'htlien@gmail.com', NULL, 'avatars/htlien.jpg', NULL, 'Nhân viên kinh doanh', 'Trẻ em', NULL, '0926-789-123', '34 Phạm Văn Đồng', NULL, 'Vũng Tàu', NULL, '79000', 'Việt Nam', NULL, NULL, NULL, NULL, NULL),
	(216, 'dtngoc', '68c9fc4c03dff5d734aab9787b5ea01d7d88aa85', 'Đỗ Thị', 'Ngọc', 1, 'dtngoc@outlook.com', NULL, 'avatars/dtngoc.jpg', NULL, 'Nhân viên điều hành cấp thấp', 'Phim ảnh', NULL, '0963-234-567', '67 Lê Thánh Tôn', NULL, 'Cần Thơ', NULL, '64000', 'Việt Nam', NULL, NULL, NULL, NULL, NULL),
	(217, 'bvthanh', '68c9fc4c03dff5d734aab9787b5ea01d7d88aa85', 'Bùi Văn', 'Thành', 0, 'bvthanh@gmail.com', NULL, 'avatars/bvthanh.jpg', NULL, 'Kỹ sư I', 'Thể thao', NULL, '0937-890-123', '90 Hùng Vương', NULL, 'Hà Nội', NULL, '10000', 'Việt Nam', NULL, NULL, NULL, NULL, NULL),
	(218, 'ptlinh', '68c9fc4c03dff5d734aab9787b5ea01d7d88aa85', 'Phan Thị', 'Linh', 0, 'ptlinh@yahoo.com', NULL, 'avatars/ptlinh.jpg', NULL, 'Lập trình viên IV', 'Trẻ em', NULL, '0914-567-890', '123 Trần Phú', NULL, 'Hồ Chí Minh', NULL, '70000', 'Việt Nam', NULL, NULL, NULL, NULL, NULL),
	(219, 'nvhung', '68c9fc4c03dff5d734aab9787b5ea01d7d88aa85', 'Nguyễn Văn', 'Hùng', 0, 'nvhung@gmail.com', NULL, 'avatars/nvhung.jpg', NULL, 'Nhân viên kinh doanh', 'Làm đẹp', NULL, '0984-234-567', '45 Lê Lợi', NULL, 'Đà Nẵng', NULL, '55000', 'Việt Nam', NULL, NULL, NULL, NULL, NULL),
	(220, 'tthanh', '68c9fc4c03dff5d734aab9787b5ea01d7d88aa85', 'Trần Thị', 'Thanh', 1, 'tthanh@outlook.com', NULL, 'avatars/tthanh.jpg', NULL, 'Quản lý thiết kế mạch tương tự', 'Trẻ em', NULL, '0921-789-234', '78 Nguyễn Huệ', NULL, 'Huế', NULL, '53000', 'Việt Nam', NULL, NULL, NULL, NULL, NULL);

-- Dumping structure for table netashop.acl_user_has_permissions
CREATE TABLE IF NOT EXISTS `acl_user_has_permissions` (
  `id` bigint(20) unsigned NOT NULL AUTO_INCREMENT COMMENT 'Khóa chính',
  `user_id` bigint(20) unsigned NOT NULL COMMENT '(FK) Người dùng nào?',
  `permission_id` bigint(20) unsigned NOT NULL COMMENT '(FK) Quyền nào?',
  PRIMARY KEY (`id`),
  KEY `FK_acl_model_has_permissions_acl_permissions` (`permission_id`),
  KEY `FK_acl_user_has_permissions_acl_users` (`user_id`),
  CONSTRAINT `FK_acl_model_has_permissions_acl_permissions` FOREIGN KEY (`permission_id`) REFERENCES `acl_permissions` (`id`),
  CONSTRAINT `FK_acl_user_has_permissions_acl_users` FOREIGN KEY (`user_id`) REFERENCES `acl_users` (`id`)
) ENGINE=InnoDB AUTO_INCREMENT=2 DEFAULT CHARSET=utf8mb4 COLLATE=utf8mb4_unicode_ci COMMENT='Bảng chứa dữ liệu xác định Người dùng nào <-> Có những Quyền nào?';

-- Dumping data for table netashop.acl_user_has_permissions: ~0 rows (approximately)

-- Dumping structure for table netashop.acl_user_has_roles
CREATE TABLE IF NOT EXISTS `acl_user_has_roles` (
  `id` bigint(20) unsigned NOT NULL AUTO_INCREMENT COMMENT 'Khóa chính',
  `user_id` bigint(20) unsigned NOT NULL COMMENT '(FK) Người dùng nào?',
  `role_id` bigint(20) unsigned NOT NULL COMMENT '(FK) Vai trò nào?',
  PRIMARY KEY (`id`),
  KEY `FK_acl_model_has_roles_acl_roles` (`role_id`),
  KEY `FK_acl_user_has_roles_acl_users` (`user_id`),
  CONSTRAINT `FK_acl_model_has_roles_acl_roles` FOREIGN KEY (`role_id`) REFERENCES `acl_roles` (`id`),
  CONSTRAINT `FK_acl_user_has_roles_acl_users` FOREIGN KEY (`user_id`) REFERENCES `acl_users` (`id`)
) ENGINE=InnoDB AUTO_INCREMENT=3 DEFAULT CHARSET=utf8mb4 COLLATE=utf8mb4_unicode_ci COMMENT='Bảng chứa dữ liệu xác định Người dùng nào <-> Có những Vai trò nào?';

-- Dumping data for table netashop.acl_user_has_roles: ~0 rows (approximately)

-- Dumping structure for table netashop.shop_categories
CREATE TABLE IF NOT EXISTS `shop_categories` (
  `id` bigint(20) unsigned NOT NULL AUTO_INCREMENT COMMENT 'Khóa chính',
  `category_code` varchar(50) NOT NULL COMMENT 'Mã chuyên mục',
  `category_name` varchar(500) NOT NULL COMMENT 'Tên chuyên mục',
  `description` text DEFAULT NULL COMMENT 'Diễn giải',
  `image` text DEFAULT NULL COMMENT 'Ảnh đại diện',
  `created_at` timestamp NULL DEFAULT NULL COMMENT 'Ngày tạo mới',
  `updated_at` timestamp NULL DEFAULT NULL COMMENT 'Ngày cập nhật',
  PRIMARY KEY (`id`),
  UNIQUE KEY `category_code` (`category_code`)
) ENGINE=InnoDB AUTO_INCREMENT=5 DEFAULT CHARSET=utf8mb4 COLLATE=utf8mb4_unicode_ci COMMENT='Bảng chứa dữ liệu về các Chuyên mục (dùng để phân loại/phân nhóm Sản phẩm)';

-- Dumping data for table netashop.shop_categories: ~4 rows (approximately)
INSERT INTO `shop_categories` (`id`, `category_code`, `category_name`, `description`, `image`, `created_at`, `updated_at`) VALUES
	(1, 'DM001', 'Máy tính xách tay', 'Tất cả sản phẩm máy tính xách tay', 'categories/maytinhxachtay.jpg', NULL, NULL),
	(2, 'DM002', 'Điện thoại', 'Tất cả sản phẩm điện thoại thông minh', 'categories/dienthoai.jpg', NULL, NULL),
	(3, 'DM003', 'Máy ảnh', 'Máy ảnh và thiết bị chụp ảnh', 'categories/mayanh.jpg', NULL, NULL),
	(4, 'DM004', 'Máy tính bảng', 'Tất cả sản phẩm máy tính bảng', 'categories/maytinhtablet.jpg', NULL, NULL),
	(5, 'DM005', 'Tai nghe và loa', 'Tai nghe, loa Bluetooth các loại', 'categories/tainghevaloa.jpg', NULL, NULL),
	(6, 'DM006', 'Đồng hồ thông minh', 'Đồng hồ thông minh hỗ trợ sức khỏe', 'categories/donghothongminh.jpg', NULL, NULL),
	(7, 'DM007', 'Tivi', 'Tivi màn hình phẳng hiện đại', 'categories/tivi.jpg', NULL, NULL),
	(8, 'DM008', 'Đồ gia dụng lớn', 'Máy giặt, tủ lạnh các loại', 'categories/dogiadunglon.jpg', NULL, NULL),
	(9, 'DM009', 'Đồ gia dụng nhỏ', 'Bếp, máy xay, nồi chiên không dầu', 'categories/dogiadungnho.jpg', NULL, NULL),
	(10, 'DM010', 'Quạt và điều hòa', 'Quạt điều hòa và máy lạnh', 'categories/quatvadieuhoa.jpg', NULL, NULL),
	(11, 'DM011', 'Phụ kiện máy tính', 'Chuột, bàn phím, máy in', 'categories/phukienmaytinh.jpg', NULL, NULL),
	(12, 'DM012', 'Camera an ninh', 'Camera giám sát thông minh', 'categories/cameraanninh.jpg', NULL, NULL),
	(13, 'DM013', 'Máy hút bụi', 'Máy hút bụi và robot hút bụi', 'categories/mayhutbui.jpg', NULL, NULL),
	(14, 'DM014', 'Nội thất thông minh', 'Ghế, bàn làm việc thông minh', 'categories/noithatthongminh.jpg', NULL, NULL),
	(15, 'DM015', 'Máy pha cà phê', 'Máy pha cà phê gia đình', 'categories/mayphacaphe.jpg', NULL, NULL),
	(16, 'DM016', 'Đèn chiếu sáng', 'Đèn bàn, đèn ngủ thông minh', 'categories/denchieusang.jpg', NULL, NULL),
	(17, 'DM017', 'Thiết bị thể thao', 'Máy chạy bộ, xe đạp tập', 'categories/thietbithethao.jpg', NULL, NULL),
	(18, 'DM018', 'Túi xách và vali', 'Balo, vali kéo du lịch', 'categories/tuixachvavali.jpg', NULL, NULL),
	(19, 'DM019', 'Ổ cứng và lưu trữ', 'Ổ cứng SSD, HDD các loại', 'categories/ocungvaluutru.jpg', NULL, NULL),
	(20, 'DM020', 'Pin dự phòng', 'Pin sạc dự phòng dung lượng cao', 'categories/pinduphong.jpg', NULL, NULL),
	(21, 'DM021', 'Máy chiếu', 'Máy chiếu mini và chuyên nghiệp', 'categories/maychieu.jpg', NULL, NULL),
	(22, 'DM022', 'Dụng cụ sửa chữa', 'Máy khoan, bộ dụng cụ đa năng', 'categories/dungcusuachua.jpg', NULL, NULL),
	(23, 'DM023', 'Bình giữ nhiệt', 'Bình nước giữ nhiệt các loại', 'categories/binhgiunhiet.jpg', NULL, NULL),
	(24, 'DM024', 'Bộ bát đĩa', 'Bát đĩa gốm sứ cao cấp', 'categories/bobatdia.jpg', NULL, NULL),
	(25, 'DM025', 'Thiết bị cá nhân', 'Máy sấy tóc, đồ dùng cá nhân', 'categories/thietbicanhan.jpg', NULL, NULL);

-- Dumping structure for table netashop.shop_customers
CREATE TABLE IF NOT EXISTS `shop_customers` (
  `id` bigint(20) unsigned NOT NULL AUTO_INCREMENT,
  `username` varchar(191) NOT NULL COMMENT 'Tên đăng nhập',
  `password` varchar(500) NOT NULL COMMENT 'Mật khẩu (mặc định: customer@123)',
  `last_name` varchar(255) NOT NULL COMMENT 'Họ và tên lót',
  `first_name` varchar(255) NOT NULL COMMENT 'Tên',
  `gender` tinyint(4) NOT NULL DEFAULT 0 COMMENT 'Giới tính: #0: Nam; #1: Nữ',
  `email` varchar(191) NOT NULL COMMENT 'Email',
  `birthday` datetime DEFAULT NULL COMMENT 'Ngày sinh',
  `avatar` varchar(500) DEFAULT NULL COMMENT 'Ảnh đại diện',
  `code` varchar(255) NOT NULL COMMENT 'Mã CMND / CCCD',
  `company` varchar(255) DEFAULT NULL COMMENT 'Công ty',
  `phone` varchar(25) DEFAULT NULL COMMENT 'Số điện thoại',
  `billing_address` varchar(500) DEFAULT NULL COMMENT 'Địa chỉ Thanh toán',
  `shipping_address` varchar(500) DEFAULT NULL COMMENT 'Địa chỉ Giao hàng',
  `city` varchar(255) DEFAULT NULL COMMENT 'Thành phố',
  `state` varchar(255) DEFAULT NULL COMMENT 'Bang',
  `postal_code` varchar(15) DEFAULT NULL COMMENT 'Mã bưu chính',
  `country` varchar(255) DEFAULT NULL COMMENT 'Quốc gia',
  `remember_token` varchar(255) DEFAULT NULL COMMENT 'Token ghi nhớ đăng nhập',
  `activate_code` varchar(255) DEFAULT NULL COMMENT 'Mã kích hoạt',
  `status` tinyint(4) DEFAULT NULL COMMENT 'Trạng thái: #0: chưa kích hoạt; #1: đã kích hoạt',
  `created_at` timestamp NULL DEFAULT NULL COMMENT 'Ngày tạo mới',
  `updated_at` timestamp NULL DEFAULT NULL COMMENT 'Ngày cập nhật',
  PRIMARY KEY (`id`),
  UNIQUE KEY `username` (`username`),
  UNIQUE KEY `email` (`email`)
) ENGINE=InnoDB AUTO_INCREMENT=105 DEFAULT CHARSET=utf8mb4 COLLATE=utf8mb4_unicode_ci COMMENT='Bảng chứa dữ liệu về Khách hàng';

-- Dumping data for table netashop.shop_customers
INSERT INTO `shop_customers` (`id`, `username`, `password`, `last_name`, `first_name`, `gender`, `email`, `birthday`, `avatar`, `code`, `company`, `phone`, `billing_address`, `shipping_address`, `city`, `state`, `postal_code`, `country`, `remember_token`, `activate_code`, `status`, `created_at`, `updated_at`) VALUES
(1, 'btlan', '5f4dcc3b5aa765d61d8327deb882cf99', 'Bùi Thanh', 'Lan', 1, 'btlan@yahoo.com', '1969-06-05 08:00:00', NULL, '830939507', 'Công ty TNHH Lan Bùi', '0943-375-905', '63 Lý Thường Kiệt, Quận 4, TP Hồ Chí Minh', '63 Lý Thường Kiệt, Quận 4, TP Hồ Chí Minh', 'TP Hồ Chí Minh', '', '7094', 'Việt Nam', NULL, NULL, 1, '2023-09-10 10:15:30', NULL),
(2, 'tvtuan', '5f4dcc3b5aa765d61d8327deb882cf99', 'Tô Văn', 'Tuấn', 0, 'tvtuan@gmail.com', '1988-12-03 08:00:00', 'customers/avatars/tvtuan.jpg', '404064475', 'Công ty TNHH Tuấn Tô', '0993-255-361', '90 Hai Bà Trưng, Quận 6, Bắc Ninh', '90 Hai Bà Trưng, Quận 6, Bắc Ninh', 'Bắc Ninh', '', '7082', 'Việt Nam', NULL, NULL, 1, '2023-08-10 10:15:30', NULL),
(3, 'hthai', '5f4dcc3b5aa765d61d8327deb882cf99', 'Hoàng Thị', 'Hải', 1, 'hthai@vietmail.vn', '1969-01-11 08:00:00', NULL, '620207966', 'Công ty TNHH Hải Hoàng', '0973-205-684', '155 Điện Biên Phủ, Quận 9, Biên Hòa', '155 Điện Biên Phủ, Quận 9, Biên Hòa', 'Biên Hòa', '', '7072', 'Việt Nam', NULL, NULL, 1, '2023-05-10 10:15:30', NULL),
(4, 'nhlan', '5f4dcc3b5aa765d61d8327deb882cf99', 'Ngô Hữu', 'Lan', 1, 'nhlan@vietmail.vn', '1991-02-17 08:00:00', NULL, '604949747', 'Công ty TNHH Lan Ngô', '0933-182-490', '194 Điện Biên Phủ, Quận 11, Nha Trang', '194 Điện Biên Phủ, Quận 11, Nha Trang', 'Nha Trang', '', '7026', 'Việt Nam', NULL, NULL, 1, '2023-03-10 10:15:30', NULL),
(5, 'dmbinh', '5f4dcc3b5aa765d61d8327deb882cf99', 'Đặng Minh', 'Bình', 1, 'dmbinh@vietmail.vn', '1980-05-11 08:00:00', NULL, '777253361', 'Công ty TNHH Bình Đặng', '0993-184-316', '55 Điện Biên Phủ, Quận 11, Hà Nội', '55 Điện Biên Phủ, Quận 11, Hà Nội', 'Hà Nội', '', '7034', 'Việt Nam', NULL, NULL, 1, '2023-07-10 10:15:30', NULL),
(6, 'tbdung', '5f4dcc3b5aa765d61d8327deb882cf99', 'Tô Bảo', 'Dũng', 1, 'tbdung@outlook.com', '1971-04-17 08:00:00', 'customers/avatars/tbdung.jpg', '386305536', 'Công ty TNHH Dũng Tô', '0993-687-268', '131 Hai Bà Trưng, Quận 10, Hà Nội', '131 Hai Bà Trưng, Quận 10, Hà Nội', 'Hà Nội', '', '7062', 'Việt Nam', NULL, NULL, 1, '2023-06-10 10:15:30', NULL),
(7, 'bvtrang', '5f4dcc3b5aa765d61d8327deb882cf99', 'Bùi Văn', 'Trang', 0, 'bvtrang@outlook.com', '1998-06-18 08:00:00', NULL, '763818380', 'Công ty TNHH Trang Bùi', '0903-540-107', '126 Nguyễn Trãi, Quận 3, Hà Nội', '126 Nguyễn Trãi, Quận 3, Hà Nội', 'Hà Nội', '', '7042', 'Việt Nam', NULL, NULL, 1, '2023-06-10 10:15:30', NULL),
(8, 'hhan', '5f4dcc3b5aa765d61d8327deb882cf99', 'Hồ Hoài', 'An', 1, 'hhan@vietmail.vn', '1985-08-25 08:00:00', NULL, '244073960', 'Công ty TNHH An Hồ', '0963-595-138', '107 Hai Bà Trưng, Quận 1, Cần Thơ', '107 Hai Bà Trưng, Quận 1, Cần Thơ', 'Cần Thơ', '', '7048', 'Việt Nam', NULL, NULL, 1, '2023-10-10 10:15:30', NULL),
(9, 'tmbinh', '5f4dcc3b5aa765d61d8327deb882cf99', 'Tô Minh', 'Bình', 1, 'tmbinh@gmail.com', '2001-02-07 08:00:00', 'customers/avatars/tmbinh.jpg', '123554144', 'Công ty TNHH Bình Tô', '0933-455-200', '51 Nguyễn Trãi, Quận 1, Đà Nẵng', '51 Nguyễn Trãi, Quận 1, Đà Nẵng', 'Đà Nẵng', '', '7016', 'Việt Nam', NULL, NULL, 1, '2023-10-10 10:15:30', NULL),
(10, 'tmlan', '5f4dcc3b5aa765d61d8327deb882cf99', 'Tô Minh', 'Lan', 1, 'tmlan@outlook.com', '1984-12-16 08:00:00', NULL, '158652419', 'Công ty TNHH Lan Tô', '0943-722-999', '171 Lê Lợi, Quận 10, Hải Phòng', '171 Lê Lợi, Quận 10, Hải Phòng', 'Hải Phòng', '', '7043', 'Việt Nam', NULL, NULL, 1, '2023-10-10 10:15:30', NULL),
(11, 'ttchi', '5f4dcc3b5aa765d61d8327deb882cf99', 'Trần Thanh', 'Chi', 1, 'ttchi@outlook.com', '1994-04-27 08:00:00', NULL, '616893962', 'Công ty TNHH Chi Trần', '0973-268-554', '120 Lý Thường Kiệt, Quận 2, Đà Nẵng', '120 Lý Thường Kiệt, Quận 2, Đà Nẵng', 'Đà Nẵng', '', '7049', 'Việt Nam', NULL, NULL, 1, '2023-02-10 10:15:30', NULL),
(12, 'ngtuan', '5f4dcc3b5aa765d61d8327deb882cf99', 'Nguyễn Gia', 'Tuấn', 1, 'ngtuan@vietmail.vn', '2002-06-12 08:00:00', NULL, '565469200', 'Công ty TNHH Tuấn Nguyễn', '0953-851-931', '115 Lê Lợi, Quận 5, Hà Nội', '115 Lê Lợi, Quận 5, Hà Nội', 'Hà Nội', '', '7089', 'Việt Nam', NULL, NULL, 1, '2023-12-10 10:15:30', NULL),
(13, 'dtchi', '5f4dcc3b5aa765d61d8327deb882cf99', 'Đỗ Thanh', 'Chi', 1, 'dtchi@yahoo.com', '2001-07-22 08:00:00', 'customers/avatars/dtchi.jpg', '436557143', 'Công ty TNHH Chi Đỗ', '0943-483-219', '131 Lý Thường Kiệt, Quận 3, Đà Nẵng', '131 Lý Thường Kiệt, Quận 3, Đà Nẵng', 'Đà Nẵng', '', '7017', 'Việt Nam', NULL, NULL, 1, '2023-03-10 10:15:30', NULL),
(14, 'ptbinh', '5f4dcc3b5aa765d61d8327deb882cf99', 'Phạm Trọng', 'Bình', 1, 'ptbinh@outlook.com', '1983-11-15 08:00:00', NULL, '684824530', 'Công ty TNHH Bình Phạm', '0993-333-332', '37 Hai Bà Trưng, Quận 8, Vũng Tàu', '37 Hai Bà Trưng, Quận 8, Vũng Tàu', 'Vũng Tàu', '', '7018', 'Việt Nam', NULL, NULL, 1, '2023-05-10 10:15:30', NULL),
(15, 'hvchi', '5f4dcc3b5aa765d61d8327deb882cf99', 'Hồ Văn', 'Chi', 0, 'hvchi@gmail.com', '1996-10-14 08:00:00', 'customers/avatars/hvchi.jpg', '405083830', 'Công ty TNHH Chi Hồ', '0953-416-953', '84 Nguyễn Trãi, Quận 12, Nha Trang', '84 Nguyễn Trãi, Quận 12, Nha Trang', 'Nha Trang', '', '7085', 'Việt Nam', NULL, NULL, 1, '2023-01-10 10:15:30', NULL),
(16, 'nhchi', '5f4dcc3b5aa765d61d8327deb882cf99', 'Ngô Hữu', 'Chi', 1, 'nhchi@vietmail.vn', '1980-01-13 08:00:00', NULL, '501083918', 'Công ty TNHH Chi Ngô', '0953-232-156', '54 Điện Biên Phủ, Quận 11, Hải Phòng', '54 Điện Biên Phủ, Quận 11, Hải Phòng', 'Hải Phòng', '', '7016', 'Việt Nam', NULL, NULL, 1, '2023-08-10 10:15:30', NULL),
(17, 'ttquang', '5f4dcc3b5aa765d61d8327deb882cf99', 'Tô Thị', 'Quang', 1, 'ttquang@vietmail.vn', '1985-12-16 08:00:00', NULL, '859409585', 'Công ty TNHH Quang Tô', '0973-175-923', '102 Trần Hưng Đạo, Quận 7, Bắc Ninh', '102 Trần Hưng Đạo, Quận 7, Bắc Ninh', 'Bắc Ninh', '', '7079', 'Việt Nam', NULL, NULL, 1, '2023-09-10 10:15:30', NULL),
(18, 'phha', '5f4dcc3b5aa765d61d8327deb882cf99', 'Phạm Hoài', 'Hà', 1, 'phha@vietmail.vn', '2001-03-19 08:00:00', NULL, '250416967', 'Công ty TNHH Hà Phạm', '0903-647-833', '35 Điện Biên Phủ, Quận 12, Đà Nẵng', '35 Điện Biên Phủ, Quận 12, Đà Nẵng', 'Đà Nẵng', '', '7098', 'Việt Nam', NULL, NULL, 1, '2023-09-10 10:15:30', NULL),
(19, 'dtbinh', '5f4dcc3b5aa765d61d8327deb882cf99', 'Đỗ Trọng', 'Bình', 1, 'dtbinh@outlook.com', '1975-05-02 08:00:00', NULL, '322836136', 'Công ty TNHH Bình Đỗ', '0933-706-999', '184 Hai Bà Trưng, Quận 7, Vũng Tàu', '184 Hai Bà Trưng, Quận 7, Vũng Tàu', 'Vũng Tàu', '', '7087', 'Việt Nam', NULL, NULL, 1, '2023-08-10 10:15:30', NULL),
(20, 'dmlinh', '5f4dcc3b5aa765d61d8327deb882cf99', 'Đặng Minh', 'Linh', 1, 'dmlinh@vietmail.vn', '1970-12-04 08:00:00', NULL, '644088478', 'Công ty TNHH Linh Đặng', '0993-452-262', '69 Điện Biên Phủ, Quận 9, Vũng Tàu', '69 Điện Biên Phủ, Quận 9, Vũng Tàu', 'Vũng Tàu', '', '7058', 'Việt Nam', NULL, NULL, 1, '2023-05-10 10:15:30', NULL),
(21, 'hvtrang', '5f4dcc3b5aa765d61d8327deb882cf99', 'Hoàng Văn', 'Trang', 0, 'hvtrang@yahoo.com', '1995-05-18 08:00:00', NULL, '422395630', 'Công ty TNHH Trang Hoàng', '0933-221-579', '143 Điện Biên Phủ, Quận 9, Biên Hòa', '143 Điện Biên Phủ, Quận 9, Biên Hòa', 'Biên Hòa', '', '7092', 'Việt Nam', NULL, NULL, 1, '2023-10-10 10:15:30', NULL),
(22, 'hdngoc', '5f4dcc3b5aa765d61d8327deb882cf99', 'Hoàng Đức', 'Ngọc', 1, 'hdngoc@yahoo.com', '1997-04-08 08:00:00', NULL, '562506360', 'Công ty TNHH Ngọc Hoàng', '0963-596-602', '25 Lê Lợi, Quận 1, Biên Hòa', '25 Lê Lợi, Quận 1, Biên Hòa', 'Biên Hòa', '', '7080', 'Việt Nam', NULL, NULL, 1, '2023-10-10 10:15:30', NULL),
(23, 'ltquang', '5f4dcc3b5aa765d61d8327deb882cf99', 'Lê Thị', 'Quang', 1, 'ltquang@outlook.com', '1993-07-27 08:00:00', NULL, '621743760', 'Công ty TNHH Quang Lê', '0933-976-534', '120 Hai Bà Trưng, Quận 7, Biên Hòa', '120 Hai Bà Trưng, Quận 7, Biên Hòa', 'Biên Hòa', '', '7091', 'Việt Nam', NULL, NULL, 1, '2023-06-10 10:15:30', NULL),
(24, 'dvminh', '5f4dcc3b5aa765d61d8327deb882cf99', 'Đặng Văn', 'Minh', 0, 'dvminh@gmail.com', '1990-12-11 08:00:00', NULL, '906536054', 'Công ty TNHH Minh Đặng', '0953-389-662', '42 Lê Lợi, Quận 2, Nha Trang', '42 Lê Lợi, Quận 2, Nha Trang', 'Nha Trang', '', '7093', 'Việt Nam', NULL, NULL, 1, '2023-03-10 10:15:30', NULL),
(25, 'ttha', '5f4dcc3b5aa765d61d8327deb882cf99', 'Tôn Trọng', 'Hà', 1, 'ttha@yahoo.com', '1988-05-20 08:00:00', 'customers/avatars/ttha.jpg', '401039169', 'Công ty TNHH Hà Tôn', '0903-372-395', '155 Hai Bà Trưng, Quận 3, Hà Nội', '155 Hai Bà Trưng, Quận 3, Hà Nội', 'Hà Nội', '', '7084', 'Việt Nam', NULL, NULL, 1, '2023-08-10 10:15:30', NULL),
(26, 'nvminh', '5f4dcc3b5aa765d61d8327deb882cf99', 'Ngô Văn', 'Minh', 0, 'nvminh@outlook.com', '1970-06-18 08:00:00', 'customers/avatars/nvminh.jpg', '569692106', 'Công ty TNHH Minh Ngô', '0943-114-853', '96 Lê Lợi, Quận 9, Hải Phòng', '96 Lê Lợi, Quận 9, Hải Phòng', 'Hải Phòng', '', '7070', 'Việt Nam', NULL, NULL, 1, '2023-10-10 10:15:30', NULL),
(27, 'tblan', '5f4dcc3b5aa765d61d8327deb882cf99', 'Tôn Bảo', 'Lan', 1, 'tblan@yahoo.com', '1971-12-09 08:00:00', NULL, '676001542', 'Công ty TNHH Lan Tôn', '0993-889-247', '111 Nguyễn Trãi, Quận 1, Hải Phòng', '111 Nguyễn Trãi, Quận 1, Hải Phòng', 'Hải Phòng', '', '7017', 'Việt Nam', NULL, NULL, 1, '2023-03-10 10:15:30', NULL),
(28, 'nvlan', '5f4dcc3b5aa765d61d8327deb882cf99', 'Ngô Văn', 'Lan', 0, 'nvlan@outlook.com', '1966-03-09 08:00:00', NULL, '312768124', 'Công ty TNHH Lan Ngô', '0903-488-132', '200 Hai Bà Trưng, Quận 9, Đà Nẵng', '200 Hai Bà Trưng, Quận 9, Đà Nẵng', 'Đà Nẵng', '', '7043', 'Việt Nam', NULL, NULL, 1, '2023-01-10 10:15:30', NULL),
(29, 'dtchi2', '5f4dcc3b5aa765d61d8327deb882cf99', 'Dương Trọng', 'Chi', 1, 'dtchi2@yahoo.com', '1993-01-27 08:00:00', 'customers/avatars/dtchi2.jpg', '371352735', 'Công ty TNHH Chi Dương', '0993-947-666', '56 Nguyễn Trãi, Quận 2, Huế', '56 Nguyễn Trãi, Quận 2, Huế', 'Huế', '', '7013', 'Việt Nam', NULL, NULL, 1, '2023-05-10 10:15:30', NULL),
(30, 'ngha', '5f4dcc3b5aa765d61d8327deb882cf99', 'Ngô Gia', 'Hà', 1, 'ngha@outlook.com', '1983-02-28 08:00:00', NULL, '752115356', 'Công ty TNHH Hà Ngô', '0993-454-373', '41 Trần Hưng Đạo, Quận 11, TP Hồ Chí Minh', '41 Trần Hưng Đạo, Quận 11, TP Hồ Chí Minh', 'TP Hồ Chí Minh', '', '7042', 'Việt Nam', NULL, NULL, 1, '2023-04-10 10:15:30', NULL),
(31, 'ndlan', '5f4dcc3b5aa765d61d8327deb882cf99', 'Nguyễn Đức', 'Lan', 1, 'ndlan@gmail.com', '1999-11-18 08:00:00', 'customers/avatars/ndlan.jpg', '254353010', 'Công ty TNHH Lan Nguyễn', '0993-644-311', '183 Trần Hưng Đạo, Quận 5, Nha Trang', '183 Trần Hưng Đạo, Quận 5, Nha Trang', 'Nha Trang', '', '7016', 'Việt Nam', NULL, NULL, 1, '2023-12-10 10:15:30', NULL),
(32, 'tvbinh', '5f4dcc3b5aa765d61d8327deb882cf99', 'Tôn Văn', 'Bình', 0, 'tvbinh@outlook.com', '1965-03-28 08:00:00', NULL, '940818063', 'Công ty TNHH Bình Tôn', '0923-531-334', '192 Phan Chu Trinh, Quận 11, Vũng Tàu', '192 Phan Chu Trinh, Quận 11, Vũng Tàu', 'Vũng Tàu', '', '7091', 'Việt Nam', NULL, NULL, 1, '2023-04-10 10:15:30', NULL),
(33, 'dgngoc', '5f4dcc3b5aa765d61d8327deb882cf99', 'Dương Gia', 'Ngọc', 1, 'dgngoc@yahoo.com', '1992-11-19 08:00:00', NULL, '709997897', 'Công ty TNHH Ngọc Dương', '0923-867-843', '96 Lý Thường Kiệt, Quận 4, Bắc Ninh', '96 Lý Thường Kiệt, Quận 4, Bắc Ninh', 'Bắc Ninh', '', '7052', 'Việt Nam', NULL, NULL, 1, '2023-05-10 10:15:30', NULL),
(34, 'pdchi', '5f4dcc3b5aa765d61d8327deb882cf99', 'Phạm Đức', 'Chi', 1, 'pdchi@outlook.com', '1970-03-20 08:00:00', 'customers/avatars/pdchi.jpg', '714057503', 'Công ty TNHH Chi Phạm', '0903-477-268', '118 Lê Lợi, Quận 1, Đà Nẵng', '118 Lê Lợi, Quận 1, Đà Nẵng', 'Đà Nẵng', '', '7064', 'Việt Nam', NULL, NULL, 1, '2023-05-10 10:15:30', NULL),
(35, 'ntngoc', '5f4dcc3b5aa765d61d8327deb882cf99', 'Nguyễn Thị', 'Ngọc', 1, 'ntngoc@yahoo.com', '2000-11-21 08:00:00', 'customers/avatars/ntngoc.jpg', '253299886', 'Công ty TNHH Ngọc Nguyễn', '0903-298-679', '45 Phan Chu Trinh, Quận 1, Vũng Tàu', '45 Phan Chu Trinh, Quận 1, Vũng Tàu', 'Vũng Tàu', '', '7087', 'Việt Nam', NULL, NULL, 1, '2023-05-10 10:15:30', NULL),
(36, 'ptcuong', '5f4dcc3b5aa765d61d8327deb882cf99', 'Phạm Thanh', 'Cường', 1, 'ptcuong@gmail.com', '1996-09-26 08:00:00', NULL, '701440047', 'Công ty TNHH Cường Phạm', '0983-579-832', '185 Phan Chu Trinh, Quận 8, Cần Thơ', '185 Phan Chu Trinh, Quận 8, Cần Thơ', 'Cần Thơ', '', '7086', 'Việt Nam', NULL, NULL, 1, '2023-07-10 10:15:30', NULL),
(37, 'lhchi', '5f4dcc3b5aa765d61d8327deb882cf99', 'Lê Hữu', 'Chi', 1, 'lhchi@outlook.com', '1993-03-23 08:00:00', 'customers/avatars/lhchi.jpg', '555207938', 'Công ty TNHH Chi Lê', '0903-278-337', '75 Lê Lợi, Quận 6, Biên Hòa', '75 Lê Lợi, Quận 6, Biên Hòa', 'Biên Hòa', '', '7018', 'Việt Nam', NULL, NULL, 1, '2023-08-10 10:15:30', NULL),
(38, 'tgquang', '5f4dcc3b5aa765d61d8327deb882cf99', 'Tạ Gia', 'Quang', 1, 'tgquang@outlook.com', '1979-12-16 08:00:00', 'customers/avatars/tgquang.jpg', '644959986', 'Công ty TNHH Quang Tạ', '0983-413-817', '34 Hai Bà Trưng, Quận 4, Vũng Tàu', '34 Hai Bà Trưng, Quận 4, Vũng Tàu', 'Vũng Tàu', '', '7013', 'Việt Nam', NULL, NULL, 1, '2023-06-10 10:15:30', NULL),
(39, 'hvquang', '5f4dcc3b5aa765d61d8327deb882cf99', 'Hồ Văn', 'Quang', 0, 'hvquang@gmail.com', '1977-05-20 08:00:00', NULL, '814272611', 'Công ty TNHH Quang Hồ', '0923-244-350', '41 Điện Biên Phủ, Quận 7, Đà Nẵng', '41 Điện Biên Phủ, Quận 7, Đà Nẵng', 'Đà Nẵng', '', '7038', 'Việt Nam', NULL, NULL, 1, '2023-06-10 10:15:30', NULL),
(40, 'vtchi', '5f4dcc3b5aa765d61d8327deb882cf99', 'Võ Thanh', 'Chi', 1, 'vtchi@vietmail.vn', '1998-01-08 08:00:00', 'customers/avatars/vtchi.jpg', '326680363', 'Công ty TNHH Chi Võ', '0913-880-715', '175 Nguyễn Trãi, Quận 10, Huế', '175 Nguyễn Trãi, Quận 10, Huế', 'Huế', '', '7012', 'Việt Nam', NULL, NULL, 1, '2023-02-10 10:15:30', NULL),
(41, 'tvcuong', '5f4dcc3b5aa765d61d8327deb882cf99', 'Tôn Văn', 'Cường', 0, 'tvcuong@outlook.com', '1969-04-03 08:00:00', NULL, '537592126', 'Công ty TNHH Cường Tôn', '0993-340-795', '81 Phan Chu Trinh, Quận 2, Bắc Ninh', '81 Phan Chu Trinh, Quận 2, Bắc Ninh', 'Bắc Ninh', '', '7072', 'Việt Nam', NULL, NULL, 1, '2023-09-10 10:15:30', NULL),
(42, 'vgminh', '5f4dcc3b5aa765d61d8327deb882cf99', 'Võ Gia', 'Minh', 1, 'vgminh@gmail.com', '1979-05-18 08:00:00', 'customers/avatars/vgminh.jpg', '926241738', 'Công ty TNHH Minh Võ', '0903-633-311', '124 Lý Thường Kiệt, Quận 1, Biên Hòa', '124 Lý Thường Kiệt, Quận 1, Biên Hòa', 'Biên Hòa', '', '7058', 'Việt Nam', NULL, NULL, 1, '2023-05-10 10:15:30', NULL),
(43, 'phchi', '5f4dcc3b5aa765d61d8327deb882cf99', 'Phạm Hoài', 'Chi', 1, 'phchi@yahoo.com', '1990-08-16 08:00:00', 'customers/avatars/phchi.jpg', '983886959', 'Công ty TNHH Chi Phạm', '0933-486-850', '39 Hai Bà Trưng, Quận 11, Vũng Tàu', '39 Hai Bà Trưng, Quận 11, Vũng Tàu', 'Vũng Tàu', '', '7098', 'Việt Nam', NULL, NULL, 1, '2023-11-10 10:15:30', NULL),
(44, 'nvtuan', '5f4dcc3b5aa765d61d8327deb882cf99', 'Ngô Văn', 'Tuấn', 0, 'nvtuan@gmail.com', '1967-06-14 08:00:00', NULL, '209064867', 'Công ty TNHH Tuấn Ngô', '0923-392-259', '47 Phan Chu Trinh, Quận 9, Bắc Ninh', '47 Phan Chu Trinh, Quận 9, Bắc Ninh', 'Bắc Ninh', '', '7080', 'Việt Nam', NULL, NULL, 1, '2023-03-10 10:15:30', NULL),
(45, 'nvlan2', '5f4dcc3b5aa765d61d8327deb882cf99', 'Nguyễn Văn', 'Lan', 0, 'nvlan2@yahoo.com', '1977-01-18 08:00:00', 'customers/avatars/nvlan2.jpg', '550983573', 'Công ty TNHH Lan Nguyễn', '0943-201-144', '73 Nguyễn Trãi, Quận 3, Biên Hòa', '73 Nguyễn Trãi, Quận 3, Biên Hòa', 'Biên Hòa', '', '7030', 'Việt Nam', NULL, NULL, 1, '2023-05-10 10:15:30', NULL),
(46, 'pmhai', '5f4dcc3b5aa765d61d8327deb882cf99', 'Phạm Minh', 'Hải', 1, 'pmhai@gmail.com', '2005-08-24 08:00:00', 'customers/avatars/pmhai.jpg', '764852915', 'Công ty TNHH Hải Phạm', '0983-626-330', '41 Hai Bà Trưng, Quận 3, Biên Hòa', '41 Hai Bà Trưng, Quận 3, Biên Hòa', 'Biên Hòa', '', '7025', 'Việt Nam', NULL, NULL, 1, '2023-05-10 10:15:30', NULL),
(47, 'tttrang', '5f4dcc3b5aa765d61d8327deb882cf99', 'Tạ Thị', 'Trang', 1, 'tttrang@vietmail.vn', '1983-03-26 08:00:00', 'customers/avatars/tttrang.jpg', '355195364', 'Công ty TNHH Trang Tạ', '0923-649-586', '50 Nguyễn Trãi, Quận 10, Đà Nẵng', '50 Nguyễn Trãi, Quận 10, Đà Nẵng', 'Đà Nẵng', '', '7092', 'Việt Nam', NULL, NULL, 1, '2023-07-10 10:15:30', NULL),
(48, 'tbhai', '5f4dcc3b5aa765d61d8327deb882cf99', 'Tạ Bảo', 'Hải', 1, 'tbhai@yahoo.com', '2004-01-22 08:00:00', NULL, '894624070', 'Công ty TNHH Hải Tạ', '0933-770-961', '195 Trần Hưng Đạo, Quận 5, Hải Phòng', '195 Trần Hưng Đạo, Quận 5, Hải Phòng', 'Hải Phòng', '', '7018', 'Việt Nam', NULL, NULL, 1, '2023-01-10 10:15:30', NULL),
(49, 'hhphuong', '5f4dcc3b5aa765d61d8327deb882cf99', 'Hồ Hữu', 'Phương', 1, 'hhphuong@outlook.com', '1967-10-09 08:00:00', 'customers/avatars/hhphuong.jpg', '541010099', 'Công ty TNHH Phương Hồ', '0993-300-989', '145 Hai Bà Trưng, Quận 10, TP Hồ Chí Minh', '145 Hai Bà Trưng, Quận 10, TP Hồ Chí Minh', 'TP Hồ Chí Minh', '', '7097', 'Việt Nam', NULL, NULL, 1, '2023-03-10 10:15:30', NULL),
(50, 'thchi', '5f4dcc3b5aa765d61d8327deb882cf99', 'Tạ Hữu', 'Chi', 1, 'thchi@gmail.com', '1973-01-07 08:00:00', NULL, '191939625', 'Công ty TNHH Chi Tạ', '0963-749-796', '115 Nguyễn Trãi, Quận 11, Huế', '115 Nguyễn Trãi, Quận 11, Huế', 'Huế', '', '7036', 'Việt Nam', NULL, NULL, 1, '2023-04-10 10:15:30', NULL),
(51, 'dthai', '5f4dcc3b5aa765d61d8327deb882cf99', 'Dương Thanh', 'Hải', 1, 'dthai@outlook.com', '1986-05-13 08:00:00', NULL, '942621041', 'Công ty TNHH Hải Dương', '0993-857-660', '130 Trần Hưng Đạo, Quận 1, Bắc Ninh', '130 Trần Hưng Đạo, Quận 1, Bắc Ninh', 'Bắc Ninh', '', '7037', 'Việt Nam', NULL, NULL, 1, '2023-08-10 10:15:30', NULL),
(52, 'ttha2', '5f4dcc3b5aa765d61d8327deb882cf99', 'Tô Trọng', 'Hà', 1, 'ttha2@outlook.com', '2000-04-23 08:00:00', NULL, '187670857', 'Công ty TNHH Hà Tô', '0993-624-209', '134 Phan Chu Trinh, Quận 8, Đà Nẵng', '134 Phan Chu Trinh, Quận 8, Đà Nẵng', 'Đà Nẵng', '', '7040', 'Việt Nam', NULL, NULL, 1, '2023-11-10 10:15:30', NULL),
(53, 'dhngoc', '5f4dcc3b5aa765d61d8327deb882cf99', 'Dương Hữu', 'Ngọc', 1, 'dhngoc@gmail.com', '1999-01-10 08:00:00', NULL, '324709967', 'Công ty TNHH Ngọc Dương', '0993-752-408', '98 Nguyễn Trãi, Quận 9, Đà Nẵng', '98 Nguyễn Trãi, Quận 9, Đà Nẵng', 'Đà Nẵng', '', '7076', 'Việt Nam', NULL, NULL, 1, '2023-01-10 10:15:30', NULL),
(54, 'ndquang', '5f4dcc3b5aa765d61d8327deb882cf99', 'Ngô Đức', 'Quang', 1, 'ndquang@gmail.com', '1972-05-08 08:00:00', NULL, '118898135', 'Công ty TNHH Quang Ngô', '0983-860-500', '15 Trần Hưng Đạo, Quận 11, Bắc Ninh', '15 Trần Hưng Đạo, Quận 11, Bắc Ninh', 'Bắc Ninh', '', '7028', 'Việt Nam', NULL, NULL, 1, '2023-01-10 10:15:30', NULL),
(55, 'dhha', '5f4dcc3b5aa765d61d8327deb882cf99', 'Đặng Hoài', 'Hà', 1, 'dhha@vietmail.vn', '1987-03-24 08:00:00', NULL, '569589080', 'Công ty TNHH Hà Đặng', '0983-574-212', '126 Lê Lợi, Quận 1, Biên Hòa', '126 Lê Lợi, Quận 1, Biên Hòa', 'Biên Hòa', '', '7017', 'Việt Nam', NULL, NULL, 1, '2023-08-10 10:15:30', NULL),
(56, 'dtminh', '5f4dcc3b5aa765d61d8327deb882cf99', 'Dương Trọng', 'Minh', 1, 'dtminh@yahoo.com', '1968-08-04 08:00:00', NULL, '169989648', 'Công ty TNHH Minh Dương', '0993-559-652', '10 Nguyễn Trãi, Quận 8, Vũng Tàu', '10 Nguyễn Trãi, Quận 8, Vũng Tàu', 'Vũng Tàu', '', '7048', 'Việt Nam', NULL, NULL, 1, '2023-10-10 10:15:30', NULL),
(57, 'hvtrang2', '5f4dcc3b5aa765d61d8327deb882cf99', 'Hoàng Văn', 'Trang', 0, 'hvtrang2@vietmail.vn', '1970-03-08 08:00:00', 'customers/avatars/hvtrang2.jpg', '140717028', 'Công ty TNHH Trang Hoàng', '0963-288-567', '133 Phan Chu Trinh, Quận 10, Cần Thơ', '133 Phan Chu Trinh, Quận 10, Cần Thơ', 'Cần Thơ', '', '7096', 'Việt Nam', NULL, NULL, 1, '2023-03-10 10:15:30', NULL),
(58, 'htcuong', '5f4dcc3b5aa765d61d8327deb882cf99', 'Hồ Thanh', 'Cường', 1, 'htcuong@outlook.com', '1988-04-13 08:00:00', NULL, '883718303', 'Công ty TNHH Cường Hồ', '0993-793-748', '191 Lý Thường Kiệt, Quận 4, Hải Phòng', '191 Lý Thường Kiệt, Quận 4, Hải Phòng', 'Hải Phòng', '', '7050', 'Việt Nam', NULL, NULL, 1, '2023-09-10 10:15:30', NULL),
(59, 'tblinh', '5f4dcc3b5aa765d61d8327deb882cf99', 'Tôn Bảo', 'Linh', 1, 'tblinh@vietmail.vn', '1991-09-01 08:00:00', NULL, '698035758', 'Công ty TNHH Linh Tôn', '0923-961-724', '48 Điện Biên Phủ, Quận 7, Hà Nội', '48 Điện Biên Phủ, Quận 7, Hà Nội', 'Hà Nội', '', '7017', 'Việt Nam', NULL, NULL, 1, '2023-07-10 10:15:30', NULL),
(60, 'hhcuong', '5f4dcc3b5aa765d61d8327deb882cf99', 'Hồ Hoài', 'Cường', 1, 'hhcuong@gmail.com', '1976-09-16 08:00:00', 'customers/avatars/hhcuong.jpg', '431336593', 'Công ty TNHH Cường Hồ', '0953-700-745', '147 Lê Lợi, Quận 1, Nha Trang', '147 Lê Lợi, Quận 1, Nha Trang', 'Nha Trang', '', '7089', 'Việt Nam', NULL, NULL, 1, '2023-12-10 10:15:30', NULL),
(61, 'ntphuong', '5f4dcc3b5aa765d61d8327deb882cf99', 'Nguyễn Thị', 'Phương', 1, 'ntphuong@outlook.com', '1983-11-23 08:00:00', NULL, '702321737', 'Công ty TNHH Phương Nguyễn', '0953-324-979', '158 Nguyễn Trãi, Quận 4, Vũng Tàu', '158 Nguyễn Trãi, Quận 4, Vũng Tàu', 'Vũng Tàu', '', '7016', 'Việt Nam', NULL, NULL, 1, '2023-05-10 10:15:30', NULL),
(62, 'tglinh', '5f4dcc3b5aa765d61d8327deb882cf99', 'Trần Gia', 'Linh', 1, 'tglinh@yahoo.com', '1985-06-08 08:00:00', NULL, '566199474', 'Công ty TNHH Linh Trần', '0923-490-906', '22 Lý Thường Kiệt, Quận 10, Đà Nẵng', '22 Lý Thường Kiệt, Quận 10, Đà Nẵng', 'Đà Nẵng', '', '7052', 'Việt Nam', NULL, NULL, 1, '2023-12-10 10:15:30', NULL),
(63, 'ttbinh', '5f4dcc3b5aa765d61d8327deb882cf99', 'Tôn Thanh', 'Bình', 1, 'ttbinh@yahoo.com', '2005-04-02 08:00:00', NULL, '941867827', 'Công ty TNHH Bình Tôn', '0903-927-415', '179 Điện Biên Phủ, Quận 4, Hải Phòng', '179 Điện Biên Phủ, Quận 4, Hải Phòng', 'Hải Phòng', '', '7015', 'Việt Nam', NULL, NULL, 1, '2023-04-10 10:15:30', NULL),
(64, 'dbhai', '5f4dcc3b5aa765d61d8327deb882cf99', 'Đặng Bảo', 'Hải', 1, 'dbhai@outlook.com', '1991-07-21 08:00:00', NULL, '735348877', 'Công ty TNHH Hải Đặng', '0913-768-698', '169 Nguyễn Trãi, Quận 11, Hải Phòng', '169 Nguyễn Trãi, Quận 11, Hải Phòng', 'Hải Phòng', '', '7073', 'Việt Nam', NULL, NULL, 1, '2023-04-10 10:15:30', NULL),
(65, 'pbngoc', '5f4dcc3b5aa765d61d8327deb882cf99', 'Phạm Bảo', 'Ngọc', 1, 'pbngoc@gmail.com', '1989-10-26 08:00:00', 'customers/avatars/pbngoc.jpg', '362770051', 'Công ty TNHH Ngọc Phạm', '0903-733-751', '151 Nguyễn Trãi, Quận 5, Vũng Tàu', '151 Nguyễn Trãi, Quận 5, Vũng Tàu', 'Vũng Tàu', '', '7065', 'Việt Nam', NULL, NULL, 1, '2023-02-10 10:15:30', NULL),
(66, 'hgha', '5f4dcc3b5aa765d61d8327deb882cf99', 'Hoàng Gia', 'Hà', 1, 'hgha@outlook.com', '1999-01-20 08:00:00', NULL, '440652058', 'Công ty TNHH Hà Hoàng', '0973-336-466', '63 Phan Chu Trinh, Quận 6, Hải Phòng', '63 Phan Chu Trinh, Quận 6, Hải Phòng', 'Hải Phòng', '', '7073', 'Việt Nam', NULL, NULL, 1, '2023-01-10 10:15:30', NULL),
(67, 'bdlan', '5f4dcc3b5aa765d61d8327deb882cf99', 'Bùi Đức', 'Lan', 1, 'bdlan@outlook.com', '1972-01-03 08:00:00', NULL, '910353522', 'Công ty TNHH Lan Bùi', '0903-629-168', '68 Lý Thường Kiệt, Quận 8, Biên Hòa', '68 Lý Thường Kiệt, Quận 8, Biên Hòa', 'Biên Hòa', '', '7054', 'Việt Nam', NULL, NULL, 1, '2023-11-10 10:15:30', NULL),
(68, 'nhan', '5f4dcc3b5aa765d61d8327deb882cf99', 'Ngô Hoài', 'An', 1, 'nhan@vietmail.vn', '1978-04-25 08:00:00', NULL, '185348723', 'Công ty TNHH An Ngô', '0953-448-992', '154 Nguyễn Trãi, Quận 3, TP Hồ Chí Minh', '154 Nguyễn Trãi, Quận 3, TP Hồ Chí Minh', 'TP Hồ Chí Minh', '', '7054', 'Việt Nam', NULL, NULL, 1, '2023-09-10 10:15:30', NULL),
(69, 'ngha2', '5f4dcc3b5aa765d61d8327deb882cf99', 'Ngô Gia', 'Hà', 1, 'ngha2@gmail.com', '1974-08-23 08:00:00', NULL, '526567079', 'Công ty TNHH Hà Ngô', '0923-127-549', '151 Điện Biên Phủ, Quận 2, Cần Thơ', '151 Điện Biên Phủ, Quận 2, Cần Thơ', 'Cần Thơ', '', '7080', 'Việt Nam', NULL, NULL, 1, '2023-11-10 10:15:30', NULL),
(70, 'bvhai', '5f4dcc3b5aa765d61d8327deb882cf99', 'Bùi Văn', 'Hải', 0, 'bvhai@outlook.com', '1968-08-11 08:00:00', NULL, '261296542', 'Công ty TNHH Hải Bùi', '0983-410-718', '67 Lê Lợi, Quận 7, Vũng Tàu', '67 Lê Lợi, Quận 7, Vũng Tàu', 'Vũng Tàu', '', '7023', 'Việt Nam', NULL, NULL, 1, '2023-05-10 10:15:30', NULL),
(71, 'tdquang', '5f4dcc3b5aa765d61d8327deb882cf99', 'Tô Đức', 'Quang', 1, 'tdquang@yahoo.com', '1999-07-19 08:00:00', NULL, '129180680', 'Công ty TNHH Quang Tô', '0933-255-838', '19 Lê Lợi, Quận 11, Hải Phòng', '19 Lê Lợi, Quận 11, Hải Phòng', 'Hải Phòng', '', '7090', 'Việt Nam', NULL, NULL, 1, '2023-07-10 10:15:30', NULL),
(72, 'vhchi', '5f4dcc3b5aa765d61d8327deb882cf99', 'Võ Hữu', 'Chi', 1, 'vhchi@vietmail.vn', '1994-04-23 08:00:00', 'customers/avatars/vhchi.jpg', '697129247', 'Công ty TNHH Chi Võ', '0993-274-473', '79 Trần Hưng Đạo, Quận 11, Đà Nẵng', '79 Trần Hưng Đạo, Quận 11, Đà Nẵng', 'Đà Nẵng', '', '7049', 'Việt Nam', NULL, NULL, 1, '2023-03-10 10:15:30', NULL),
(73, 'dtan', '5f4dcc3b5aa765d61d8327deb882cf99', 'Đặng Thanh', 'An', 1, 'dtan@vietmail.vn', '2004-05-01 08:00:00', 'customers/avatars/dtan.jpg', '194013116', 'Công ty TNHH An Đặng', '0903-893-674', '41 Phan Chu Trinh, Quận 3, Vũng Tàu', '41 Phan Chu Trinh, Quận 3, Vũng Tàu', 'Vũng Tàu', '', '7037', 'Việt Nam', NULL, NULL, 1, '2023-09-10 10:15:30', NULL),
(74, 'phtuan', '5f4dcc3b5aa765d61d8327deb882cf99', 'Phạm Hữu', 'Tuấn', 1, 'phtuan@gmail.com', '1995-04-20 08:00:00', 'customers/avatars/phtuan.jpg', '482969987', 'Công ty TNHH Tuấn Phạm', '0963-871-516', '105 Lê Lợi, Quận 5, Biên Hòa', '105 Lê Lợi, Quận 5, Biên Hòa', 'Biên Hòa', '', '7065', 'Việt Nam', NULL, NULL, 1, '2023-12-10 10:15:30', NULL),
(75, 'tman', '5f4dcc3b5aa765d61d8327deb882cf99', 'Tạ Minh', 'An', 1, 'tman@yahoo.com', '2003-01-15 08:00:00', NULL, '118536656', 'Công ty TNHH An Tạ', '0903-116-236', '107 Lê Lợi, Quận 11, Cần Thơ', '107 Lê Lợi, Quận 11, Cần Thơ', 'Cần Thơ', '', '7027', 'Việt Nam', NULL, NULL, 1, '2023-05-10 10:15:30', NULL),
(76, 'phcuong', '5f4dcc3b5aa765d61d8327deb882cf99', 'Phạm Hữu', 'Cường', 1, 'phcuong@outlook.com', '1969-11-18 08:00:00', NULL, '877510798', 'Công ty TNHH Cường Phạm', '0963-415-482', '136 Lê Lợi, Quận 12, Đà Nẵng', '136 Lê Lợi, Quận 12, Đà Nẵng', 'Đà Nẵng', '', '7093', 'Việt Nam', NULL, NULL, 1, '2023-10-10 10:15:30', NULL),
(77, 'dban', '5f4dcc3b5aa765d61d8327deb882cf99', 'Dương Bảo', 'An', 1, 'dban@gmail.com', '1998-02-02 08:00:00', NULL, '239141200', 'Công ty TNHH An Dương', '0943-622-236', '166 Lý Thường Kiệt, Quận 10, TP Hồ Chí Minh', '166 Lý Thường Kiệt, Quận 10, TP Hồ Chí Minh', 'TP Hồ Chí Minh', '', '7044', 'Việt Nam', NULL, NULL, 1, '2023-09-10 10:15:30', NULL),
(78, 'hhminh', '5f4dcc3b5aa765d61d8327deb882cf99', 'Hoàng Hữu', 'Minh', 1, 'hhminh@vietmail.vn', '1971-03-11 08:00:00', NULL, '542780295', 'Công ty TNHH Minh Hoàng', '0923-490-337', '185 Lê Lợi, Quận 12, Đà Nẵng', '185 Lê Lợi, Quận 12, Đà Nẵng', 'Đà Nẵng', '', '7046', 'Việt Nam', NULL, NULL, 1, '2023-06-10 10:15:30', NULL),
(79, 'dhha2', '5f4dcc3b5aa765d61d8327deb882cf99', 'Đỗ Hữu', 'Hà', 1, 'dhha2@vietmail.vn', '1997-07-22 08:00:00', NULL, '845547514', 'Công ty TNHH Hà Đỗ', '0903-925-228', '165 Nguyễn Trãi, Quận 3, Vũng Tàu', '165 Nguyễn Trãi, Quận 3, Vũng Tàu', 'Vũng Tàu', '', '7075', 'Việt Nam', NULL, NULL, 1, '2023-02-10 10:15:30', NULL),
(80, 'tblan2', '5f4dcc3b5aa765d61d8327deb882cf99', 'Trần Bảo', 'Lan', 1, 'tblan2@outlook.com', '1996-07-10 08:00:00', NULL, '840892422', 'Công ty TNHH Lan Trần', '0933-152-985', '147 Trần Hưng Đạo, Quận 7, Vũng Tàu', '147 Trần Hưng Đạo, Quận 7, Vũng Tàu', 'Vũng Tàu', '', '7095', 'Việt Nam', NULL, NULL, 1, '2023-07-10 10:15:30', NULL),
(81, 'nmdung', '5f4dcc3b5aa765d61d8327deb882cf99', 'Ngô Minh', 'Dũng', 1, 'nmdung@outlook.com', '1968-07-26 08:00:00', 'customers/avatars/nmdung.jpg', '109731710', 'Công ty TNHH Dũng Ngô', '0943-147-386', '157 Lý Thường Kiệt, Quận 11, Bắc Ninh', '157 Lý Thường Kiệt, Quận 11, Bắc Ninh', 'Bắc Ninh', '', '7050', 'Việt Nam', NULL, NULL, 1, '2023-10-10 10:15:30', NULL),
(82, 'nmtuan', '5f4dcc3b5aa765d61d8327deb882cf99', 'Nguyễn Minh', 'Tuấn', 1, 'nmtuan@yahoo.com', '1981-05-07 08:00:00', NULL, '621827643', 'Công ty TNHH Tuấn Nguyễn', '0973-909-119', '200 Trần Hưng Đạo, Quận 8, Hà Nội', '200 Trần Hưng Đạo, Quận 8, Hà Nội', 'Hà Nội', '', '7047', 'Việt Nam', NULL, NULL, 1, '2023-03-10 10:15:30', NULL),
(83, 'bhminh', '5f4dcc3b5aa765d61d8327deb882cf99', 'Bùi Hoài', 'Minh', 1, 'bhminh@yahoo.com', '1975-11-13 08:00:00', NULL, '919385221', 'Công ty TNHH Minh Bùi', '0923-713-929', '31 Hai Bà Trưng, Quận 12, Biên Hòa', '31 Hai Bà Trưng, Quận 12, Biên Hòa', 'Biên Hòa', '', '7054', 'Việt Nam', NULL, NULL, 1, '2023-12-10 10:15:30', NULL),
(84, 'tgchi', '5f4dcc3b5aa765d61d8327deb882cf99', 'Tôn Gia', 'Chi', 1, 'tgchi@yahoo.com', '1990-03-15 08:00:00', NULL, '191250346', 'Công ty TNHH Chi Tôn', '0943-685-734', '196 Điện Biên Phủ, Quận 12, Nha Trang', '196 Điện Biên Phủ, Quận 12, Nha Trang', 'Nha Trang', '', '7090', 'Việt Nam', NULL, NULL, 1, '2023-03-10 10:15:30', NULL),
(85, 'ttha3', '5f4dcc3b5aa765d61d8327deb882cf99', 'Tạ Thị', 'Hà', 1, 'ttha3@yahoo.com', '2004-10-18 08:00:00', NULL, '382742988', 'Công ty TNHH Hà Tạ', '0953-987-485', '25 Điện Biên Phủ, Quận 11, Huế', '25 Điện Biên Phủ, Quận 11, Huế', 'Huế', '', '7046', 'Việt Nam', NULL, NULL, 1, '2023-02-10 10:15:30', NULL),
(86, 'pvha', '5f4dcc3b5aa765d61d8327deb882cf99', 'Phạm Văn', 'Hà', 0, 'pvha@vietmail.vn', '1991-02-27 08:00:00', NULL, '389503263', 'Công ty TNHH Hà Phạm', '0953-637-970', '186 Trần Hưng Đạo, Quận 11, TP Hồ Chí Minh', '186 Trần Hưng Đạo, Quận 11, TP Hồ Chí Minh', 'TP Hồ Chí Minh', '', '7065', 'Việt Nam', NULL, NULL, 1, '2023-05-10 10:15:30', NULL),
(87, 'tgcuong', '5f4dcc3b5aa765d61d8327deb882cf99', 'Tô Gia', 'Cường', 1, 'tgcuong@outlook.com', '2004-02-04 08:00:00', NULL, '871999607', 'Công ty TNHH Cường Tô', '0933-399-221', '46 Điện Biên Phủ, Quận 8, Nha Trang', '46 Điện Biên Phủ, Quận 8, Nha Trang', 'Nha Trang', '', '7077', 'Việt Nam', NULL, NULL, 1, '2023-06-10 10:15:30', NULL),
(88, 'dbminh', '5f4dcc3b5aa765d61d8327deb882cf99', 'Đặng Bảo', 'Minh', 1, 'dbminh@yahoo.com', '1987-04-20 08:00:00', NULL, '127795232', 'Công ty TNHH Minh Đặng', '0913-364-290', '90 Trần Hưng Đạo, Quận 10, Hà Nội', '90 Trần Hưng Đạo, Quận 10, Hà Nội', 'Hà Nội', '', '7080', 'Việt Nam', NULL, NULL, 1, '2023-09-10 10:15:30', NULL),
(89, 'ptchi', '5f4dcc3b5aa765d61d8327deb882cf99', 'Phạm Thanh', 'Chi', 1, 'ptchi@vietmail.vn', '1982-06-02 08:00:00', NULL, '437292397', 'Công ty TNHH Chi Phạm', '0963-559-636', '86 Phan Chu Trinh, Quận 1, Vũng Tàu', '86 Phan Chu Trinh, Quận 1, Vũng Tàu', 'Vũng Tàu', '', '7022', 'Việt Nam', NULL, NULL, 1, '2023-10-10 10:15:30', NULL),
(90, 'ldchi', '5f4dcc3b5aa765d61d8327deb882cf99', 'Lê Đức', 'Chi', 1, 'ldchi@outlook.com', '2003-11-16 08:00:00', 'customers/avatars/ldchi.jpg', '140551975', 'Công ty TNHH Chi Lê', '0943-530-237', '113 Điện Biên Phủ, Quận 4, Biên Hòa', '113 Điện Biên Phủ, Quận 4, Biên Hòa', 'Biên Hòa', '', '7018', 'Việt Nam', NULL, NULL, 1, '2023-09-10 10:15:30', NULL),
(91, 'dtngoc', '5f4dcc3b5aa765d61d8327deb882cf99', 'Đặng Thị', 'Ngọc', 1, 'dtngoc@outlook.com', '1978-04-03 08:00:00', NULL, '218027910', 'Công ty TNHH Ngọc Đặng', '0933-603-864', '24 Phan Chu Trinh, Quận 12, Huế', '24 Phan Chu Trinh, Quận 12, Huế', 'Huế', '', '7040', 'Việt Nam', NULL, NULL, 1, '2023-07-10 10:15:30', NULL),
(92, 'thtrang', '5f4dcc3b5aa765d61d8327deb882cf99', 'Tạ Hữu', 'Trang', 1, 'thtrang@vietmail.vn', '1996-12-10 08:00:00', 'customers/avatars/thtrang.jpg', '532780248', 'Công ty TNHH Trang Tạ', '0923-271-996', '14 Lê Lợi, Quận 4, Huế', '14 Lê Lợi, Quận 4, Huế', 'Huế', '', '7077', 'Việt Nam', NULL, NULL, 1, '2023-10-10 10:15:30', NULL),
(93, 'vtha', '5f4dcc3b5aa765d61d8327deb882cf99', 'Võ Thị', 'Hà', 1, 'vtha@vietmail.vn', '1998-04-05 08:00:00', 'customers/avatars/vtha.jpg', '437678194', 'Công ty TNHH Hà Võ', '0933-864-117', '102 Hai Bà Trưng, Quận 10, Huế', '102 Hai Bà Trưng, Quận 10, Huế', 'Huế', '', '7077', 'Việt Nam', NULL, NULL, 1, '2023-11-10 10:15:30', NULL),
(94, 'lbminh', '5f4dcc3b5aa765d61d8327deb882cf99', 'Lê Bảo', 'Minh', 1, 'lbminh@vietmail.vn', '1975-03-23 08:00:00', NULL, '784710880', 'Công ty TNHH Minh Lê', '0963-916-424', '146 Trần Hưng Đạo, Quận 9, Huế', '146 Trần Hưng Đạo, Quận 9, Huế', 'Huế', '', '7095', 'Việt Nam', NULL, NULL, 1, '2023-06-10 10:15:30', NULL),
(95, 'ntan', '5f4dcc3b5aa765d61d8327deb882cf99', 'Nguyễn Trọng', 'An', 1, 'ntan@outlook.com', '1989-02-22 08:00:00', 'customers/avatars/ntan.jpg', '490725704', 'Công ty TNHH An Nguyễn', '0973-332-881', '34 Hai Bà Trưng, Quận 4, Cần Thơ', '34 Hai Bà Trưng, Quận 4, Cần Thơ', 'Cần Thơ', '', '7093', 'Việt Nam', NULL, NULL, 1, '2023-07-10 10:15:30', NULL),
(96, 'bttrang', '5f4dcc3b5aa765d61d8327deb882cf99', 'Bùi Thanh', 'Trang', 1, 'bttrang@yahoo.com', '2003-12-26 08:00:00', NULL, '961085592', 'Công ty TNHH Trang Bùi', '0903-262-496', '84 Phan Chu Trinh, Quận 7, Hải Phòng', '84 Phan Chu Trinh, Quận 7, Hải Phòng', 'Hải Phòng', '', '7056', 'Việt Nam', NULL, NULL, 1, '2023-10-10 10:15:30', NULL),
(97, 'btha', '5f4dcc3b5aa765d61d8327deb882cf99', 'Bùi Trọng', 'Hà', 1, 'btha@gmail.com', '1969-10-10 08:00:00', 'customers/avatars/btha.jpg', '377951321', 'Công ty TNHH Hà Bùi', '0903-926-831', '103 Phan Chu Trinh, Quận 7, Huế', '103 Phan Chu Trinh, Quận 7, Huế', 'Huế', '', '7076', 'Việt Nam', NULL, NULL, 1, '2023-12-10 10:15:30', NULL),
(98, 'hvlan', '5f4dcc3b5aa765d61d8327deb882cf99', 'Hoàng Văn', 'Lan', 0, 'hvlan@vietmail.vn', '1995-06-04 08:00:00', NULL, '422000405', 'Công ty TNHH Lan Hoàng', '0993-964-481', '73 Phan Chu Trinh, Quận 1, Hải Phòng', '73 Phan Chu Trinh, Quận 1, Hải Phòng', 'Hải Phòng', '', '7066', 'Việt Nam', NULL, NULL, 1, '2023-04-10 10:15:30', NULL),
(99, 'bdphuong', '5f4dcc3b5aa765d61d8327deb882cf99', 'Bùi Đức', 'Phương', 1, 'bdphuong@vietmail.vn', '2003-11-12 08:00:00', NULL, '953850048', 'Công ty TNHH Phương Bùi', '0993-586-308', '126 Lê Lợi, Quận 3, TP Hồ Chí Minh', '126 Lê Lợi, Quận 3, TP Hồ Chí Minh', 'TP Hồ Chí Minh', '', '7030', 'Việt Nam', NULL, NULL, 1, '2023-02-10 10:15:30', NULL),
(100, 'thngoc', '5f4dcc3b5aa765d61d8327deb882cf99', 'Tô Hữu', 'Ngọc', 1, 'thngoc@gmail.com', '1965-07-16 08:00:00', NULL, '656399414', 'Công ty TNHH Ngọc Tô', '0953-545-542', '99 Phan Chu Trinh, Quận 11, TP Hồ Chí Minh', '99 Phan Chu Trinh, Quận 11, TP Hồ Chí Minh', 'TP Hồ Chí Minh', '', '7088', 'Việt Nam', NULL, NULL, 1, '2023-11-10 10:15:30', NULL),
(101, 'tgngoc', '5f4dcc3b5aa765d61d8327deb882cf99', 'Tạ Gia', 'Ngọc', 1, 'tgngoc@outlook.com', '1992-01-25 08:00:00', NULL, '910188347', 'Công ty TNHH Ngọc Tạ', '0933-828-341', '119 Điện Biên Phủ, Quận 5, Hà Nội', '119 Điện Biên Phủ, Quận 5, Hà Nội', 'Hà Nội', '', '7082', 'Việt Nam', NULL, NULL, 1, '2023-09-10 10:15:30', NULL),
(102, 'tvha', '5f4dcc3b5aa765d61d8327deb882cf99', 'Tạ Văn', 'Hà', 0, 'tvha@gmail.com', '1999-03-21 08:00:00', 'customers/avatars/tvha.jpg', '302951476', 'Công ty TNHH Hà Tạ', '0973-579-896', '196 Trần Hưng Đạo, Quận 2, Hà Nội', '196 Trần Hưng Đạo, Quận 2, Hà Nội', 'Hà Nội', '', '7048', 'Việt Nam', NULL, NULL, 1, '2023-11-10 10:15:30', NULL),
(103, 'tbphuong', '5f4dcc3b5aa765d61d8327deb882cf99', 'Tôn Bảo', 'Phương', 1, 'tbphuong@outlook.com', '1984-02-03 08:00:00', 'customers/avatars/tbphuong.jpg', '185337373', 'Công ty TNHH Phương Tôn', '0903-106-505', '119 Hai Bà Trưng, Quận 11, Vũng Tàu', '119 Hai Bà Trưng, Quận 11, Vũng Tàu', 'Vũng Tàu', '', '7050', 'Việt Nam', NULL, NULL, 1, '2023-07-10 10:15:30', NULL),
(104, 'htquang', '5f4dcc3b5aa765d61d8327deb882cf99', 'Hoàng Trọng', 'Quang', 1, 'htquang@yahoo.com', '1989-06-12 08:00:00', NULL, '796761224', 'Công ty TNHH Quang Hoàng', '0973-481-683', '81 Lý Thường Kiệt, Quận 7, Đà Nẵng', '81 Lý Thường Kiệt, Quận 7, Đà Nẵng', 'Đà Nẵng', '', '7088', 'Việt Nam', NULL, NULL, 1, '2023-03-10 10:15:30', NULL);


-- Dumping structure for table netashop.shop_customer_vouchers
CREATE TABLE IF NOT EXISTS `shop_customer_vouchers` (
  `id` bigint(20) unsigned NOT NULL AUTO_INCREMENT COMMENT 'Khóa chính',
  `customer_id` bigint(20) unsigned NOT NULL COMMENT 'Khách hàng nào?',
  `voucher_id` bigint(20) unsigned NOT NULL COMMENT 'Voucher nào áp dụng?',
  `created_at` timestamp NULL DEFAULT NULL COMMENT 'Ngày tạo mới',
  `updated_at` timestamp NULL DEFAULT NULL COMMENT 'Ngày cập nhật',
  PRIMARY KEY (`id`),
  KEY `FK_shop_customer_vouchers_shop_customers` (`customer_id`),
  KEY `FK_shop_customer_vouchers_shop_vouchers` (`voucher_id`),
  CONSTRAINT `FK_shop_customer_vouchers_shop_customers` FOREIGN KEY (`customer_id`) REFERENCES `shop_customers` (`id`),
  CONSTRAINT `FK_shop_customer_vouchers_shop_vouchers` FOREIGN KEY (`voucher_id`) REFERENCES `shop_vouchers` (`id`)
) ENGINE=InnoDB AUTO_INCREMENT=2 DEFAULT CHARSET=utf8mb4 COLLATE=utf8mb4_unicode_ci COMMENT='Table lưu thông tin Khách hàng nào được áp dụng Voucher nào?\r\nCó thể lập danh sách Khách hàng bằng cách:\r\n- Tạo chức năng tự động tạo Voucher cho Khách hàng thân thiết (mua nhiều hàng hóa trong năm, ...) khi đến sinh nhật của họ.\r\n- Người thân của Giám đốc ;)';

-- Dumping data for table netashop.shop_customer_vouchers: ~1 rows (approximately)
INSERT INTO `shop_customer_vouchers` (`id`, `customer_id`, `voucher_id`, `created_at`, `updated_at`) VALUES
	(1, 1, 2, '2020-02-17 09:08:01', NULL);

-- Dumping structure for table netashop.shop_exports
CREATE TABLE IF NOT EXISTS `shop_exports` (
  `id` bigint(20) unsigned NOT NULL AUTO_INCREMENT COMMENT 'Khóa chính',
  `store_id` bigint(20) unsigned NOT NULL COMMENT 'Xuất từ kho hàng nào?',
  `employee_id` bigint(20) unsigned NOT NULL COMMENT 'Nhân viên nào lập phiếu xuất?',
  `export_date` datetime NOT NULL COMMENT 'Ngày Xuất kho',
  `description` text DEFAULT NULL COMMENT 'Diễn giải, ghi chú xuất hàng',
  `order_id` bigint(20) unsigned DEFAULT NULL COMMENT 'Xuất cho đơn hàng nào?',
  `created_at` timestamp NULL DEFAULT NULL COMMENT 'Ngày tạo mới',
  `updated_at` timestamp NULL DEFAULT NULL COMMENT 'Ngày cập nhật',
  PRIMARY KEY (`id`) USING BTREE,
  KEY `FK_shop_exports_acl_users` (`employee_id`) USING BTREE,
  KEY `FK_shop_exports_shop_stores` (`store_id`) USING BTREE,
  KEY `FK_shop_exports_shop_orders` (`order_id`),
  CONSTRAINT `FK_shop_exports_acl_users` FOREIGN KEY (`employee_id`) REFERENCES `acl_users` (`id`),
  CONSTRAINT `FK_shop_exports_shop_orders` FOREIGN KEY (`order_id`) REFERENCES `shop_orders` (`id`),
  CONSTRAINT `FK_shop_exports_shop_stores` FOREIGN KEY (`store_id`) REFERENCES `shop_stores` (`id`)
) ENGINE=InnoDB AUTO_INCREMENT=4601 DEFAULT CHARSET=utf8mb4 COLLATE=utf8mb4_unicode_ci ROW_FORMAT=DYNAMIC COMMENT='Bảng chứa dữ liệu về các Phiếu Xuất';

-- Dumping data for table netashop.shop_exports: ~0 rows (approximately)

-- Dumping structure for table netashop.shop_export_details
CREATE TABLE IF NOT EXISTS `shop_export_details` (
  `id` bigint(20) unsigned NOT NULL AUTO_INCREMENT COMMENT 'Khóa chính',
  `export_id` bigint(20) unsigned NOT NULL COMMENT 'Thuộc phiếu Xuất nào?',
  `product_id` bigint(20) unsigned NOT NULL COMMENT 'Sản phẩm nào xuất đi?',
  `quantity` decimal(18,4) NOT NULL DEFAULT 0.0000 COMMENT 'Số lượng xuất',
  `unit_price` decimal(19,4) NOT NULL DEFAULT 0.0000 COMMENT 'Đơn giá xuất',
  `import_detail_id` bigint(20) unsigned NOT NULL DEFAULT 0 COMMENT 'Xuất từ chi tiết nhập kho nào?',
  PRIMARY KEY (`id`) USING BTREE,
  KEY `FK_shop_export_details_shop_exports` (`export_id`) USING BTREE,
  KEY `FK_shop_export_details_shop_products` (`product_id`) USING BTREE,
  KEY `FK_shop_export_details_shop_import_details` (`import_detail_id`),
  CONSTRAINT `FK_shop_export_details_shop_exports` FOREIGN KEY (`export_id`) REFERENCES `shop_exports` (`id`),
  CONSTRAINT `FK_shop_export_details_shop_import_details` FOREIGN KEY (`import_detail_id`) REFERENCES `shop_import_details` (`id`),
  CONSTRAINT `FK_shop_export_details_shop_products` FOREIGN KEY (`product_id`) REFERENCES `shop_products` (`id`)
) ENGINE=InnoDB DEFAULT CHARSET=utf8mb4 COLLATE=utf8mb4_unicode_ci COMMENT='Bảng chứa dữ liệu về các Sản phẩm được nhập trong Phiếu Nhập';

-- Dumping data for table netashop.shop_export_details: ~0 rows (approximately)

-- Dumping structure for table netashop.shop_imports
CREATE TABLE IF NOT EXISTS `shop_imports` (
  `id` bigint(20) unsigned NOT NULL AUTO_INCREMENT COMMENT 'Khóa chính',
  `store_id` bigint(20) unsigned NOT NULL COMMENT 'Thuộc kho hàng nào?',
  `employee_id` bigint(20) unsigned NOT NULL COMMENT 'Nhân viên nào lập phiếu nhập?',
  `import_date` datetime NOT NULL COMMENT 'Ngày Nhập kho',
  `created_at` timestamp NULL DEFAULT NULL COMMENT 'Ngày tạo mới',
  `updated_at` timestamp NULL DEFAULT NULL COMMENT 'Ngày cập nhật',
  PRIMARY KEY (`id`) USING BTREE,
  KEY `FK_shop_imports_acl_users` (`employee_id`),
  KEY `FK_shop_imports_shop_stores` (`store_id`),
  CONSTRAINT `FK_shop_imports_acl_users` FOREIGN KEY (`employee_id`) REFERENCES `acl_users` (`id`),
  CONSTRAINT `FK_shop_imports_shop_stores` FOREIGN KEY (`store_id`) REFERENCES `shop_stores` (`id`)
) ENGINE=InnoDB AUTO_INCREMENT=4601 DEFAULT CHARSET=utf8mb4 COLLATE=utf8mb4_unicode_ci ROW_FORMAT=DYNAMIC COMMENT='Bảng chứa dữ liệu về các Phiếu Nhập';

-- Dumping data for table netashop.shop_imports: ~0 rows (approximately)

-- Dumping structure for table netashop.shop_import_details
CREATE TABLE IF NOT EXISTS `shop_import_details` (
  `id` bigint(20) unsigned NOT NULL AUTO_INCREMENT COMMENT 'Khóa chính',
  `import_id` bigint(20) unsigned NOT NULL COMMENT 'Thuộc phiếu Nhập nào?',
  `product_id` bigint(20) unsigned NOT NULL COMMENT 'Sản phẩm nào nhập vào?',
  `quantity` decimal(18,4) NOT NULL DEFAULT 0.0000 COMMENT 'Số lượng nhập',
  `unit_price` decimal(19,4) NOT NULL DEFAULT 0.0000 COMMENT 'Đơn giá nhập',
  PRIMARY KEY (`id`),
  KEY `FK_shop_import_details_shop_imports` (`import_id`),
  KEY `FK_shop_import_details_shop_products` (`product_id`),
  CONSTRAINT `FK_shop_import_details_shop_imports` FOREIGN KEY (`import_id`) REFERENCES `shop_imports` (`id`),
  CONSTRAINT `FK_shop_import_details_shop_products` FOREIGN KEY (`product_id`) REFERENCES `shop_products` (`id`)
) ENGINE=InnoDB DEFAULT CHARSET=utf8mb4 COLLATE=utf8mb4_unicode_ci COMMENT='Bảng chứa dữ liệu về các Sản phẩm được nhập trong Phiếu Nhập';

-- Dumping data for table netashop.shop_import_details: ~0 rows (approximately)

-- Dumping structure for table netashop.shop_orders
CREATE TABLE IF NOT EXISTS `shop_orders` (
  `id` bigint(20) unsigned NOT NULL AUTO_INCREMENT COMMENT 'Khóa chính',
  `employee_id` bigint(20) unsigned NOT NULL COMMENT 'Thuộc nhân viên nào xử lý?',
  `customer_id` bigint(20) unsigned NOT NULL COMMENT 'Thuộc khách hàng nào?',
  `order_date` datetime NOT NULL COMMENT 'Ngày tạo Đơn hàng',
  `shipped_date` datetime DEFAULT NULL COMMENT 'Ngày giao hàng',
  `ship_name` varchar(50) NOT NULL COMMENT 'Họ tên Người giao hàng',
  `ship_address1` varchar(500) NOT NULL COMMENT 'Giao hàng đến Địa chỉ 1',
  `ship_address2` varchar(500) DEFAULT NULL COMMENT 'Giao hàng đến Địa chỉ 2',
  `ship_city` varchar(255) NOT NULL COMMENT 'Giao hàng đến Thành phố',
  `ship_state` varchar(255) DEFAULT NULL COMMENT 'Giao hàng đến Bang',
  `ship_postal_code` varchar(50) DEFAULT NULL COMMENT 'Giao hàng đến Mã bưu chính',
  `ship_country` varchar(255) NOT NULL COMMENT 'Giao hàng đến Quốc gia',
  `shipping_fee` decimal(19,4) NOT NULL DEFAULT 0.0000 COMMENT 'Phí giao hàng',
  `payment_type_id` bigint(20) unsigned NOT NULL DEFAULT 0 COMMENT 'Phương thức Thanh toán nào?',
  `paid_date` datetime DEFAULT NULL COMMENT 'Ngày thanh toán',
  `order_status` varchar(50) NOT NULL COMMENT 'Trạng thái: #New: mới tạo Đơn hàng -> #On Hold: đang xử lý -> #Shipped: đã giao hàng -> #Complete: đã hoàn tất đơn hàng (khách đã thanh toán và nhận hàng xong)',
  `created_at` timestamp NULL DEFAULT NULL COMMENT 'Ngày tạo mới',
  `updated_at` timestamp NULL DEFAULT NULL COMMENT 'Ngày cập nhật',
  PRIMARY KEY (`id`),
  KEY `FK_orders_employees` (`employee_id`),
  KEY `FK_orders_customers` (`customer_id`),
  KEY `FK_shop_orders_shop_payment_types` (`payment_type_id`),
  CONSTRAINT `FK_orders_customers` FOREIGN KEY (`customer_id`) REFERENCES `shop_customers` (`id`),
  CONSTRAINT `FK_orders_employees` FOREIGN KEY (`employee_id`) REFERENCES `acl_users` (`id`),
  CONSTRAINT `FK_shop_orders_shop_payment_types` FOREIGN KEY (`payment_type_id`) REFERENCES `shop_payment_types` (`id`)
) ENGINE=InnoDB AUTO_INCREMENT=4601 DEFAULT CHARSET=utf8mb4 COLLATE=utf8mb4_unicode_ci COMMENT='Bảng chứa dữ liệu về các Đơn hàng';

-- Dumping data for table netashop.shop_orders: ~600 rows (approximately)
-- shop_orders.sql
INSERT INTO `shop_orders` (`id`, `employee_id`, `customer_id`, `order_date`, `shipped_date`, `ship_name`, `ship_address1`, `ship_address2`, `ship_city`, `ship_state`, `ship_postal_code`, `ship_country`, `shipping_fee`, `payment_type_id`, `paid_date`, `order_status`, `created_at`, `updated_at`) VALUES
    (4001, 204, 40, '2025-01-15 00:00:00', '2025-02-10 00:00:00', 'Trần Văn Hùng', '93 Đường Số 1', NULL, 'Hà Nội', NULL, NULL, 'Việt Nam', 8.1400, 1, '2016-10-12 00:00:00', 'On Hold', '2025-01-10 00:00:00', NULL),
    (4002, 204, 95, '2025-02-03 00:00:00', '2025-03-01 00:00:00', 'Nguyễn Thị Lan', '46 Đường Hoa Sen', NULL, 'TP. Hồ Chí Minh', 'Virginia', '23459', 'Việt Nam', 1.5500, 3, '2016-06-27 00:00:00', 'Shipped', '2025-02-01 00:00:00', NULL),
    (4003, 218, 54, '2025-01-25 00:00:00', '2025-02-15 00:00:00', 'Lê Minh Tuấn', '23 Ngã Tư Mặt Trời', NULL, 'Đà Nẵng', NULL, NULL, 'Việt Nam', 2.2900, 4, '2016-09-27 00:00:00', 'On Hold', '2025-01-20 00:00:00', NULL),
    (4004, 204, 69, '2025-03-10 00:00:00', '2025-03-20 00:00:00', 'Phạm Thị Hồng', '4909 Đồi Gió', NULL, 'Cần Thơ', NULL, '29830-000', 'Việt Nam', 4.7700, 3, '2016-07-04 00:00:00', 'New', '2025-03-05 00:00:00', NULL),
    (4005, 215, 10, '2024-12-30 00:00:00', '2025-01-20 00:00:00', 'Hoàng Văn Nam', '7 Đường Số 7', NULL, 'Hải Phòng', NULL, NULL, 'Việt Nam', 8.7800, 3, '2016-03-22 00:00:00', 'On Hold', '2024-12-28 00:00:00', NULL),
    (4006, 211, 23, '2025-02-12 00:00:00', '2025-03-05 00:00:00', 'Vũ Thị Mai', '859 Quảng Trường Hòa Bình', NULL, 'Huế', NULL, NULL, 'Việt Nam', 9.4300, 4, '2016-08-21 00:00:00', 'New', '2025-02-10 00:00:00', NULL),
    (4007, 204, 92, '2025-01-05 00:00:00', '2025-02-01 00:00:00', 'Đỗ Thị Thu', '5 Trung Tâm Thành Phố', NULL, 'Nha Trang', NULL, '1358', 'Việt Nam', 3.2500, 4, '2016-03-24 00:00:00', 'Shipped', '2025-01-01 00:00:00', NULL),
    (4008, 205, 20, '2025-02-20 00:00:00', '2025-03-15 00:00:00', 'Bùi Văn Long', '99 Ngã Tư Công Viên', NULL, 'Vũng Tàu', NULL, NULL, 'Việt Nam', 7.0400, 3, '2016-09-02 00:00:00', 'On Hold', '2025-02-18 00:00:00', NULL),
    (4009, 219, 58, '2025-01-10 00:00:00', '2025-02-05 00:00:00', 'Trương Thị Ngọc', '907 Đường Hoàng Hôn', NULL, 'Đồng Nai', NULL, '39970-000', 'Việt Nam', 4.3500, 4, '2016-09-27 00:00:00', 'On Hold', '2025-01-08 00:00:00', NULL),
    (4010, 218, 57, '2025-03-01 00:00:00', '2025-03-25 00:00:00', 'Ngô Văn Hải', '0 Đường Chữ Thập', NULL, 'Quy Nhơn', 'Illinois', '60609', 'Việt Nam', 1.2300, 4, '2016-08-09 00:00:00', 'Complete', '2025-02-28 00:00:00', NULL),
    (4011, 207, 3, '2025-01-20 00:00:00', '2025-02-15 00:00:00', 'Trần Văn Tâm', '19 Đường Công Viên', NULL, 'Bình Dương', 'Rhône-Alpes', '69362 CEDEX 07', 'Việt Nam', 9.5700, 1, '2016-05-08 00:00:00', 'Complete', '2025-01-18 00:00:00', NULL),
    (4012, 210, 59, '2025-02-10 00:00:00', '2025-03-01 00:00:00', 'Nguyễn Thị Hương', '2 Đường Chim Én', NULL, 'Long An', NULL, NULL, 'Việt Nam', 9.0300, 4, '2016-04-23 00:00:00', 'On Hold', '2025-02-08 00:00:00', NULL),
    (4013, 204, 57, '2025-01-15 00:00:00', '2025-02-20 00:00:00', 'Lê Thị Ngọc', '1136 Hẻm Kênh', NULL, 'Vĩnh Long', 'Viana do Castelo', '4990-540', 'Việt Nam', 8.9000, 3, '2016-10-26 00:00:00', 'Shipped', '2025-01-10 00:00:00', NULL),
    (4014, 212, 26, '2025-03-05 00:00:00', '2025-03-25 00:00:00', 'Phạm Văn Dũng', '954 Đường Kropf', NULL, 'Tiền Giang', NULL, '14940-000', 'Việt Nam', 4.5700, 1, '2016-09-11 00:00:00', 'New', '2025-03-01 00:00:00', NULL),
    (4015, 201, 86, '2025-02-01 00:00:00', '2025-02-20 00:00:00', 'Hoàng Thị Mai', '89 Đường Cỏ', NULL, 'Bà Rịa', NULL, '8501', 'Việt Nam', 3.5300, 1, '2016-10-05 00:00:00', 'New', '2025-01-28 00:00:00', NULL),
    (4016, 208, 17, '2025-01-10 00:00:00', '2025-02-05 00:00:00', 'Vũ Văn Hùng', '27501 Ngã Tư Sommers', NULL, 'An Giang', NULL, NULL, 'Việt Nam', 6.8700, 1, '2017-01-08 00:00:00', 'Complete', '2025-01-08 00:00:00', NULL),
    (4017, 205, 73, '2025-02-15 00:00:00', '2025-03-10 00:00:00', 'Nguyễn Thị Thu', '1 Đại Lộ Công Viên', NULL, 'Kiên Giang', NULL, NULL, 'Việt Nam', 4.6700, 3, '2017-02-01 00:00:00', 'New', '2025-02-12 00:00:00', NULL),
    (4018, 213, 16, '2025-01-25 00:00:00', '2025-02-15 00:00:00', 'Trần Thị Lan', '98248 Đường Tony', NULL, 'Bạc Liêu', 'Québec', 'J9P', 'Việt Nam', 9.5200, 1, '2016-08-06 00:00:00', 'New', '2025-01-20 00:00:00', NULL),
    (4019, 209, 10, '2025-03-01 00:00:00', '2025-03-20 00:00:00', 'Lê Văn Nam', '3 Điểm Thương Mại', NULL, 'Sóc Trăng', NULL, '62-090', 'Việt Nam', 6.8000, 1, '2017-01-20 00:00:00', 'On Hold', '2025-02-28 00:00:00', NULL),
    (4020, 216, 1, '2025-02-05 00:00:00', '2025-03-01 00:00:00', 'Phạm Văn Tuấn', '15477 Đường Farwell', NULL, 'Trà Vinh', NULL, NULL, 'Việt Nam', 3.1700, 4, '2016-08-11 00:00:00', 'Complete', '2025-02-01 00:00:00', NULL),
    (4021, 214, 98, '2025-01-12 00:00:00', '2025-02-08 00:00:00', 'Nguyễn Văn Hòa', '78 Đường Sông', NULL, 'Hà Tĩnh', NULL, NULL, 'Việt Nam', 5.2300, 2, '2016-11-15 00:00:00', 'Shipped', '2025-01-10 00:00:00', NULL),
    (4022, 206, 45, '2025-02-18 00:00:00', '2025-03-12 00:00:00', 'Trần Thị Mai', '45 Đường Biển', NULL, 'Phú Yên', NULL, NULL, 'Việt Nam', 7.8900, 3, '2016-12-01 00:00:00', 'On Hold', '2025-02-15 00:00:00', NULL),
    (4023, 217, 33, '2025-01-08 00:00:00', '2025-02-03 00:00:00', 'Lê Văn Hùng', '12 Quảng Trường Mới', NULL, 'Quảng Nam', NULL, NULL, 'Việt Nam', 2.6700, 4, '2016-10-20 00:00:00', 'New', '2025-01-05 00:00:00', NULL),
    (4024, 203, 72, '2025-03-03 00:00:00', '2025-03-22 00:00:00', 'Phạm Thị Lan', '33 Đường Núi', NULL, 'Quảng Ngãi', NULL, NULL, 'Việt Nam', 6.4500, 1, '2016-09-05 00:00:00', 'Complete', '2025-03-01 00:00:00', NULL),
    (4025, 211, 19, '2025-02-07 00:00:00', '2025-03-03 00:00:00', 'Hoàng Văn Tuấn', '67 Đường Hồ', NULL, 'Bình Thuận', NULL, NULL, 'Việt Nam', 4.1200, 2, '2016-08-15 00:00:00', 'Shipped', '2025-02-05 00:00:00', NULL),
    (4026, 209, 88, '2025-01-18 00:00:00', '2025-02-12 00:00:00', 'Vũ Thị Hồng', '89 Đường Cầu', NULL, 'Lâm Đồng', NULL, NULL, 'Việt Nam', 3.8900, 3, '2016-07-20 00:00:00', 'On Hold', '2025-01-15 00:00:00', NULL),
    (4027, 204, 61, '2025-02-25 00:00:00', '2025-03-18 00:00:00', 'Nguyễn Văn Long', '101 Đường Sáng', NULL, 'Đắk Lắk', NULL, NULL, 'Việt Nam', 5.6700, 4, '2016-06-10 00:00:00', 'New', '2025-02-22 00:00:00', NULL),
    (4028, 215, 27, '2025-01-03 00:00:00', '2025-01-28 00:00:00', 'Trần Thị Ngọc', '23 Đường Rừng', NULL, 'Gia Lai', NULL, NULL, 'Việt Nam', 8.2300, 1, '2016-05-25 00:00:00', 'Complete', '2025-01-01 00:00:00', NULL),
    (4029, 208, 94, '2025-02-15 00:00:00', '2025-03-10 00:00:00', 'Lê Văn Hòa', '45 Đường Đồi', NULL, 'Kon Tum', NULL, NULL, 'Việt Nam', 7.4500, 2, '2016-04-15 00:00:00', 'Shipped', '2025-02-12 00:00:00', NULL),
    (4030, 206, 52, '2025-03-08 00:00:00', '2025-03-25 00:00:00', 'Phạm Văn Nam', '67 Đường Đồng', NULL, 'Ninh Thuận', NULL, NULL, 'Việt Nam', 3.1200, 3, '2016-03-10 00:00:00', 'On Hold', '2025-03-05 00:00:00', NULL),
    (4031, 211, 13, '2025-01-22 00:00:00', '2025-02-18 00:00:00', 'Hoàng Thị Lan', '89 Đường Sỏi', NULL, 'Phú Thọ', NULL, NULL, 'Việt Nam', 6.7800, 4, '2016-02-20 00:00:00', 'New', '2025-01-20 00:00:00', NULL),
    (4032, 209, 77, '2025-02-10 00:00:00', '2025-03-05 00:00:00', 'Vũ Văn Tuấn', '101 Đường Bờ', NULL, 'Yên Bái', NULL, NULL, 'Việt Nam', 5.3400, 1, '2016-01-15 00:00:00', 'Complete', '2025-02-08 00:00:00', NULL),
    (4033, 204, 36, '2025-01-15 00:00:00', '2025-02-10 00:00:00', 'Nguyễn Thị Mai', '23 Đường Gió', NULL, 'Lào Cai', NULL, NULL, 'Việt Nam', 4.8900, 2, '2015-12-20 00:00:00', 'Shipped', '2025-01-12 00:00:00', NULL),
    (4034, 215, 91, '2025-03-01 00:00:00', '2025-03-20 00:00:00', 'Trần Văn Dũng', '45 Đường Mây', NULL, 'Sơn La', NULL, NULL, 'Việt Nam', 7.2300, 3, '2015-11-10 00:00:00', 'On Hold', '2025-02-28 00:00:00', NULL),
    (4035, 208, 44, '2025-02-05 00:00:00', '2025-03-01 00:00:00', 'Lê Thị Hồng', '67 Đường Nắng', NULL, 'Hòa Bình', NULL, NULL, 'Việt Nam', 6.4500, 4, '2015-10-15 00:00:00', 'New', '2025-02-03 00:00:00', NULL),
    (4036, 206, 68, '2025-01-10 00:00:00', '2025-02-05 00:00:00', 'Phạm Văn Hòa', '89 Đường Sương', NULL, 'Thái Nguyên', NULL, NULL, 'Việt Nam', 3.7800, 1, '2015-09-20 00:00:00', 'Complete', '2025-01-08 00:00:00', NULL),
    (4037, 211, 22, '2025-02-20 00:00:00', '2025-03-15 00:00:00', 'Hoàng Thị Ngọc', '101 Đường Mưa', NULL, 'Bắc Giang', NULL, NULL, 'Việt Nam', 5.6700, 2, '2015-08-10 00:00:00', 'Shipped', '2025-02-18 00:00:00', NULL),
    (4038, 209, 85, '2025-01-25 00:00:00', '2025-02-20 00:00:00', 'Vũ Văn Long', '23 Đường Sao', NULL, 'Bắc Ninh', NULL, NULL, 'Việt Nam', 4.2300, 3, '2015-07-15 00:00:00', 'On Hold', '2025-01-22 00:00:00', NULL),
    (4039, 204, 39, '2025-03-05 00:00:00', '2025-03-25 00:00:00', 'Nguyễn Thị Thu', '45 Đường Trăng', NULL, 'Quảng Ninh', NULL, NULL, 'Việt Nam', 7.8900, 4, '2015-06-20 00:00:00', 'New', '2025-03-03 00:00:00', NULL),
    (4040, 215, 66, '2025-02-01 00:00:00', '2025-02-25 00:00:00', 'Trần Văn Nam', '67 Đường Hoa', NULL, 'Hà Nam', NULL, NULL, 'Việt Nam', 6.1200, 1, '2015-05-10 00:00:00', 'Complete', '2025-01-28 00:00:00', NULL),
    (4041, 208, 11, '2025-01-15 00:00:00', '2025-02-10 00:00:00', 'Lê Thị Mai', '89 Đường Lá', NULL, 'Nam Định', NULL, NULL, 'Việt Nam', 3.4500, 2, '2015-04-15 00:00:00', 'Shipped', '2025-01-12 00:00:00', NULL),
    (4042, 206, 74, '2025-02-10 00:00:00', '2025-03-05 00:00:00', 'Phạm Văn Tuấn', '101 Đường Cát', NULL, 'Thái Bình', NULL, NULL, 'Việt Nam', 5.6700, 3, '2015-03-20 00:00:00', 'On Hold', '2025-02-08 00:00:00', NULL),
    (4043, 211, 28, '2025-01-20 00:00:00', '2025-02-15 00:00:00', 'Hoàng Thị Lan', '23 Đường Đá', NULL, 'Hưng Yên', NULL, NULL, 'Việt Nam', 4.8900, 4, '2015-02-10 00:00:00', 'New', '2025-01-18 00:00:00', NULL),
    (4044, 209, 93, '2025-03-01 00:00:00', '2025-03-20 00:00:00', 'Vũ Văn Hòa', '45 Đường Gỗ', NULL, 'Vĩnh Phúc', NULL, NULL, 'Việt Nam', 7.2300, 1, '2015-01-15 00:00:00', 'Complete', '2025-02-28 00:00:00', NULL),
    (4045, 204, 47, '2025-02-05 00:00:00', '2025-03-01 00:00:00', 'Nguyễn Thị Hồng', '67 Đường Sắt', NULL, 'Bắc Kạn', NULL, NULL, 'Việt Nam', 6.4500, 2, '2014-12-20 00:00:00', 'Shipped', '2025-02-03 00:00:00', NULL),
    (4046, 215, 70, '2025-01-10 00:00:00', '2025-02-05 00:00:00', 'Trần Văn Long', '89 Đường Thép', NULL, 'Cao Bằng', NULL, NULL, 'Việt Nam', 3.7800, 3, '2014-11-10 00:00:00', 'On Hold', '2025-01-08 00:00:00', NULL),
    (4047, 208, 25, '2025-02-20 00:00:00', '2025-03-15 00:00:00', 'Lê Thị Ngọc', '101 Đường Đồng', NULL, 'Tuyên Quang', NULL, NULL, 'Việt Nam', 5.6700, 4, '2014-10-15 00:00:00', 'New', '2025-02-18 00:00:00', NULL),
    (4048, 206, 89, '2025-01-25 00:00:00', '2025-02-20 00:00:00', 'Phạm Văn Nam', '23 Đường Sỏi', NULL, 'Lai Châu', NULL, NULL, 'Việt Nam', 4.2300, 1, '2014-09-20 00:00:00', 'Complete', '2025-01-22 00:00:00', NULL),
    (4049, 211, 42, '2025-03-05 00:00:00', '2025-03-25 00:00:00', 'Hoàng Thị Thu', '45 Đường Bờ', NULL, 'Điện Biên', NULL, NULL, 'Việt Nam', 7.8900, 2, '2014-08-10 00:00:00', 'Shipped', '2025-03-03 00:00:00', NULL),
    (4050, 209, 96, '2025-02-01 00:00:00', '2025-02-25 00:00:00', 'Vũ Văn Tuấn', '67 Đường Gió', NULL, 'Hà Giang', NULL, NULL, 'Việt Nam', 6.1200, 3, '2014-07-15 00:00:00', 'On Hold', '2025-01-28 00:00:00', NULL),
    (4051, 204, 50, '2025-01-15 00:00:00', '2025-02-10 00:00:00', 'Nguyễn Thị Lan', '89 Đường Mây', NULL, 'Hà Nội', NULL, NULL, 'Việt Nam', 3.4500, 4, '2014-06-20 00:00:00', 'New', '2025-01-12 00:00:00', NULL),
    (4052, 215, 14, '2025-02-10 00:00:00', '2025-03-05 00:00:00', 'Trần Văn Hòa', '101 Đường Nắng', NULL, 'TP. Hồ Chí Minh', NULL, NULL, 'Việt Nam', 5.6700, 1, '2014-05-10 00:00:00', 'Complete', '2025-02-08 00:00:00', NULL),
    (4053, 208, 79, '2025-01-20 00:00:00', '2025-02-15 00:00:00', 'Lê Thị Mai', '23 Đường Sương', NULL, 'Đà Nẵng', NULL, NULL, 'Việt Nam', 4.8900, 2, '2014-04-15 00:00:00', 'Shipped', '2025-01-18 00:00:00', NULL),
    (4054, 206, 34, '2025-03-01 00:00:00', '2025-03-20 00:00:00', 'Phạm Văn Long', '45 Đường Mưa', NULL, 'Cần Thơ', NULL, NULL, 'Việt Nam', 7.2300, 3, '2014-03-20 00:00:00', 'On Hold', '2025-02-28 00:00:00', NULL),
    (4055, 211, 97, '2025-02-05 00:00:00', '2025-03-01 00:00:00', 'Hoàng Thị Hồng', '67 Đường Sao', NULL, 'Hải Phòng', NULL, NULL, 'Việt Nam', 6.4500, 4, '2014-02-10 00:00:00', 'New', '2025-02-03 00:00:00', NULL),
    (4056, 209, 51, '2025-01-10 00:00:00', '2025-02-05 00:00:00', 'Vũ Văn Nam', '89 Đường Trăng', NULL, 'Huế', NULL, NULL, 'Việt Nam', 3.7800, 1, '2014-01-15 00:00:00', 'Complete', '2025-01-08 00:00:00', NULL),
    (4057, 204, 16, '2025-02-20 00:00:00', '2025-03-15 00:00:00', 'Nguyễn Thị Thu', '101 Đường Hoa', NULL, 'Nha Trang', NULL, NULL, 'Việt Nam', 5.6700, 2, '2013-12-20 00:00:00', 'Shipped', '2025-02-18 00:00:00', NULL),
    (4058, 215, 80, '2025-01-25 00:00:00', '2025-02-20 00:00:00', 'Trần Văn Tuấn', '23 Đường Lá', NULL, 'Vũng Tàu', NULL, NULL, 'Việt Nam', 4.2300, 3, '2013-11-10 00:00:00', 'On Hold', '2025-01-22 00:00:00', NULL),
    (4059, 208, 35, '2025-03-05 00:00:00', '2025-03-25 00:00:00', 'Lê Thị Lan', '45 Đường Cát', NULL, 'Đồng Nai', NULL, NULL, 'Việt Nam', 7.8900, 4, '2013-10-15 00:00:00', 'New', '2025-03-03 00:00:00', NULL),
    (4060, 206, 99, '2025-02-01 00:00:00', '2025-02-25 00:00:00', 'Phạm Văn Hòa', '67 Đường Đá', NULL, 'Quy Nhơn', NULL, NULL, 'Việt Nam', 6.1200, 1, '2013-09-20 00:00:00', 'Complete', '2025-01-28 00:00:00', NULL),
    (4061, 211, 53, '2025-01-15 00:00:00', '2025-02-10 00:00:00', 'Hoàng Thị Mai', '89 Đường Cát', NULL, 'Bình Dương', NULL, NULL, 'Việt Nam', 3.4500, 2, '2013-08-10 00:00:00', 'Shipped', '2025-01-12 00:00:00', NULL),
    (4062, 209, 18, '2025-02-10 00:00:00', '2025-03-05 00:00:00', 'Vũ Văn Long', '101 Đường Đá', NULL, 'Long An', NULL, NULL, 'Việt Nam', 5.6700, 3, '2013-07-15 00:00:00', 'On Hold', '2025-02-08 00:00:00', NULL),
    (4063, 204, 82, '2025-01-20 00:00:00', '2025-02-15 00:00:00', 'Nguyễn Thị Ngọc', '23 Đường Gỗ', NULL, 'Vĩnh Long', NULL, NULL, 'Việt Nam', 4.8900, 4, '2013-06-20 00:00:00', 'New', '2025-01-18 00:00:00', NULL),
    (4064, 215, 37, '2025-03-01 00:00:00', '2025-03-20 00:00:00', 'Trần Văn Tuấn', '45 Đường Sắt', NULL, 'Tiền Giang', NULL, NULL, 'Việt Nam', 7.2300, 1, '2013-05-10 00:00:00', 'Complete', '2025-02-28 00:00:00', NULL),
    (4065, 208, 100, '2025-02-05 00:00:00', '2025-03-01 00:00:00', 'Lê Thị Thu', '67 Đường Thép', NULL, 'Bà Rịa', NULL, NULL, 'Việt Nam', 6.4500, 2, '2013-04-15 00:00:00', 'Shipped', '2025-02-03 00:00:00', NULL),
    (4066, 206, 54, '2025-01-10 00:00:00', '2025-02-05 00:00:00', 'Phạm Văn Nam', '89 Đường Đồng', NULL, 'An Giang', NULL, NULL, 'Việt Nam', 3.7800, 3, '2013-03-20 00:00:00', 'On Hold', '2025-01-08 00:00:00', NULL),
    (4067, 211, 19, '2025-02-20 00:00:00', '2025-03-15 00:00:00', 'Hoàng Thị Lan', '101 Đường Sỏi', NULL, 'Kiên Giang', NULL, NULL, 'Việt Nam', 5.6700, 4, '2013-02-10 00:00:00', 'New', '2025-02-18 00:00:00', NULL),
    (4068, 209, 83, '2025-01-25 00:00:00', '2025-02-20 00:00:00', 'Vũ Văn Hòa', '23 Đường Bờ', NULL, 'Bạc Liêu', NULL, NULL, 'Việt Nam', 4.2300, 1, '2013-01-15 00:00:00', 'Complete', '2025-01-22 00:00:00', NULL),
    (4069, 204, 38, '2025-03-05 00:00:00', '2025-03-25 00:00:00', 'Nguyễn Thị Hồng', '45 Đường Gió', NULL, 'Sóc Trăng', NULL, NULL, 'Việt Nam', 7.8900, 2, '2012-12-20 00:00:00', 'Shipped', '2025-03-03 00:00:00', NULL),
    (4070, 215, 92, '2025-02-01 00:00:00', '2025-02-25 00:00:00', 'Trần Văn Long', '67 Đường Mây', NULL, 'Trà Vinh', NULL, NULL, 'Việt Nam', 6.1200, 3, '2012-11-10 00:00:00', 'On Hold', '2025-01-28 00:00:00', NULL),
    (4071, 208, 47, '2025-01-15 00:00:00', '2025-02-10 00:00:00', 'Lê Thị Mai', '89 Đường Nắng', NULL, 'Hà Tĩnh', NULL, NULL, 'Việt Nam', 3.4500, 4, '2012-10-15 00:00:00', 'New', '2025-01-12 00:00:00', NULL),
    (4072, 206, 11, '2025-02-10 00:00:00', '2025-03-05 00:00:00', 'Phạm Văn Tuấn', '101 Đường Sương', NULL, 'Phú Yên', NULL, NULL, 'Việt Nam', 5.6700, 1, '2012-09-20 00:00:00', 'Complete', '2025-02-08 00:00:00', NULL),
    (4073, 211, 75, '2025-01-20 00:00:00', '2025-02-15 00:00:00', 'Hoàng Thị Ngọc', '23 Đường Mưa', NULL, 'Quảng Nam', NULL, NULL, 'Việt Nam', 4.8900, 2, '2012-08-10 00:00:00', 'Shipped', '2025-01-18 00:00:00', NULL),
    (4074, 209, 30, '2025-03-01 00:00:00', '2025-03-20 00:00:00', 'Vũ Văn Nam', '45 Đường Sao', NULL, 'Quảng Ngãi', NULL, NULL, 'Việt Nam', 7.2300, 3, '2012-07-15 00:00:00', 'On Hold', '2025-02-28 00:00:00', NULL),
    (4075, 204, 94, '2025-02-05 00:00:00', '2025-03-01 00:00:00', 'Nguyễn Thị Thu', '67 Đường Trăng', NULL, 'Bình Thuận', NULL, NULL, 'Việt Nam', 6.4500, 4, '2012-06-20 00:00:00', 'New', '2025-02-03 00:00:00', NULL),
    (4076, 215, 49, '2025-01-10 00:00:00', '2025-02-05 00:00:00', 'Trần Văn Hòa', '89 Đường Hoa', NULL, 'Lâm Đồng', NULL, NULL, 'Việt Nam', 3.7800, 1, '2012-05-10 00:00:00', 'Complete', '2025-01-08 00:00:00', NULL),
    (4077, 208, 13, '2025-02-20 00:00:00', '2025-03-15 00:00:00', 'Lê Thị Lan', '101 Đường Lá', NULL, 'Đắk Lắk', NULL, NULL, 'Việt Nam', 5.6700, 2, '2012-04-15 00:00:00', 'Shipped', '2025-02-18 00:00:00', NULL),
    (4078, 206, 77, '2025-01-25 00:00:00', '2025-02-20 00:00:00', 'Phạm Văn Long', '23 Đường Cát', NULL, 'Gia Lai', NULL, NULL, 'Việt Nam', 4.2300, 3, '2012-03-20 00:00:00', 'On Hold', '2025-01-22 00:00:00', NULL),
    (4079, 211, 32, '2025-03-05 00:00:00', '2025-03-25 00:00:00', 'Hoàng Thị Hồng', '45 Đường Đá', NULL, 'Kon Tum', NULL, NULL, 'Việt Nam', 7.8900, 4, '2012-02-10 00:00:00', 'New', '2025-03-03 00:00:00', NULL),
    (4080, 209, 96, '2025-02-01 00:00:00', '2025-02-25 00:00:00', 'Vũ Văn Tuấn', '67 Đường Gỗ', NULL, 'Ninh Thuận', NULL, NULL, 'Việt Nam', 6.1200, 1, '2012-01-15 00:00:00', 'Complete', '2025-01-28 00:00:00', NULL),
    (4081, 204, 51, '2025-01-15 00:00:00', '2025-02-10 00:00:00', 'Nguyễn Thị Mai', '89 Đường Sắt', NULL, 'Phú Thọ', NULL, NULL, 'Việt Nam', 3.4500, 2, '2011-12-20 00:00:00', 'Shipped', '2025-01-12 00:00:00', NULL),
    (4082, 215, 15, '2025-02-10 00:00:00', '2025-03-05 00:00:00', 'Trần Văn Nam', '101 Đường Thép', NULL, 'Yên Bái', NULL, NULL, 'Việt Nam', 5.6700, 3, '2011-11-10 00:00:00', 'On Hold', '2025-02-08 00:00:00', NULL),
    (4083, 208, 79, '2025-01-20 00:00:00', '2025-02-15 00:00:00', 'Lê Thị Thu', '23 Đường Đồng', NULL, 'Lào Cai', NULL, NULL, 'Việt Nam', 4.8900, 4, '2011-10-15 00:00:00', 'New', '2025-01-18 00:00:00', NULL),
    (4084, 206, 34, '2025-03-01 00:00:00', '2025-03-20 00:00:00', 'Phạm Văn Hòa', '45 Đường Sỏi', NULL, 'Sơn La', NULL, NULL, 'Việt Nam', 7.2300, 1, '2011-09-20 00:00:00', 'Complete', '2025-02-28 00:00:00', NULL),
    (4085, 211, 98, '2025-02-05 00:00:00', '2025-03-01 00:00:00', 'Hoàng Thị Lan', '67 Đường Bờ', NULL, 'Hòa Bình', NULL, NULL, 'Việt Nam', 6.4500, 2, '2011-08-10 00:00:00', 'Shipped', '2025-02-03 00:00:00', NULL),
    (4086, 209, 53, '2025-01-10 00:00:00', '2025-02-05 00:00:00', 'Vũ Văn Long', '89 Đường Gió', NULL, 'Thái Nguyên', NULL, NULL, 'Việt Nam', 3.7800, 3, '2011-07-15 00:00:00', 'On Hold', '2025-01-08 00:00:00', NULL),
    (4087, 204, 17, '2025-02-20 00:00:00', '2025-03-15 00:00:00', 'Nguyễn Thị Hồng', '101 Đường Mây', NULL, 'Bắc Giang', NULL, NULL, 'Việt Nam', 5.6700, 4, '2011-06-20 00:00:00', 'New', '2025-02-18 00:00:00', NULL),
    (4088, 215, 81, '2025-01-25 00:00:00', '2025-02-20 00:00:00', 'Trần Văn Tuấn', '23 Đường Nắng', NULL, 'Bắc Ninh', NULL, NULL, 'Việt Nam', 4.2300, 1, '2011-05-10 00:00:00', 'Complete', '2025-01-22 00:00:00', NULL),
    (4089, 208, 36, '2025-03-05 00:00:00', '2025-03-25 00:00:00', 'Lê Thị Mai', '45 Đường Sương', NULL, 'Quảng Ninh', NULL, NULL, 'Việt Nam', 7.8900, 2, '2011-04-15 00:00:00', 'Shipped', '2025-03-03 00:00:00', NULL),
    (4090, 206, 100, '2025-02-01 00:00:00', '2025-02-25 00:00:00', 'Phạm Văn Nam', '67 Đường Mưa', NULL, 'Hà Nam', NULL, NULL, 'Việt Nam', 6.1200, 3, '2011-03-20 00:00:00', 'On Hold', '2025-01-28 00:00:00', NULL),
    (4091, 211, 55, '2025-01-15 00:00:00', '2025-02-10 00:00:00', 'Hoàng Thị Thu', '89 Đường Sao', NULL, 'Nam Định', NULL, NULL, 'Việt Nam', 3.4500, 4, '2011-02-10 00:00:00', 'New', '2025-01-12 00:00:00', NULL),
    (4092, 209, 20, '2025-02-10 00:00:00', '2025-03-05 00:00:00', 'Vũ Văn Hòa', '101 Đường Trăng', NULL, 'Thái Bình', NULL, NULL, 'Việt Nam', 5.6700, 1, '2011-01-15 00:00:00', 'Complete', '2025-02-08 00:00:00', NULL),
    (4093, 204, 84, '2025-01-20 00:00:00', '2025-02-15 00:00:00', 'Nguyễn Thị Lan', '23 Đường Hoa', NULL, 'Hưng Yên', NULL, NULL, 'Việt Nam', 4.8900, 2, '2010-12-20 00:00:00', 'Shipped', '2025-01-18 00:00:00', NULL),
    (4094, 215, 39, '2025-03-01 00:00:00', '2025-03-20 00:00:00', 'Trần Văn Long', '45 Đường Lá', NULL, 'Vĩnh Phúc', NULL, NULL, 'Việt Nam', 7.2300, 3, '2010-11-10 00:00:00', 'On Hold', '2025-02-28 00:00:00', NULL),
    (4095, 208, 93, '2025-02-05 00:00:00', '2025-03-01 00:00:00', 'Lê Thị Hồng', '67 Đường Cát', NULL, 'Bắc Kạn', NULL, NULL, 'Việt Nam', 6.4500, 4, '2010-10-15 00:00:00', 'New', '2025-02-03 00:00:00', NULL),
    (4096, 206, 48, '2025-01-10 00:00:00', '2025-02-05 00:00:00', 'Phạm Văn Tuấn', '89 Đường Đá', NULL, 'Cao Bằng', NULL, NULL, 'Việt Nam', 3.7800, 1, '2010-09-20 00:00:00', 'Complete', '2025-01-08 00:00:00', NULL),
    (4097, 211, 12, '2025-02-20 00:00:00', '2025-03-15 00:00:00', 'Hoàng Thị Mai', '101 Đường Gỗ', NULL, 'Tuyên Quang', NULL, NULL, 'Việt Nam', 5.6700, 2, '2010-08-10 00:00:00', 'Shipped', '2025-02-18 00:00:00', NULL),
    (4098, 209, 76, '2025-01-25 00:00:00', '2025-02-20 00:00:00', 'Vũ Văn Nam', '23 Đường Sắt', NULL, 'Lai Châu', NULL, NULL, 'Việt Nam', 4.2300, 3, '2010-07-15 00:00:00', 'On Hold', '2025-01-22 00:00:00', NULL),
    (4099, 204, 31, '2025-03-05 00:00:00', '2025-03-25 00:00:00', 'Nguyễn Thị Thu', '45 Đường Thép', NULL, 'Điện Biên', NULL, NULL, 'Việt Nam', 7.8900, 4, '2010-06-20 00:00:00', 'New', '2025-03-03 00:00:00', NULL),
    (4100, 215, 95, '2025-02-01 00:00:00', '2025-02-25 00:00:00', 'Trần Văn Hòa', '67 Đường Đồng', NULL, 'Hà Giang', NULL, NULL, 'Việt Nam', 6.1200, 1, '2010-05-10 00:00:00', 'Complete', '2025-01-28 00:00:00', NULL),
    (4101, 208, 50, '2025-01-15 00:00:00', '2025-02-10 00:00:00', 'Lê Thị Lan', '89 Đường Sỏi', NULL, 'Hà Nội', NULL, NULL, 'Việt Nam', 3.4500, 2, '2010-04-15 00:00:00', 'Shipped', '2025-01-12 00:00:00', NULL),
    (4102, 206, 14, '2025-02-10 00:00:00', '2025-03-05 00:00:00', 'Phạm Văn Long', '101 Đường Bờ', NULL, 'TP. Hồ Chí Minh', NULL, NULL, 'Việt Nam', 5.6700, 3, '2010-03-20 00:00:00', 'On Hold', '2025-02-08 00:00:00', NULL),
    (4103, 211, 78, '2025-01-20 00:00:00', '2025-02-15 00:00:00', 'Hoàng Thị Hồng', '23 Đường Gió', NULL, 'Đà Nẵng', NULL, NULL, 'Việt Nam', 4.8900, 4, '2010-02-10 00:00:00', 'New', '2025-01-18 00:00:00', NULL),
    (4104, 209, 33, '2025-03-01 00:00:00', '2025-03-20 00:00:00', 'Vũ Văn Tuấn', '45 Đường Mây', NULL, 'Cần Thơ', NULL, NULL, 'Việt Nam', 7.2300, 1, '2010-01-15 00:00:00', 'Complete', '2025-02-28 00:00:00', NULL),
    (4105, 204, 97, '2025-02-05 00:00:00', '2025-03-01 00:00:00', 'Nguyễn Thị Mai', '67 Đường Nắng', NULL, 'Hải Phòng', NULL, NULL, 'Việt Nam', 6.4500, 2, '2009-12-20 00:00:00', 'Shipped', '2025-02-03 00:00:00', NULL),
    (4106, 215, 52, '2025-01-10 00:00:00', '2025-02-05 00:00:00', 'Trần Văn Nam', '89 Đường Sương', NULL, 'Huế', NULL, NULL, 'Việt Nam', 3.7800, 3, '2009-11-10 00:00:00', 'On Hold', '2025-01-08 00:00:00', NULL),
    (4107, 208, 16, '2025-02-20 00:00:00', '2025-03-15 00:00:00', 'Lê Thị Thu', '101 Đường Mưa', NULL, 'Nha Trang', NULL, NULL, 'Việt Nam', 5.6700, 4, '2009-10-15 00:00:00', 'New', '2025-02-18 00:00:00', NULL),
    (4108, 206, 80, '2025-01-25 00:00:00', '2025-02-20 00:00:00', 'Phạm Văn Hòa', '23 Đường Sao', NULL, 'Vũng Tàu', NULL, NULL, 'Việt Nam', 4.2300, 1, '2009-09-20 00:00:00', 'Complete', '2025-01-22 00:00:00', NULL),
    (4109, 211, 35, '2025-03-05 00:00:00', '2025-03-25 00:00:00', 'Hoàng Thị Lan', '45 Đường Trăng', NULL, 'Đồng Nai', NULL, NULL, 'Việt Nam', 7.8900, 2, '2009-08-10 00:00:00', 'Shipped', '2025-03-03 00:00:00', NULL),
    (4110, 209, 99, '2025-02-01 00:00:00', '2025-02-25 00:00:00', 'Vũ Văn Long', '67 Đường Hoa', NULL, 'Quy Nhơn', NULL, NULL, 'Việt Nam', 6.1200, 3, '2009-07-15 00:00:00', 'On Hold', '2025-01-28 00:00:00', NULL),
    (4111, 204, 54, '2025-01-15 00:00:00', '2025-02-10 00:00:00', 'Nguyễn Thị Hồng', '89 Đường Lá', NULL, 'Bình Dương', NULL, NULL, 'Việt Nam', 3.4500, 4, '2009-06-20 00:00:00', 'New', '2025-01-12 00:00:00', NULL),
    (4112, 215, 19, '2025-02-10 00:00:00', '2025-03-05 00:00:00', 'Trần Văn Tuấn', '101 Đường Cát', NULL, 'Long An', NULL, NULL, 'Việt Nam', 5.6700, 1, '2009-05-10 00:00:00', 'Complete', '2025-02-08 00:00:00', NULL),
    (4113, 208, 83, '2025-01-20 00:00:00', '2025-02-15 00:00:00', 'Lê Thị Mai', '23 Đường Đá', NULL, 'Vĩnh Long', NULL, NULL, 'Việt Nam', 4.8900, 2, '2009-04-15 00:00:00', 'Shipped', '2025-01-18 00:00:00', NULL),
    (4114, 206, 38, '2025-03-01 00:00:00', '2025-03-20 00:00:00', 'Phạm Văn Nam', '45 Đường Gỗ', NULL, 'Tiền Giang', NULL, NULL, 'Việt Nam', 7.2300, 3, '2009-03-20 00:00:00', 'On Hold', '2025-02-28 00:00:00', NULL),
    (4115, 211, 92, '2025-02-05 00:00:00', '2025-03-01 00:00:00', 'Hoàng Thị Thu', '67 Đường Sắt', NULL, 'Bà Rịa', NULL, NULL, 'Việt Nam', 6.4500, 4, '2009-02-10 00:00:00', 'New', '2025-02-03 00:00:00', NULL),
    (4116, 209, 47, '2025-01-10 00:00:00', '2025-02-05 00:00:00', 'Vũ Văn Hòa', '89 Đường Thép', NULL, 'An Giang', NULL, NULL, 'Việt Nam', 3.7800, 1, '2009-01-15 00:00:00', 'Complete', '2025-01-08 00:00:00', NULL),
    (4117, 204, 11, '2025-02-20 00:00:00', '2025-03-15 00:00:00', 'Nguyễn Thị Lan', '101 Đường Đồng', NULL, 'Kiên Giang', NULL, NULL, 'Việt Nam', 5.6700, 2, '2008-12-20 00:00:00', 'Shipped', '2025-02-18 00:00:00', NULL),
    (4118, 215, 75, '2025-01-25 00:00:00', '2025-02-20 00:00:00', 'Trần Văn Long', '23 Đường Sỏi', NULL, 'Bạc Liêu', NULL, NULL, 'Việt Nam', 4.2300, 3, '2008-11-10 00:00:00', 'On Hold', '2025-01-22 00:00:00', NULL),
    (4119, 208, 30, '2025-03-05 00:00:00', '2025-03-25 00:00:00', 'Lê Thị Hồng', '45 Đường Bờ', NULL, 'Sóc Trăng', NULL, NULL, 'Việt Nam', 7.8900, 4, '2008-10-15 00:00:00', 'New', '2025-03-03 00:00:00', NULL),
    (4120, 206, 94, '2025-02-01 00:00:00', '2025-02-25 00:00:00', 'Phạm Văn Tuấn', '67 Đường Gió', NULL, 'Trà Vinh', NULL, NULL, 'Việt Nam', 6.1200, 1, '2008-09-20 00:00:00', 'Complete', '2025-01-28 00:00:00', NULL),
    (4121, 211, 49, '2025-01-15 00:00:00', '2025-02-10 00:00:00', 'Hoàng Thị Mai', '89 Đường Mây', NULL, 'Hà Tĩnh', NULL, NULL, 'Việt Nam', 3.4500, 2, '2008-08-10 00:00:00', 'Shipped', '2025-01-12 00:00:00', NULL),
    (4122, 209, 13, '2025-02-10 00:00:00', '2025-03-05 00:00:00', 'Vũ Văn Nam', '101 Đường Nắng', NULL, 'Phú Yên', NULL, NULL, 'Việt Nam', 5.6700, 3, '2008-07-15 00:00:00', 'On Hold', '2025-02-08 00:00:00', NULL),
    (4123, 204, 77, '2025-01-20 00:00:00', '2025-02-15 00:00:00', 'Nguyễn Thị Thu', '23 Đường Sương', NULL, 'Quảng Nam', NULL, NULL, 'Việt Nam', 4.8900, 4, '2008-06-20 00:00:00', 'New', '2025-01-18 00:00:00', NULL),
    (4124, 215, 32, '2025-03-01 00:00:00', '2025-03-20 00:00:00', 'Trần Văn Hòa', '45 Đường Mưa', NULL, 'Quảng Ngãi', NULL, NULL, 'Việt Nam', 7.2300, 1, '2008-05-10 00:00:00', 'Complete', '2025-02-28 00:00:00', NULL),
    (4125, 208, 96, '2025-02-05 00:00:00', '2025-03-01 00:00:00', 'Lê Thị Lan', '67 Đường Sao', NULL, 'Bình Thuận', NULL, NULL, 'Việt Nam', 6.4500, 2, '2008-04-15 00:00:00', 'Shipped', '2025-02-03 00:00:00', NULL),
    (4126, 206, 51, '2025-01-10 00:00:00', '2025-02-05 00:00:00', 'Phạm Văn Long', '89 Đường Trăng', NULL, 'Lâm Đồng', NULL, NULL, 'Việt Nam', 3.7800, 3, '2008-03-20 00:00:00', 'On Hold', '2025-01-08 00:00:00', NULL),
    (4127, 211, 15, '2025-02-20 00:00:00', '2025-03-15 00:00:00', 'Hoàng Thị Hồng', '101 Đường Hoa', NULL, 'Đắk Lắk', NULL, NULL, 'Việt Nam', 5.6700, 4, '2008-02-10 00:00:00', 'New', '2025-02-18 00:00:00', NULL),
    (4128, 209, 79, '2025-01-25 00:00:00', '2025-02-20 00:00:00', 'Vũ Văn Tuấn', '23 Đường Lá', NULL, 'Gia Lai', NULL, NULL, 'Việt Nam', 4.2300, 1, '2008-01-15 00:00:00', 'Complete', '2025-01-22 00:00:00', NULL),
    (4129, 204, 34, '2025-03-05 00:00:00', '2025-03-25 00:00:00', 'Nguyễn Thị Mai', '45 Đường Cát', NULL, 'Kon Tum', NULL, NULL, 'Việt Nam', 7.8900, 2, '2007-12-20 00:00:00', 'Shipped', '2025-03-03 00:00:00', NULL),
    (4130, 215, 98, '2025-02-01 00:00:00', '2025-02-25 00:00:00', 'Trần Văn Nam', '67 Đường Đá', NULL, 'Ninh Thuận', NULL, NULL, 'Việt Nam', 6.1200, 3, '2007-11-10 00:00:00', 'On Hold', '2025-01-28 00:00:00', NULL),
    (4131, 208, 53, '2025-01-15 00:00:00', '2025-02-10 00:00:00', 'Lê Thị Thu', '89 Đường Gỗ', NULL, 'Phú Thọ', NULL, NULL, 'Việt Nam', 3.4500, 4, '2007-10-15 00:00:00', 'New', '2025-01-12 00:00:00', NULL),
    (4132, 206, 17, '2025-02-10 00:00:00', '2025-03-05 00:00:00', 'Phạm Văn Hòa', '101 Đường Sắt', NULL, 'Yên Bái', NULL, NULL, 'Việt Nam', 5.6700, 1, '2007-09-20 00:00:00', 'Complete', '2025-02-08 00:00:00', NULL),
    (4133, 211, 81, '2025-01-20 00:00:00', '2025-02-15 00:00:00', 'Hoàng Thị Lan', '23 Đường Thép', NULL, 'Lào Cai', NULL, NULL, 'Việt Nam', 4.8900, 2, '2007-08-10 00:00:00', 'Shipped', '2025-01-18 00:00:00', NULL),
    (4134, 209, 36, '2025-03-01 00:00:00', '2025-03-20 00:00:00', 'Vũ Văn Long', '45 Đường Đồng', NULL, 'Sơn La', NULL, NULL, 'Việt Nam', 7.2300, 3, '2007-07-15 00:00:00', 'On Hold', '2025-02-28 00:00:00', NULL),
    (4135, 204, 100, '2025-02-05 00:00:00', '2025-03-01 00:00:00', 'Nguyễn Thị Hồng', '67 Đường Sỏi', NULL, 'Hòa Bình', NULL, NULL, 'Việt Nam', 6.4500, 4, '2007-06-20 00:00:00', 'New', '2025-02-03 00:00:00', NULL),
    (4136, 215, 55, '2025-01-10 00:00:00', '2025-02-05 00:00:00', 'Trần Văn Tuấn', '89 Đường Bờ', NULL, 'Thái Nguyên', NULL, NULL, 'Việt Nam', 3.7800, 1, '2007-05-10 00:00:00', 'Complete', '2025-01-08 00:00:00', NULL),
    (4137, 208, 20, '2025-02-20 00:00:00', '2025-03-15 00:00:00', 'Lê Thị Mai', '101 Đường Gió', NULL, 'Bắc Giang', NULL, NULL, 'Việt Nam', 5.6700, 2, '2007-04-15 00:00:00', 'Shipped', '2025-02-18 00:00:00', NULL),
    (4138, 206, 84, '2025-01-25 00:00:00', '2025-02-20 00:00:00', 'Phạm Văn Nam', '23 Đường Mây', NULL, 'Bắc Ninh', NULL, NULL, 'Việt Nam', 4.2300, 3, '2007-03-20 00:00:00', 'On Hold', '2025-01-22 00:00:00', NULL),
    (4139, 211, 39, '2025-03-05 00:00:00', '2025-03-25 00:00:00', 'Hoàng Thị Thu', '45 Đường Nắng', NULL, 'Quảng Ninh', NULL, NULL, 'Việt Nam', 7.8900, 4, '2007-02-10 00:00:00', 'New', '2025-03-03 00:00:00', NULL),
    (4140, 209, 93, '2025-02-01 00:00:00', '2025-02-25 00:00:00', 'Vũ Văn Hòa', '67 Đường Sương', NULL, 'Hà Nam', NULL, NULL, 'Việt Nam', 6.1200, 1, '2007-01-15 00:00:00', 'Complete', '2025-01-28 00:00:00', NULL),
    (4141, 204, 48, '2025-01-15 00:00:00', '2025-02-10 00:00:00', 'Nguyễn Thị Lan', '89 Đường Mưa', NULL, 'Nam Định', NULL, NULL, 'Việt Nam', 3.4500, 2, '2006-12-20 00:00:00', 'Shipped', '2025-01-12 00:00:00', NULL),
    (4142, 215, 12, '2025-02-10 00:00:00', '2025-03-05 00:00:00', 'Trần Văn Long', '101 Đường Sao', NULL, 'Thái Bình', NULL, NULL, 'Việt Nam', 5.6700, 3, '2006-11-10 00:00:00', 'On Hold', '2025-02-08 00:00:00', NULL),
    (4143, 208, 76, '2025-01-20 00:00:00', '2025-02-15 00:00:00', 'Lê Thị Hồng', '23 Đường Trăng', NULL, 'Hưng Yên', NULL, NULL, 'Việt Nam', 4.8900, 4, '2006-10-15 00:00:00', 'New', '2025-01-18 00:00:00', NULL),
    (4144, 206, 31, '2025-03-01 00:00:00', '2025-03-20 00:00:00', 'Phạm Văn Tuấn', '45 Đường Hoa', NULL, 'Vĩnh Phúc', NULL, NULL, 'Việt Nam', 7.2300, 1, '2006-09-20 00:00:00', 'Complete', '2025-02-28 00:00:00', NULL),
    (4145, 211, 95, '2025-02-05 00:00:00', '2025-03-01 00:00:00', 'Hoàng Thị Mai', '67 Đường Lá', NULL, 'Bắc Kạn', NULL, NULL, 'Việt Nam', 6.4500, 2, '2006-08-10 00:00:00', 'Shipped', '2025-02-03 00:00:00', NULL),
    (4146, 209, 50, '2025-01-10 00:00:00', '2025-02-05 00:00:00', 'Vũ Văn Nam', '89 Đường Cát', NULL, 'Cao Bằng', NULL, NULL, 'Việt Nam', 3.7800, 3, '2006-07-15 00:00:00', 'On Hold', '2025-01-08 00:00:00', NULL),
    (4147, 204, 14, '2025-02-20 00:00:00', '2025-03-15 00:00:00', 'Nguyễn Thị Thu', '101 Đường Đá', NULL, 'Tuyên Quang', NULL, NULL, 'Việt Nam', 5.6700, 4, '2006-06-20 00:00:00', 'New', '2025-02-18 00:00:00', NULL),
    (4148, 215, 78, '2025-01-25 00:00:00', '2025-02-20 00:00:00', 'Trần Văn Hòa', '23 Đường Gỗ', NULL, 'Lai Châu', NULL, NULL, 'Việt Nam', 4.2300, 1, '2006-05-10 00:00:00', 'Complete', '2025-01-22 00:00:00', NULL),
    (4149, 208, 33, '2025-03-05 00:00:00', '2025-03-25 00:00:00', 'Lê Thị Lan', '45 Đường Sắt', NULL, 'Điện Biên', NULL, NULL, 'Việt Nam', 7.8900, 2, '2006-04-15 00:00:00', 'Shipped', '2025-03-03 00:00:00', NULL),
    (4150, 206, 97, '2025-02-01 00:00:00', '2025-02-25 00:00:00', 'Phạm Văn Long', '67 Đường Thép', NULL, 'Hà Giang', NULL, NULL, 'Việt Nam', 6.1200, 3, '2006-03-20 00:00:00', 'On Hold', '2025-01-28 00:00:00', NULL),
    (4151, 211, 52, '2025-01-15 00:00:00', '2025-02-10 00:00:00', 'Hoàng Thị Hồng', '89 Đường Đồng', NULL, 'Hà Nội', NULL, NULL, 'Việt Nam', 3.4500, 4, '2006-02-10 00:00:00', 'New', '2025-01-12 00:00:00', NULL),
    (4152, 209, 16, '2025-02-10 00:00:00', '2025-03-05 00:00:00', 'Vũ Văn Tuấn', '101 Đường Sỏi', NULL, 'TP. Hồ Chí Minh', NULL, NULL, 'Việt Nam', 5.6700, 1, '2006-01-15 00:00:00', 'Complete', '2025-02-08 00:00:00', NULL),
    (4153, 204, 80, '2025-01-20 00:00:00', '2025-02-15 00:00:00', 'Nguyễn Thị Mai', '23 Đường Bờ', NULL, 'Đà Nẵng', NULL, NULL, 'Việt Nam', 4.8900, 2, '2005-12-20 00:00:00', 'Shipped', '2025-01-18 00:00:00', NULL),
    (4154, 215, 35, '2025-03-01 00:00:00', '2025-03-20 00:00:00', 'Trần Văn Nam', '45 Đường Gió', NULL, 'Cần Thơ', NULL, NULL, 'Việt Nam', 7.2300, 3, '2005-11-10 00:00:00', 'On Hold', '2025-02-28 00:00:00', NULL),
    (4155, 208, 99, '2025-02-05 00:00:00', '2025-03-01 00:00:00', 'Lê Thị Thu', '67 Đường Mây', NULL, 'Hải Phòng', NULL, NULL, 'Việt Nam', 6.4500, 4, '2005-10-15 00:00:00', 'New', '2025-02-03 00:00:00', NULL),
    (4156, 206, 54, '2025-01-10 00:00:00', '2025-02-05 00:00:00', 'Phạm Văn Hòa', '89 Đường Nắng', NULL, 'Huế', NULL, NULL, 'Việt Nam', 3.7800, 1, '2005-09-20 00:00:00', 'Complete', '2025-01-08 00:00:00', NULL),
    (4157, 211, 19, '2025-02-20 00:00:00', '2025-03-15 00:00:00', 'Hoàng Thị Lan', '101 Đường Sương', NULL, 'Nha Trang', NULL, NULL, 'Việt Nam', 5.6700, 2, '2005-08-10 00:00:00', 'Shipped', '2025-02-18 00:00:00', NULL),
    (4158, 209, 83, '2025-01-25 00:00:00', '2025-02-20 00:00:00', 'Vũ Văn Long', '23 Đường Mưa', NULL, 'Vũng Tàu', NULL, NULL, 'Việt Nam', 4.2300, 3, '2005-07-15 00:00:00', 'On Hold', '2025-01-22 00:00:00', NULL),
    (4159, 204, 38, '2025-03-05 00:00:00', '2025-03-25 00:00:00', 'Nguyễn Thị Hồng', '45 Đường Sao', NULL, 'Đồng Nai', NULL, NULL, 'Việt Nam', 7.8900, 4, '2005-06-20 00:00:00', 'New', '2025-03-03 00:00:00', NULL),
    (4160, 215, 92, '2025-02-01 00:00:00', '2025-02-25 00:00:00', 'Trần Văn Tuấn', '67 Đường Trăng', NULL, 'Quy Nhơn', NULL, NULL, 'Việt Nam', 6.1200, 1, '2005-05-10 00:00:00', 'Complete', '2025-01-28 00:00:00', NULL),
    (4161, 208, 47, '2025-01-15 00:00:00', '2025-02-10 00:00:00', 'Lê Thị Mai', '89 Đường Hoa', NULL, 'Bình Dương', NULL, NULL, 'Việt Nam', 3.4500, 2, '2005-04-15 00:00:00', 'Shipped', '2025-01-12 00:00:00', NULL),
    (4162, 206, 11, '2025-02-10 00:00:00', '2025-03-05 00:00:00', 'Phạm Văn Nam', '101 Đường Lá', NULL, 'Long An', NULL, NULL, 'Việt Nam', 5.6700, 3, '2005-03-20 00:00:00', 'On Hold', '2025-02-08 00:00:00', NULL),
    (4163, 211, 75, '2025-01-20 00:00:00', '2025-02-15 00:00:00', 'Hoàng Thị Thu', '23 Đường Cát', NULL, 'Vĩnh Long', NULL, NULL, 'Việt Nam', 4.8900, 4, '2005-02-10 00:00:00', 'New', '2025-01-18 00:00:00', NULL),
    (4164, 209, 30, '2025-03-01 00:00:00', '2025-03-20 00:00:00', 'Vũ Văn Hòa', '45 Đường Đá', NULL, 'Tiền Giang', NULL, NULL, 'Việt Nam', 7.2300, 1, '2005-01-15 00:00:00', 'Complete', '2025-02-28 00:00:00', NULL),
    (4165, 204, 94, '2025-02-05 00:00:00', '2025-03-01 00:00:00', 'Nguyễn Thị Lan', '67 Đường Gỗ', NULL, 'Bà Rịa', NULL, NULL, 'Việt Nam', 6.4500, 2, '2004-12-20 00:00:00', 'Shipped', '2025-02-03 00:00:00', NULL),
    (4166, 215, 49, '2025-01-10 00:00:00', '2025-02-05 00:00:00', 'Trần Văn Long', '89 Đường Sắt', NULL, 'An Giang', NULL, NULL, 'Việt Nam', 3.7800, 3, '2004-11-10 00:00:00', 'On Hold', '2025-01-08 00:00:00', NULL),
    (4167, 208, 13, '2025-02-20 00:00:00', '2025-03-15 00:00:00', 'Lê Thị Hồng', '101 Đường Thép', NULL, 'Kiên Giang', NULL, NULL, 'Việt Nam', 5.6700, 4, '2004-10-15 00:00:00', 'New', '2025-02-18 00:00:00', NULL),
    (4168, 206, 77, '2025-01-25 00:00:00', '2025-02-20 00:00:00', 'Phạm Văn Tuấn', '23 Đường Đồng', NULL, 'Bạc Liêu', NULL, NULL, 'Việt Nam', 4.2300, 1, '2004-09-20 00:00:00', 'Complete', '2025-01-22 00:00:00', NULL),
    (4169, 211, 32, '2025-03-05 00:00:00', '2025-03-25 00:00:00', 'Hoàng Thị Mai', '45 Đường Sỏi', NULL, 'Sóc Trăng', NULL, NULL, 'Việt Nam', 7.8900, 2, '2004-08-10 00:00:00', 'Shipped', '2025-03-03 00:00:00', NULL),
    (4170, 209, 96, '2025-02-01 00:00:00', '2025-02-25 00:00:00', 'Vũ Văn Nam', '67 Đường Bờ', NULL, 'Trà Vinh', NULL, NULL, 'Việt Nam', 6.1200, 3, '2004-07-15 00:00:00', 'On Hold', '2025-01-28 00:00:00', NULL),
    (4171, 204, 51, '2025-01-15 00:00:00', '2025-02-10 00:00:00', 'Nguyễn Thị Thu', '89 Đường Gió', NULL, 'Hà Tĩnh', NULL, NULL, 'Việt Nam', 3.4500, 4, '2004-06-20 00:00:00', 'New', '2025-01-12 00:00:00', NULL),
    (4172, 215, 15, '2025-02-10 00:00:00', '2025-03-05 00:00:00', 'Trần Văn Hòa', '101 Đường Mây', NULL, 'Phú Yên', NULL, NULL, 'Việt Nam', 5.6700, 1, '2004-05-10 00:00:00', 'Complete', '2025-02-08 00:00:00', NULL),
    (4173, 208, 79, '2025-01-20 00:00:00', '2025-02-15 00:00:00', 'Lê Thị Lan', '23 Đường Nắng', NULL, 'Quảng Nam', NULL, NULL, 'Việt Nam', 4.8900, 2, '2004-04-15 00:00:00', 'Shipped', '2025-01-18 00:00:00', NULL),
    (4174, 206, 34, '2025-03-01 00:00:00', '2025-03-20 00:00:00', 'Phạm Văn Long', '45 Đường Sương', NULL, 'Quảng Ngãi', NULL, NULL, 'Việt Nam', 7.2300, 3, '2004-03-20 00:00:00', 'On Hold', '2025-02-28 00:00:00', NULL),
    (4175, 211, 98, '2025-02-05 00:00:00', '2025-03-01 00:00:00', 'Hoàng Thị Hồng', '67 Đường Mưa', NULL, 'Bình Thuận', NULL, NULL, 'Việt Nam', 6.4500, 4, '2004-02-10 00:00:00', 'New', '2025-02-03 00:00:00', NULL),
    (4176, 209, 53, '2025-01-10 00:00:00', '2025-02-05 00:00:00', 'Vũ Văn Tuấn', '89 Đường Sao', NULL, 'Lâm Đồng', NULL, NULL, 'Việt Nam', 3.7800, 1, '2004-01-15 00:00:00', 'Complete', '2025-01-08 00:00:00', NULL),
    (4177, 204, 17, '2025-02-20 00:00:00', '2025-03-15 00:00:00', 'Nguyễn Thị Mai', '101 Đường Trăng', NULL, 'Đắk Lắk', NULL, NULL, 'Việt Nam', 5.6700, 2, '2003-12-20 00:00:00', 'Shipped', '2025-02-18 00:00:00', NULL),
    (4178, 215, 81, '2025-01-25 00:00:00', '2025-02-20 00:00:00', 'Trần Văn Nam', '23 Đường Hoa', NULL, 'Gia Lai', NULL, NULL, 'Việt Nam', 4.2300, 3, '2003-11-10 00:00:00', 'On Hold', '2025-01-22 00:00:00', NULL),
    (4179, 208, 36, '2025-03-05 00:00:00', '2025-03-25 00:00:00', 'Lê Thị Thu', '45 Đường Lá', NULL, 'Kon Tum', NULL, NULL, 'Việt Nam', 7.8900, 4, '2003-10-15 00:00:00', 'New', '2025-03-03 00:00:00', NULL),
    (4180, 206, 100, '2025-02-01 00:00:00', '2025-02-25 00:00:00', 'Phạm Văn Hòa', '67 Đường Cát', NULL, 'Ninh Thuận', NULL, NULL, 'Việt Nam', 6.1200, 1, '2003-09-20 00:00:00', 'Complete', '2025-01-28 00:00:00', NULL),
    (4181, 203, 70, '2016-03-25 00:00:00', '2016-11-06 00:00:00', 'Richard George', '54 3rd Circle', NULL, 'Haibeitou', NULL, NULL, 'China', 1.9900, 4, '2016-09-05 00:00:00', 'New', NULL, NULL),
	(4182, 219, 69, '2016-04-11 00:00:00', '2017-02-03 00:00:00', 'David Harris', '2 Menomonie Pass', NULL, 'Oslo', 'Oslo', '0188', 'Norway', 1.9300, 3, '2016-11-30 00:00:00', 'Shipped', NULL, NULL),
	(4183, 211, 25, '2016-12-08 00:00:00', '2016-11-16 00:00:00', 'Catherine Reynolds', '302 Autumn Leaf Parkway', NULL, 'Lameiras', 'Lisboa', '2715-145', 'Portugal', 6.6800, 4, '2016-04-02 00:00:00', 'Shipped', NULL, NULL),
	(4184, 217, 73, '2016-06-19 00:00:00', '2016-11-29 00:00:00', 'Donald Moreno', '690 Laurel Park', NULL, 'Sinisian', NULL, '4212', 'Philippines', 3.1000, 3, '2017-01-06 00:00:00', 'New', NULL, NULL),
	(4185, 210, 34, '2016-07-03 00:00:00', '2016-05-23 00:00:00', 'Ryan Thomas', '45044 Harper Place', NULL, 'Mad?nat Lab‘?s', NULL, NULL, 'Yemen', 6.3100, 4, '2016-06-27 00:00:00', 'Complete', NULL, NULL),
	(4186, 206, 91, '2016-05-26 00:00:00', '2016-09-09 00:00:00', 'Ruby Lynch', '8350 Karstens Parkway', NULL, 'Puyo', NULL, NULL, 'Ecuador', 6.0700, 3, '2016-05-10 00:00:00', 'Shipped', NULL, NULL),
	(4187, 208, 64, '2016-05-31 00:00:00', '2016-10-16 00:00:00', 'Linda Robinson', '6069 Chive Plaza', NULL, 'Joutseno', NULL, '54101', 'Finland', 3.1100, 1, '2016-05-15 00:00:00', 'Shipped', NULL, NULL),
	(4188, 216, 41, '2017-02-07 00:00:00', '2016-03-28 00:00:00', 'Bonnie Morris', '2611 Comanche Junction', NULL, 'Lacombe', 'Alberta', 'T4L', 'Canada', 2.5300, 3, '2016-08-31 00:00:00', 'New', NULL, NULL),
	(4189, 206, 51, '2016-12-20 00:00:00', '2016-12-08 00:00:00', 'Dennis Gardner', '2348 Blue Bill Park Crossing', NULL, 'Ngkiong', NULL, NULL, 'Indonesia', 5.1000, 3, '2016-11-28 00:00:00', 'New', NULL, NULL),
	(4190, 220, 54, '2016-08-06 00:00:00', '2016-08-27 00:00:00', 'Carolyn Matthews', '817 Ohio Point', NULL, 'Orekhovo-Zuyevo', NULL, '142609', 'Russia', 7.5200, 1, '2016-03-22 00:00:00', 'On Hold', NULL, NULL),
	(4191, 207, 96, '2016-07-03 00:00:00', '2016-06-18 00:00:00', 'Jesse Parker', '3 Eastwood Terrace', NULL, 'Berezovo', NULL, NULL, 'Ukraine', 6.6400, 3, '2016-05-07 00:00:00', 'New', NULL, NULL),
	(4192, 216, 18, '2016-06-05 00:00:00', '2017-01-11 00:00:00', 'Ann Gilbert', '6 Oak Valley Lane', NULL, 'Caijiang', NULL, NULL, 'China', 3.7200, 4, '2016-11-17 00:00:00', 'On Hold', NULL, NULL),
	(4193, 208, 22, '2016-06-26 00:00:00', '2017-02-22 00:00:00', 'Martha Hawkins', '57581 Union Road', NULL, 'Ilinden', NULL, '1041', 'Macedonia', 5.6400, 4, '2016-05-23 00:00:00', 'On Hold', NULL, NULL),
	(4194, 207, 42, '2017-02-03 00:00:00', '2017-01-08 00:00:00', 'Jeffrey Hart', '83 Green Ridge Point', NULL, 'Wangcheng', NULL, NULL, 'China', 1.1500, 3, '2016-12-07 00:00:00', 'Shipped', NULL, NULL),
	(4195, 217, 28, '2016-10-18 00:00:00', '2016-05-01 00:00:00', 'Joseph Riley', '54373 Coleman Street', NULL, 'Karangbungur', NULL, NULL, 'Indonesia', 5.9000, 4, '2016-04-23 00:00:00', 'Complete', NULL, NULL),
	(4196, 207, 78, '2016-07-09 00:00:00', '2016-07-15 00:00:00', 'Brian Dean', '9 Stone Corner Hill', NULL, 'Dambulla', NULL, '21100', 'Sri Lanka', 5.1500, 3, '2016-07-09 00:00:00', 'On Hold', NULL, NULL),
	(4197, 204, 38, '2016-07-19 00:00:00', '2016-04-13 00:00:00', 'Christine Campbell', '47302 Porter Junction', NULL, 'Dananshan', NULL, NULL, 'China', 6.7400, 1, '2016-11-07 00:00:00', 'Complete', NULL, NULL),
	(4198, 201, 7, '2017-03-02 00:00:00', '2016-08-16 00:00:00', 'Ruth Mcdonald', '401 Erie Avenue', NULL, 'Borkowice', NULL, '26-422', 'Poland', 3.2400, 4, '2016-04-17 00:00:00', 'New', NULL, NULL),
	(4199, 216, 87, '2016-12-14 00:00:00', '2017-03-05 00:00:00', 'Jean Armstrong', '450 Sullivan Avenue', NULL, 'Carpenter', NULL, '2009', 'Philippines', 4.2500, 4, '2016-07-11 00:00:00', 'Complete', NULL, NULL),
	(4200, 218, 8, '2017-02-01 00:00:00', '2016-04-17 00:00:00', 'Gary Price', '775 Butterfield Lane', NULL, 'Vaasa', NULL, '66999', 'Finland', 5.3600, 1, '2016-07-09 00:00:00', 'Shipped', NULL, NULL),
	(4201, 217, 77, '2016-11-10 00:00:00', '2016-11-13 00:00:00', 'Carolyn Scott', '5878 Badeau Lane', NULL, 'Kazanskaya', NULL, '396614', 'Russia', 7.9400, 1, '2016-12-09 00:00:00', 'New', NULL, NULL),
	(4202, 204, 10, '2016-08-12 00:00:00', '2016-03-21 00:00:00', 'Earl Anderson', '9 Roth Court', NULL, 'Governor’s Harbour', NULL, NULL, 'Bahamas', 2.4700, 1, '2016-08-06 00:00:00', 'Complete', NULL, NULL),
	(4203, 204, 54, '2016-05-26 00:00:00', '2016-04-18 00:00:00', 'Elizabeth Kelley', '70 Burrows Street', NULL, 'Fucheng', NULL, NULL, 'China', 9.9400, 4, '2016-08-24 00:00:00', 'Shipped', NULL, NULL),
	(4204, 208, 58, '2017-03-09 00:00:00', '2016-04-17 00:00:00', 'Julia Wilson', '46476 Burning Wood Crossing', NULL, 'Koper', NULL, '6600', 'Slovenia', 3.8200, 1, '2016-08-26 00:00:00', 'New', NULL, NULL),
	(4205, 208, 85, '2016-05-04 00:00:00', '2016-03-18 00:00:00', 'Jeffrey Oliver', '39 Tennessee Avenue', NULL, 'Jejkowice', NULL, '44-290', 'Poland', 7.2200, 1, '2016-09-23 00:00:00', 'Shipped', NULL, NULL),
	(4206, 220, 8, '2016-06-16 00:00:00', '2017-01-03 00:00:00', 'Angela Walker', '579 Miller Street', NULL, 'Hà T?nh', NULL, NULL, 'Vietnam', 1.0400, 3, '2016-05-18 00:00:00', 'Complete', NULL, NULL),
	(4207, 212, 55, '2016-07-04 00:00:00', '2016-11-09 00:00:00', 'Karen Hansen', '953 Manufacturers Pass', NULL, 'Lysekil', 'Västra Götaland', '453 35', 'Sweden', 8.8100, 3, '2016-03-18 00:00:00', 'New', NULL, NULL),
	(4208, 217, 96, '2016-10-26 00:00:00', '2016-07-11 00:00:00', 'Patricia West', '1 Browning Alley', NULL, 'Huayang', NULL, NULL, 'China', 7.5400, 1, '2016-09-15 00:00:00', 'New', NULL, NULL),
	(4209, 203, 71, '2016-08-04 00:00:00', '2017-01-01 00:00:00', 'Phillip Gardner', '30438 Mariners Cove Way', NULL, 'Phu Khiao', NULL, '36110', 'Thailand', 3.0300, 3, '2016-03-31 00:00:00', 'Shipped', NULL, NULL),
	(4210, 207, 30, '2017-03-08 00:00:00', '2016-07-21 00:00:00', 'Fred Howard', '45981 Hovde Trail', NULL, 'Suncheon', NULL, NULL, 'South Korea', 1.1300, 3, '2016-07-14 00:00:00', 'On Hold', NULL, NULL),
	(4211, 217, 57, '2016-05-28 00:00:00', '2017-03-11 00:00:00', 'George Wagner', '24863 Messerschmidt Road', NULL, 'Ningzhong', NULL, NULL, 'China', 6.5000, 3, '2016-07-26 00:00:00', 'New', NULL, NULL),
	(4212, 213, 19, '2016-11-28 00:00:00', '2016-06-09 00:00:00', 'Clarence Russell', '85 Kropf Circle', NULL, 'Ouro Branco', NULL, '59347-000', 'Brazil', 6.8800, 3, '2016-04-02 00:00:00', 'On Hold', NULL, NULL),
	(4213, 217, 51, '2016-06-25 00:00:00', '2016-05-25 00:00:00', 'Jane Johnston', '1708 Corscot Pass', NULL, '?af?shahr', NULL, NULL, 'Iran', 9.1600, 4, '2016-10-12 00:00:00', 'Complete', NULL, NULL),
	(4214, 203, 88, '2017-02-19 00:00:00', '2016-03-25 00:00:00', 'John Adams', '100 Hollow Ridge Way', NULL, 'Satita', NULL, NULL, 'Syria', 3.0100, 4, '2016-11-19 00:00:00', 'Shipped', NULL, NULL),
	(4215, 202, 12, '2017-01-26 00:00:00', '2016-10-07 00:00:00', 'Diana Graham', '12 Esch Park', NULL, 'Krasnokamensk', NULL, '662955', 'Russia', 9.2900, 3, '2016-06-10 00:00:00', 'Shipped', NULL, NULL),
	(4216, 211, 66, '2016-07-19 00:00:00', '2016-11-30 00:00:00', 'John Henry', '448 Hanover Trail', NULL, 'Phitsanulok', NULL, '65000', 'Thailand', 7.2300, 1, '2016-09-22 00:00:00', 'Shipped', NULL, NULL),
	(4217, 218, 98, '2016-11-20 00:00:00', '2016-11-12 00:00:00', 'Donna Bradley', '92136 Arkansas Avenue', NULL, 'Balong Wetan', NULL, NULL, 'Indonesia', 7.7900, 1, '2016-12-18 00:00:00', 'New', NULL, NULL),
	(4218, 206, 5, '2016-05-04 00:00:00', '2016-08-19 00:00:00', 'Kevin Harper', '2911 Laurel Point', NULL, 'Patapan', NULL, NULL, 'Indonesia', 1.5200, 1, '2016-03-20 00:00:00', 'On Hold', NULL, NULL),
	(4219, 205, 76, '2016-11-15 00:00:00', '2016-12-12 00:00:00', 'Margaret Hanson', '9603 Northridge Junction', NULL, 'Mwembe', NULL, NULL, 'Tanzania', 4.7600, 4, '2017-03-14 00:00:00', 'Shipped', NULL, NULL),
	(4220, 206, 62, '2016-12-30 00:00:00', '2016-10-23 00:00:00', 'Henry Bradley', '84 Lake View Plaza', NULL, 'Zheleznovodsk', NULL, '357408', 'Russia', 8.0800, 4, '2017-02-23 00:00:00', 'Complete', NULL, NULL),
	(4221, 218, 91, '2016-08-07 00:00:00', '2016-08-31 00:00:00', 'Jane Fowler', '2484 Hoepker Hill', NULL, 'Huangcun', NULL, NULL, 'China', 9.3400, 1, '2017-01-10 00:00:00', 'Complete', NULL, NULL),
	(4222, 207, 19, '2016-05-22 00:00:00', '2016-06-25 00:00:00', 'Kimberly Peterson', '5851 Carey Crossing', NULL, 'Pochuta', NULL, '04008', 'Guatemala', 9.1600, 1, '2016-04-25 00:00:00', 'Shipped', NULL, NULL),
	(4223, 203, 69, '2017-02-13 00:00:00', '2016-09-18 00:00:00', 'Nicholas Simpson', '9 Hudson Way', NULL, 'Chashan', NULL, NULL, 'China', 5.3700, 3, '2017-01-01 00:00:00', 'On Hold', NULL, NULL),
	(4224, 214, 71, '2017-02-28 00:00:00', '2016-06-18 00:00:00', 'Carol Rodriguez', '78 Grayhawk Place', NULL, 'Luntas', NULL, NULL, 'Indonesia', 1.7600, 1, '2016-10-06 00:00:00', 'Shipped', NULL, NULL),
	(4225, 207, 34, '2017-03-06 00:00:00', '2016-07-20 00:00:00', 'Jessica Mason', '65 Merrick Lane', NULL, 'K?ižanov', NULL, '789 01', 'Czech Republic', 9.7500, 1, '2016-12-28 00:00:00', 'New', NULL, NULL),
	(4226, 209, 74, '2016-06-04 00:00:00', '2017-01-15 00:00:00', 'Jeffrey Sims', '05441 Wayridge Pass', NULL, 'Rennes', 'Bretagne', '35047 CEDEX 9', 'France', 9.0900, 3, '2016-05-19 00:00:00', 'Shipped', NULL, NULL),
	(4227, 205, 74, '2016-09-09 00:00:00', '2017-01-06 00:00:00', 'Arthur Simmons', '733 Logan Circle', NULL, 'Dzhankoy', NULL, NULL, 'Ukraine', 2.5100, 3, '2017-01-25 00:00:00', 'New', NULL, NULL),
	(4228, 207, 52, '2017-01-30 00:00:00', '2017-01-08 00:00:00', 'Kevin Williams', '3561 6th Trail', NULL, 'Narganá', NULL, NULL, 'Panama', 7.3200, 4, '2016-06-24 00:00:00', 'On Hold', NULL, NULL),
	(4229, 209, 76, '2016-05-05 00:00:00', '2016-07-11 00:00:00', 'Joe Stewart', '0314 Ryan Parkway', NULL, 'San Jose', 'Oaxaca', '69570', 'Mexico', 9.2800, 3, '2016-05-06 00:00:00', 'Shipped', NULL, NULL),
	(4230, 214, 2, '2016-09-19 00:00:00', '2016-09-08 00:00:00', 'Walter Barnes', '80695 Stone Corner Road', NULL, 'Busdi', NULL, '6210', 'Philippines', 5.9700, 3, '2016-07-19 00:00:00', 'Shipped', NULL, NULL),
	(4231, 211, 55, '2016-08-27 00:00:00', '2016-10-04 00:00:00', 'Sean Holmes', '91 Becker Drive', NULL, 'Gezan', NULL, NULL, 'China', 3.8100, 3, '2016-06-14 00:00:00', 'Shipped', NULL, NULL),
	(4232, 209, 14, '2016-04-01 00:00:00', '2017-03-06 00:00:00', 'Sandra Perez', '45373 Buhler Park', NULL, 'Ust’-Kut', NULL, '162176', 'Russia', 4.2500, 4, '2017-01-22 00:00:00', 'Shipped', NULL, NULL),
	(4233, 205, 96, '2016-09-27 00:00:00', '2016-07-03 00:00:00', 'Sara Kelly', '73457 Buhler Court', NULL, 'Sima', NULL, NULL, 'Comoros', 7.2000, 1, '2016-12-14 00:00:00', 'Complete', NULL, NULL),
	(4234, 217, 74, '2016-11-22 00:00:00', '2017-01-18 00:00:00', 'Edward Reid', '02 Westport Trail', NULL, 'Tchaourou', NULL, NULL, 'Benin', 3.5000, 4, '2016-12-25 00:00:00', 'New', NULL, NULL),
	(4235, 206, 69, '2016-03-17 00:00:00', '2016-10-29 00:00:00', 'Betty Cook', '83578 Ohio Avenue', NULL, 'Stockholm', 'Stockholm', '101 22', 'Sweden', 6.1700, 3, '2016-09-02 00:00:00', 'On Hold', NULL, NULL),
	(4236, 217, 97, '2017-02-06 00:00:00', '2016-07-01 00:00:00', 'Diana Ellis', '49 Jenna Circle', NULL, 'Yanshan', NULL, NULL, 'China', 6.0600, 3, '2016-07-16 00:00:00', 'Complete', NULL, NULL),
	(4237, 216, 17, '2016-11-30 00:00:00', '2016-10-02 00:00:00', 'Donald Miller', '8581 Farragut Junction', NULL, 'Yosowilangun', NULL, NULL, 'Indonesia', 8.9000, 3, '2016-11-01 00:00:00', 'Complete', NULL, NULL),
	(4238, 203, 21, '2017-02-09 00:00:00', '2016-12-14 00:00:00', 'Eric Coleman', '9242 Badeau Street', NULL, 'Caiyuan', NULL, NULL, 'China', 4.1000, 3, '2016-06-07 00:00:00', 'Shipped', NULL, NULL),
	(4239, 213, 23, '2016-09-15 00:00:00', '2016-11-04 00:00:00', 'Heather Vasquez', '454 Gale Hill', NULL, 'Susoh', NULL, NULL, 'Indonesia', 1.5900, 3, '2016-10-25 00:00:00', 'New', NULL, NULL),
	(4240, 208, 2, '2016-05-28 00:00:00', '2016-05-21 00:00:00', 'Martin Sims', '30 Bunting Center', NULL, 'Efeng', NULL, NULL, 'China', 1.9200, 4, '2016-12-15 00:00:00', 'Complete', NULL, NULL),
	(4241, 202, 85, '2017-02-05 00:00:00', '2016-08-13 00:00:00', 'Catherine Washington', '637 Hermina Court', NULL, 'San Francisco', 'Jalisco', '46175', 'Mexico', 6.4900, 1, '2016-12-20 00:00:00', 'On Hold', NULL, NULL),
	(4242, 204, 17, '2016-10-04 00:00:00', '2016-05-13 00:00:00', 'Gary Kennedy', '2 Grasskamp Point', NULL, 'Famaillá', NULL, '4132', 'Argentina', 9.7800, 1, '2016-12-03 00:00:00', 'Complete', NULL, NULL),
	(4243, 205, 86, '2016-04-15 00:00:00', '2016-05-25 00:00:00', 'Pamela Parker', '43642 Utah Point', NULL, 'Santa Rosa', 'Nuevo Leon', '67803', 'Mexico', 1.7800, 1, '2017-02-16 00:00:00', 'Shipped', NULL, NULL),
	(4244, 208, 3, '2016-08-02 00:00:00', '2017-03-13 00:00:00', 'Michelle Russell', '947 Jenna Place', NULL, 'Kinshasa', NULL, NULL, 'Democratic Republic of the Congo', 8.4300, 4, '2016-04-13 00:00:00', 'New', NULL, NULL),
	(4245, 210, 32, '2016-06-16 00:00:00', '2016-07-14 00:00:00', 'Lois Jenkins', '1 Pepper Wood Road', NULL, 'Kallinge', 'Blekinge', '372 53', 'Sweden', 4.7700, 4, '2016-03-17 00:00:00', 'On Hold', NULL, NULL),
	(4246, 203, 39, '2017-02-04 00:00:00', '2016-08-08 00:00:00', 'Kelly Ramirez', '20490 Eagle Crest Circle', NULL, 'Baraba', NULL, '623509', 'Russia', 8.6500, 4, '2016-10-04 00:00:00', 'Complete', NULL, NULL),
	(4247, 202, 24, '2016-05-05 00:00:00', '2016-11-26 00:00:00', 'Harold Gray', '9033 Elmside Plaza', NULL, 'N’dalatando', NULL, NULL, 'Angola', 2.7800, 4, '2016-07-24 00:00:00', 'New', NULL, NULL),
	(4248, 210, 16, '2017-01-27 00:00:00', '2017-03-14 00:00:00', 'Dennis Fisher', '4 Sage Road', NULL, 'Niederanven', NULL, 'L-6948', 'Luxembourg', 1.2600, 3, '2016-05-12 00:00:00', 'On Hold', NULL, NULL),
	(4249, 203, 20, '2016-07-21 00:00:00', '2016-12-08 00:00:00', 'Antonio Wells', '99743 Algoma Hill', NULL, 'M?d?yah', NULL, NULL, 'Yemen', 4.3600, 1, '2016-05-28 00:00:00', 'Complete', NULL, NULL),
	(4250, 217, 88, '2016-05-31 00:00:00', '2016-10-17 00:00:00', 'William Gonzales', '3258 Holy Cross Way', NULL, 'Yangdun', NULL, NULL, 'China', 7.0600, 3, '2016-04-13 00:00:00', 'New', NULL, NULL),
	(4251, 211, 1, '2017-03-04 00:00:00', '2016-10-27 00:00:00', 'Ronald Ward', '5 Logan Terrace', NULL, 'Tanahmerah', NULL, NULL, 'Indonesia', 4.3800, 1, '2016-09-22 00:00:00', 'On Hold', NULL, NULL),
	(4252, 217, 87, '2016-12-29 00:00:00', '2016-09-18 00:00:00', 'Gloria Boyd', '10 Grayhawk Hill', NULL, 'Boromlya', NULL, NULL, 'Ukraine', 4.8400, 4, '2016-08-01 00:00:00', 'On Hold', NULL, NULL),
	(4253, 212, 99, '2017-02-02 00:00:00', '2016-04-28 00:00:00', 'Raymond Scott', '3 Donald Trail', NULL, 'Lakshm?pur', NULL, '1553', 'Bangladesh', 8.3700, 4, '2016-12-06 00:00:00', 'On Hold', NULL, NULL),
	(4254, 201, 7, '2016-11-28 00:00:00', '2016-04-11 00:00:00', 'Arthur Hamilton', '95 Doe Crossing Avenue', NULL, 'Purwosari', NULL, NULL, 'Indonesia', 6.8400, 1, '2016-06-14 00:00:00', 'Shipped', NULL, NULL),
	(4255, 220, 100, '2016-09-30 00:00:00', '2016-10-08 00:00:00', 'Jean Wagner', '5690 Meadow Valley Alley', NULL, 'Svedala', 'Skåne', '233 94', 'Sweden', 8.5700, 3, '2017-01-06 00:00:00', 'Shipped', NULL, NULL),
	(4256, 218, 78, '2016-04-28 00:00:00', '2016-04-03 00:00:00', 'Kimberly Rose', '6067 Twin Pines Hill', NULL, 'Capinzal', NULL, '89665-000', 'Brazil', 6.0700, 3, '2016-05-18 00:00:00', 'New', NULL, NULL),
	(4257, 213, 44, '2016-11-04 00:00:00', '2016-03-28 00:00:00', 'Doris Foster', '170 Chive Court', NULL, 'Lang', NULL, NULL, 'China', 1.7200, 1, '2016-10-20 00:00:00', 'Shipped', NULL, NULL),
	(4258, 208, 46, '2017-01-11 00:00:00', '2016-09-25 00:00:00', 'Teresa Reynolds', '3 Prairie Rose Alley', NULL, 'Tashang', NULL, NULL, 'China', 4.8400, 1, '2016-10-16 00:00:00', 'On Hold', NULL, NULL),
	(4259, 215, 89, '2016-07-07 00:00:00', '2016-12-29 00:00:00', 'Christine Turner', '0746 Heffernan Center', NULL, 'Henggang', NULL, NULL, 'China', 6.8100, 4, '2016-08-21 00:00:00', 'New', NULL, NULL),
	(4260, 210, 23, '2016-10-26 00:00:00', '2017-02-10 00:00:00', 'Jimmy Jordan', '903 Anniversary Trail', NULL, 'Elaiochóri', NULL, NULL, 'Greece', 9.6600, 4, '2017-01-10 00:00:00', 'Complete', NULL, NULL),
	(4261, 207, 20, '2016-11-07 00:00:00', '2017-02-17 00:00:00', 'Andrew Baker', '3 Pennsylvania Park', NULL, 'Kansas City', 'Missouri', '64130', 'United States', 5.4600, 4, '2016-11-20 00:00:00', 'Complete', NULL, NULL),
	(4262, 203, 32, '2017-02-21 00:00:00', '2016-11-17 00:00:00', 'Diana Dixon', '18520 Maryland Drive', NULL, 'Santa Catalina', NULL, '2701', 'Philippines', 4.6600, 1, '2017-01-09 00:00:00', 'On Hold', NULL, NULL),
	(4263, 210, 10, '2017-02-28 00:00:00', '2017-02-26 00:00:00', 'Karen Miller', '5608 Moose Court', NULL, 'Torres Vedras', 'Lisboa', '2560-234', 'Portugal', 5.7100, 1, '2016-11-30 00:00:00', 'New', NULL, NULL),
	(4264, 214, 39, '2017-01-09 00:00:00', '2016-10-24 00:00:00', 'Angela Austin', '9659 Vera Point', NULL, 'Santiaoshi', NULL, NULL, 'China', 6.5900, 3, '2016-05-07 00:00:00', 'Shipped', NULL, NULL),
	(4265, 203, 3, '2016-11-11 00:00:00', '2016-11-22 00:00:00', 'Steve Snyder', '7626 Hoepker Junction', NULL, 'Wulan Hada', NULL, NULL, 'China', 5.6700, 4, '2017-01-01 00:00:00', 'New', NULL, NULL),
	(4266, 218, 94, '2016-04-06 00:00:00', '2016-10-02 00:00:00', 'Kevin Daniels', '24 Chinook Point', NULL, 'Bhair?haw?', NULL, NULL, 'Nepal', 8.2100, 1, '2016-05-12 00:00:00', 'Shipped', NULL, NULL),
	(4267, 203, 58, '2016-11-14 00:00:00', '2016-03-28 00:00:00', 'Patricia Welch', '60375 Corry Street', NULL, 'Solidaridad', 'Veracruz Llave', '94330', 'Mexico', 2.7700, 1, '2017-02-02 00:00:00', 'On Hold', NULL, NULL),
	(4268, 218, 2, '2016-07-02 00:00:00', '2016-08-14 00:00:00', 'Wanda Reynolds', '965 Calypso Circle', NULL, 'Dera Bugti', NULL, '80100', 'Pakistan', 8.8600, 3, '2017-01-30 00:00:00', 'On Hold', NULL, NULL),
	(4269, 216, 47, '2017-03-11 00:00:00', '2016-07-16 00:00:00', 'Harold Williamson', '14332 Texas Junction', NULL, 'Mzimba', NULL, NULL, 'Malawi', 2.4700, 4, '2016-06-01 00:00:00', 'Shipped', NULL, NULL),
	(4270, 213, 62, '2016-11-09 00:00:00', '2017-02-07 00:00:00', 'Juan Fox', '17 Eagan Crossing', NULL, 'Xiayang', NULL, NULL, 'China', 7.6300, 1, '2017-02-17 00:00:00', 'Shipped', NULL, NULL),
	(4271, 211, 70, '2016-04-16 00:00:00', '2016-04-26 00:00:00', 'Ryan Long', '0 Harper Circle', NULL, 'Blagoveshchenka', NULL, '658670', 'Russia', 3.2000, 1, '2016-09-10 00:00:00', 'Complete', NULL, NULL),
	(4272, 206, 29, '2016-03-25 00:00:00', '2016-10-07 00:00:00', 'Frank Cole', '07 Westend Place', NULL, 'Laixi', NULL, NULL, 'China', 1.9300, 4, '2016-05-01 00:00:00', 'New', NULL, NULL),
	(4273, 209, 25, '2016-05-06 00:00:00', '2016-04-13 00:00:00', 'Tammy Wilson', '74278 Grim Pass', NULL, 'Åkersberga', 'Stockholm', '184 70', 'Sweden', 2.8300, 1, '2016-10-29 00:00:00', 'Complete', NULL, NULL),
	(4274, 206, 82, '2017-02-07 00:00:00', '2017-03-06 00:00:00', 'Joan Gonzales', '40 Stephen Street', NULL, 'Tlogoagung', NULL, NULL, 'Indonesia', 3.4400, 3, '2016-10-14 00:00:00', 'Complete', NULL, NULL),
	(4275, 203, 91, '2016-10-10 00:00:00', '2016-11-04 00:00:00', 'Jeffrey Hughes', '38 Toban Plaza', NULL, 'Privas', 'Rhône-Alpes', '07004 CEDEX', 'France', 8.3300, 1, '2016-04-23 00:00:00', 'On Hold', NULL, NULL),
	(4276, 210, 89, '2016-05-14 00:00:00', '2016-09-03 00:00:00', 'Rachel Martin', '08 Lake View Hill', NULL, 'Sandgerði', NULL, '245', 'Iceland', 2.0700, 4, '2016-06-07 00:00:00', 'Complete', NULL, NULL),
	(4277, 208, 97, '2016-04-06 00:00:00', '2016-07-02 00:00:00', 'Laura Harper', '1 Dexter Street', NULL, 'Xintaimen', NULL, NULL, 'China', 8.0800, 3, '2016-05-11 00:00:00', 'Shipped', NULL, NULL),
	(4278, 215, 3, '2017-03-04 00:00:00', '2017-03-08 00:00:00', 'Annie Rivera', '5975 Debra Park', NULL, 'Canchaque', NULL, NULL, 'Peru', 5.6500, 3, '2016-04-09 00:00:00', 'Complete', NULL, NULL),
	(4279, 201, 6, '2017-03-01 00:00:00', '2016-08-06 00:00:00', 'Pamela Graham', '2 Monument Avenue', NULL, 'Danxi', NULL, NULL, 'China', 2.0500, 3, '2016-05-23 00:00:00', 'New', NULL, NULL),
	(4280, 202, 35, '2017-02-04 00:00:00', '2016-06-09 00:00:00', 'Joseph Jenkins', '00001 Fairfield Center', NULL, 'Masht?l as S?q', NULL, NULL, 'Egypt', 5.3200, 1, '2016-12-28 00:00:00', 'New', NULL, NULL),
	(4281, 203, 76, '2016-05-19 00:00:00', '2016-07-29 00:00:00', 'Eugene Garcia', '8308 Onsgard Lane', NULL, 'Limoncito', NULL, NULL, 'Bolivia', 4.0700, 1, '2016-10-20 00:00:00', 'Shipped', NULL, NULL),
	(4282, 204, 27, '2016-07-20 00:00:00', '2016-09-26 00:00:00', 'Kevin Anderson', '8 Thierer Center', NULL, 'Saint-Étienne', 'Rhône-Alpes', '42963 CEDEX 9', 'France', 4.8800, 1, '2016-07-21 00:00:00', 'Complete', NULL, NULL),
	(4283, 214, 50, '2016-11-27 00:00:00', '2016-06-14 00:00:00', 'Robin Parker', '51949 Forster Parkway', NULL, 'Laval', 'Pays de la Loire', '53009 CEDEX', 'France', 1.0400, 3, '2016-04-20 00:00:00', 'Complete', NULL, NULL),
	(4284, 214, 74, '2016-11-29 00:00:00', '2016-12-08 00:00:00', 'Kelly Palmer', '2 Hauk Hill', NULL, 'Östersund', 'Jämtland', '831 17', 'Sweden', 4.2600, 1, '2016-10-08 00:00:00', 'Complete', NULL, NULL),
	(4285, 214, 76, '2016-10-22 00:00:00', '2016-05-05 00:00:00', 'Diane Freeman', '5441 Petterle Way', NULL, 'El Tambo', NULL, NULL, 'Peru', 7.1700, 3, '2016-09-27 00:00:00', 'New', NULL, NULL),
	(4286, 209, 96, '2016-11-08 00:00:00', '2016-08-26 00:00:00', 'Kathleen Adams', '423 Talisman Point', NULL, 'Kurume', NULL, '963-8846', 'Japan', 1.9900, 4, '2016-05-19 00:00:00', 'On Hold', NULL, NULL),
	(4287, 204, 76, '2016-10-18 00:00:00', '2017-01-15 00:00:00', 'Teresa Mendoza', '818 Atwood Lane', NULL, 'Mosteiro', 'Viana do Castelo', '4980-125', 'Portugal', 3.2900, 4, '2016-10-03 00:00:00', 'On Hold', NULL, NULL),
	(4288, 210, 45, '2016-10-15 00:00:00', '2016-12-14 00:00:00', 'Irene Anderson', '4 Rutledge Alley', NULL, 'Saparua', NULL, NULL, 'Indonesia', 4.3500, 1, '2016-10-13 00:00:00', 'On Hold', NULL, NULL),
	(4289, 209, 61, '2017-02-12 00:00:00', '2016-07-15 00:00:00', 'Terry Bennett', '351 Johnson Circle', NULL, 'Quiling', NULL, '2902', 'Philippines', 6.7700, 1, '2016-07-20 00:00:00', 'New', NULL, NULL),
	(4290, 203, 1, '2017-03-02 00:00:00', '2016-08-25 00:00:00', 'Ronald Mccoy', '73609 Waywood Center', NULL, 'Zheleznodorozhnyy', NULL, '238411', 'Russia', 1.0500, 4, '2016-06-10 00:00:00', 'New', NULL, NULL),
	(4291, 211, 73, '2016-09-13 00:00:00', '2016-04-17 00:00:00', 'Andrew Matthews', '820 Lawn Crossing', NULL, 'Japeri', NULL, '26400-000', 'Brazil', 1.2200, 4, '2016-09-08 00:00:00', 'New', NULL, NULL),
	(4292, 215, 15, '2016-12-26 00:00:00', '2016-10-04 00:00:00', 'Melissa Chapman', '88384 Ohio Park', NULL, 'Dayr al Ghu??n', NULL, NULL, 'Palestinian Territory', 9.8900, 3, '2016-08-14 00:00:00', 'Shipped', NULL, NULL),
	(4293, 210, 18, '2016-11-23 00:00:00', '2016-12-12 00:00:00', 'Russell Griffin', '6 Eliot Lane', NULL, 'Changshu City', NULL, NULL, 'China', 9.3700, 3, '2016-05-10 00:00:00', 'On Hold', NULL, NULL),
	(4294, 206, 95, '2016-06-24 00:00:00', '2017-01-21 00:00:00', 'Jeffrey Gray', '04078 Hudson Drive', NULL, 'Luangwa', NULL, NULL, 'Zambia', 2.5800, 4, '2016-06-15 00:00:00', 'Shipped', NULL, NULL),
	(4295, 215, 85, '2016-10-23 00:00:00', '2017-01-29 00:00:00', 'Lori Frazier', '724 Logan Drive', NULL, 'Gent', 'Vlaanderen', '9052', 'Belgium', 8.5900, 4, '2017-01-01 00:00:00', 'New', NULL, NULL),
	(4296, 217, 83, '2016-04-08 00:00:00', '2017-02-07 00:00:00', 'Joan Ortiz', '90 Merchant Avenue', NULL, 'Irasan', NULL, '3120', 'Philippines', 4.6400, 1, '2016-09-01 00:00:00', 'Complete', NULL, NULL),
	(4297, 211, 29, '2016-07-13 00:00:00', '2017-02-06 00:00:00', 'John Stanley', '680 Artisan Pass', NULL, 'Borås', 'Västra Götaland', '504 75', 'Sweden', 1.7700, 4, '2016-07-12 00:00:00', 'On Hold', NULL, NULL),
	(4298, 208, 65, '2016-12-28 00:00:00', '2016-04-19 00:00:00', 'Dorothy Bell', '397 Kim Place', NULL, 'Zhongxin', NULL, NULL, 'China', 1.2000, 3, '2017-01-28 00:00:00', 'On Hold', NULL, NULL),
	(4299, 201, 43, '2017-01-12 00:00:00', '2016-08-07 00:00:00', 'Doris Ramirez', '181 Prentice Terrace', NULL, 'Severnyy', NULL, '141707', 'Russia', 2.6500, 1, '2016-08-13 00:00:00', 'Shipped', NULL, NULL),
	(4300, 207, 27, '2016-11-10 00:00:00', '2016-11-01 00:00:00', 'Elizabeth Harrison', '067 Talisman Trail', NULL, 'Guangang', NULL, NULL, 'China', 4.7800, 3, '2016-04-30 00:00:00', 'On Hold', NULL, NULL),
	(4301, 206, 64, '2016-08-14 00:00:00', '2017-01-13 00:00:00', 'Judith Howard', '55095 Sloan Alley', NULL, 'Longhua', NULL, NULL, 'China', 1.9300, 1, '2016-10-29 00:00:00', 'New', NULL, NULL),
	(4302, 213, 33, '2017-01-19 00:00:00', '2016-05-23 00:00:00', 'Julia Simpson', '87375 Londonderry Parkway', NULL, 'Fufang', NULL, NULL, 'China', 9.2300, 1, '2016-11-15 00:00:00', 'Shipped', NULL, NULL),
	(4303, 220, 49, '2016-08-01 00:00:00', '2016-04-23 00:00:00', 'Elizabeth Bell', '60 Ridgeview Trail', NULL, 'Infantas', 'Braga', '4810-578', 'Portugal', 3.2200, 3, '2017-02-01 00:00:00', 'Complete', NULL, NULL),
	(4304, 217, 56, '2016-09-07 00:00:00', '2016-08-13 00:00:00', 'Ernest Andrews', '231 Graceland Terrace', NULL, 'Pindamonhangaba', NULL, '12400-000', 'Brazil', 2.7700, 1, '2016-04-04 00:00:00', 'On Hold', NULL, NULL),
	(4305, 219, 44, '2016-06-11 00:00:00', '2016-03-27 00:00:00', 'Jeffrey Lopez', '76434 Havey Court', NULL, 'Khvalovo', NULL, '187435', 'Russia', 8.8400, 4, '2016-04-14 00:00:00', 'Shipped', NULL, NULL),
	(4306, 212, 16, '2016-05-29 00:00:00', '2016-12-31 00:00:00', 'Ralph Weaver', '15 Armistice Alley', NULL, 'Odienné', NULL, NULL, 'Ivory Coast', 7.1000, 1, '2017-01-09 00:00:00', 'Shipped', NULL, NULL),
	(4307, 210, 16, '2016-10-19 00:00:00', '2017-01-10 00:00:00', 'Mary Stevens', '1928 Aberg Park', NULL, 'Dzwola', NULL, '23-304', 'Poland', 4.0400, 1, '2016-08-24 00:00:00', 'Complete', NULL, NULL),
	(4308, 220, 50, '2016-09-23 00:00:00', '2016-09-16 00:00:00', 'Douglas Welch', '9 Ryan Circle', NULL, 'Babakanloa', NULL, NULL, 'Indonesia', 1.1100, 1, '2016-10-13 00:00:00', 'Shipped', NULL, NULL),
	(4309, 217, 99, '2016-10-17 00:00:00', '2017-01-01 00:00:00', 'Raymond Cruz', '0402 Burning Wood Alley', NULL, 'Bucay', NULL, '2805', 'Philippines', 9.2700, 4, '2016-06-02 00:00:00', 'Complete', NULL, NULL),
	(4310, 219, 65, '2016-04-14 00:00:00', '2016-05-14 00:00:00', 'Sara Frazier', '43 Truax Terrace', NULL, 'Halton', 'England', 'LS9', 'United Kingdom', 5.5600, 3, '2016-12-04 00:00:00', 'New', NULL, NULL),
	(4311, 220, 17, '2017-02-03 00:00:00', '2016-07-09 00:00:00', 'Sarah Lane', '414 Gina Point', NULL, 'Fulong', NULL, NULL, 'China', 3.3500, 4, '2016-12-27 00:00:00', 'New', NULL, NULL),
	(4312, 205, 77, '2017-02-27 00:00:00', '2016-04-10 00:00:00', 'Michelle Bradley', '16664 Towne Point', NULL, 'Yangchun', NULL, NULL, 'China', 8.6400, 4, '2017-01-28 00:00:00', 'Complete', NULL, NULL),
	(4313, 210, 68, '2016-08-29 00:00:00', '2016-10-27 00:00:00', 'Marie Porter', '7802 Hovde Plaza', NULL, 'Redakodi', NULL, NULL, 'Indonesia', 1.9700, 4, '2016-11-08 00:00:00', 'Complete', NULL, NULL),
	(4314, 207, 41, '2016-08-08 00:00:00', '2016-08-31 00:00:00', 'Melissa Moore', '438 Mendota Way', NULL, 'Bensonville', NULL, NULL, 'Liberia', 7.9700, 4, '2017-01-17 00:00:00', 'New', NULL, NULL),
	(4315, 212, 96, '2016-08-08 00:00:00', '2016-07-27 00:00:00', 'Katherine Bell', '76 Manley Park', NULL, 'Xagmakajor', NULL, NULL, 'China', 7.4900, 4, '2016-03-29 00:00:00', 'New', NULL, NULL),
	(4316, 209, 67, '2016-09-26 00:00:00', '2017-02-03 00:00:00', 'Katherine Elliott', '86 Nelson Point', NULL, 'Boavista', 'Aveiro', '4520-104', 'Portugal', 1.9200, 1, '2016-04-28 00:00:00', 'Complete', NULL, NULL),
	(4317, 219, 40, '2016-10-09 00:00:00', '2016-12-21 00:00:00', 'Dorothy Rose', '75962 Basil Drive', NULL, 'Pécs', 'Baranya', '7610', 'Hungary', 3.2300, 1, '2017-02-21 00:00:00', 'Shipped', NULL, NULL),
	(4318, 209, 68, '2017-01-15 00:00:00', '2017-01-03 00:00:00', 'Larry Hicks', '5985 Crest Line Road', NULL, 'Lingqiao', NULL, NULL, 'China', 2.7700, 3, '2017-01-20 00:00:00', 'Complete', NULL, NULL),
	(4319, 214, 55, '2016-07-14 00:00:00', '2017-03-05 00:00:00', 'Paula Rodriguez', '6 Lawn Court', NULL, 'Simajia', NULL, NULL, 'China', 6.3300, 3, '2016-04-08 00:00:00', 'Shipped', NULL, NULL),
	(4320, 203, 83, '2016-12-26 00:00:00', '2016-10-07 00:00:00', 'Sharon Richards', '43297 Rigney Avenue', NULL, 'Salto', NULL, NULL, 'Uruguay', 7.3200, 3, '2016-09-14 00:00:00', 'Complete', NULL, NULL),
	(4321, 215, 29, '2016-12-27 00:00:00', '2016-07-21 00:00:00', 'Craig Day', '22 Thierer Center', NULL, 'Alberton', 'Prince Edward Island', 'P7K', 'Canada', 5.3200, 3, '2016-04-02 00:00:00', 'On Hold', NULL, NULL),
	(4322, 207, 80, '2016-12-06 00:00:00', '2016-05-21 00:00:00', 'Donna Butler', '4149 Bartelt Point', NULL, 'Carbonear', 'Newfoundland and Labrador', 'A1Y', 'Canada', 3.1000, 3, '2016-10-03 00:00:00', 'New', NULL, NULL),
	(4323, 216, 31, '2016-06-27 00:00:00', '2017-03-13 00:00:00', 'Carolyn Ferguson', '97225 Bartelt Avenue', NULL, 'Tinalmud', NULL, '1531', 'Philippines', 7.1100, 4, '2016-05-22 00:00:00', 'Complete', NULL, NULL),
	(4324, 212, 78, '2016-05-19 00:00:00', '2016-11-14 00:00:00', 'Peter Romero', '22977 Westridge Terrace', NULL, 'Toulouse', 'Midi-Pyrénées', '31029 CEDEX 4', 'France', 2.9700, 3, '2016-09-09 00:00:00', 'Shipped', NULL, NULL),
	(4325, 213, 73, '2017-02-18 00:00:00', '2016-09-22 00:00:00', 'Jose Greene', '40351 Rusk Place', NULL, 'Vila Nova de Gaia', 'Porto', '4400-005', 'Portugal', 5.7600, 4, '2016-12-12 00:00:00', 'Shipped', NULL, NULL),
	(4326, 208, 62, '2017-02-14 00:00:00', '2016-11-13 00:00:00', 'Betty Anderson', '8403 Melody Center', NULL, 'B?sh', NULL, NULL, 'Egypt', 9.5600, 3, '2016-10-08 00:00:00', 'Shipped', NULL, NULL),
	(4327, 220, 56, '2016-09-06 00:00:00', '2016-08-17 00:00:00', 'Amanda Frazier', '47 Dapin Center', NULL, 'Pasirmanggu', NULL, NULL, 'Indonesia', 2.2500, 1, '2016-07-11 00:00:00', 'On Hold', NULL, NULL),
	(4328, 201, 24, '2016-10-29 00:00:00', '2017-01-25 00:00:00', 'Douglas Foster', '6953 Stoughton Avenue', NULL, 'Bokhan', NULL, '669310', 'Russia', 1.2600, 1, '2016-07-06 00:00:00', 'Complete', NULL, NULL),
	(4329, 206, 33, '2017-03-09 00:00:00', '2017-03-12 00:00:00', 'Louis Brown', '76 Little Fleur Park', NULL, 'Shazhenxi', NULL, NULL, 'China', 3.4000, 3, '2016-08-09 00:00:00', 'Complete', NULL, NULL),
	(4330, 205, 61, '2016-04-14 00:00:00', '2016-09-26 00:00:00', 'Elizabeth Butler', '82 Springview Road', NULL, 'Kimito', NULL, '11710', 'Finland', 1.9200, 1, '2016-10-18 00:00:00', 'Shipped', NULL, NULL),
	(4331, 220, 39, '2016-06-10 00:00:00', '2016-04-07 00:00:00', 'Albert Flores', '19 Talmadge Hill', NULL, 'Almelo', 'Provincie Overijssel', '7604', 'Netherlands', 4.2300, 3, '2016-12-15 00:00:00', 'Shipped', NULL, NULL),
	(4332, 217, 47, '2016-10-25 00:00:00', '2016-09-28 00:00:00', 'Kimberly Fowler', '0 Trailsway Crossing', NULL, 'Iwata', NULL, '925-0145', 'Japan', 8.1400, 3, '2016-06-06 00:00:00', 'On Hold', NULL, NULL),
	(4333, 209, 12, '2016-12-25 00:00:00', '2016-10-31 00:00:00', 'Joe Powell', '5 Everett Drive', NULL, 'Bergen', 'Hordaland', '5895', 'Norway', 8.0200, 4, '2016-09-05 00:00:00', 'Shipped', NULL, NULL),
	(4334, 219, 1, '2016-08-12 00:00:00', '2017-02-18 00:00:00', 'Virginia Collins', '78693 Cordelia Point', NULL, 'San Benito', NULL, '8423', 'Philippines', 8.4000, 4, '2017-01-06 00:00:00', 'Complete', NULL, NULL),
	(4335, 220, 59, '2017-02-26 00:00:00', '2016-11-05 00:00:00', 'Mary Howard', '5 Golf View Street', NULL, 'Gjinkar', NULL, NULL, 'Albania', 3.5400, 1, '2016-06-09 00:00:00', 'Complete', NULL, NULL),
	(4336, 220, 19, '2017-02-09 00:00:00', '2017-01-26 00:00:00', 'Ronald Stevens', '57 Old Shore Crossing', NULL, 'Bureng', NULL, NULL, 'Gambia', 8.2100, 1, '2016-12-21 00:00:00', 'On Hold', NULL, NULL),
	(4337, 204, 59, '2016-05-14 00:00:00', '2016-07-08 00:00:00', 'James Evans', '44078 Warner Drive', NULL, 'Amurzet', NULL, '679230', 'Russia', 9.3500, 1, '2016-07-22 00:00:00', 'Complete', NULL, NULL),
	(4338, 213, 96, '2016-09-02 00:00:00', '2016-11-10 00:00:00', 'Willie Snyder', '361 Stone Corner Pass', NULL, 'Sindangsari', NULL, NULL, 'Indonesia', 9.3200, 3, '2016-04-10 00:00:00', 'Complete', NULL, NULL),
	(4339, 220, 30, '2017-03-04 00:00:00', '2016-08-16 00:00:00', 'Julie Black', '2922 Grasskamp Alley', NULL, 'Cotonou', NULL, NULL, 'Benin', 9.1400, 4, '2017-03-07 00:00:00', 'Shipped', NULL, NULL),
	(4340, 206, 17, '2016-11-18 00:00:00', '2016-11-24 00:00:00', 'Roy Olson', '4 Shopko Hill', NULL, 'Binagadi', NULL, NULL, 'Azerbaijan', 5.2200, 3, '2016-10-14 00:00:00', 'Shipped', NULL, NULL),
	(4341, 202, 28, '2016-11-18 00:00:00', '2017-02-18 00:00:00', 'Evelyn Lawrence', '90 Crownhardt Center', NULL, 'Bayshint', NULL, NULL, 'Mongolia', 7.2500, 3, '2016-12-16 00:00:00', 'On Hold', NULL, NULL),
	(4342, 209, 37, '2016-10-30 00:00:00', '2016-06-07 00:00:00', 'John Rodriguez', '69 Golf View Avenue', NULL, 'Hezuoqiao', NULL, NULL, 'China', 8.2300, 4, '2016-11-05 00:00:00', 'On Hold', NULL, NULL),
	(4343, 203, 51, '2016-04-09 00:00:00', '2016-12-17 00:00:00', 'Ruth Kim', '0027 Dunning Pass', NULL, 'Kuteynykove', NULL, NULL, 'Ukraine', 2.4600, 4, '2016-03-28 00:00:00', 'New', NULL, NULL),
	(4344, 217, 34, '2016-12-16 00:00:00', '2016-10-11 00:00:00', 'Shawn Patterson', '36 Little Fleur Circle', NULL, 'Xiekou', NULL, NULL, 'China', 6.4300, 4, '2016-03-27 00:00:00', 'New', NULL, NULL),
	(4345, 213, 59, '2016-10-30 00:00:00', '2016-07-10 00:00:00', 'Nancy Jones', '47088 Crowley Junction', NULL, 'Promna', NULL, '26-803', 'Poland', 5.6700, 4, '2016-12-02 00:00:00', 'Complete', NULL, NULL),
	(4346, 217, 70, '2016-12-27 00:00:00', '2016-10-06 00:00:00', 'Deborah Bishop', '1 Summer Ridge Circle', NULL, 'Bunobogu', NULL, NULL, 'Indonesia', 7.5700, 4, '2016-09-19 00:00:00', 'New', NULL, NULL),
	(4347, 203, 30, '2016-05-26 00:00:00', '2016-08-14 00:00:00', 'Steve Hunt', '4393 Summer Ridge Crossing', NULL, 'Hoš?ka', NULL, '348 06', 'Czech Republic', 5.7800, 4, '2016-12-30 00:00:00', 'Shipped', NULL, NULL),
	(4348, 203, 9, '2016-04-14 00:00:00', '2016-10-19 00:00:00', 'Betty Black', '23 Nova Junction', NULL, 'S?pólno Kraje?skie', NULL, '89-400', 'Poland', 8.5500, 4, '2016-09-23 00:00:00', 'New', NULL, NULL),
	(4349, 211, 95, '2017-01-28 00:00:00', '2016-04-13 00:00:00', 'Gregory Wood', '96 Grasskamp Point', NULL, 'Psará', NULL, NULL, 'Greece', 8.4700, 4, '2016-12-18 00:00:00', 'Shipped', NULL, NULL),
	(4350, 218, 97, '2016-03-22 00:00:00', '2016-04-13 00:00:00', 'Martin Martinez', '5 Towne Crossing', NULL, 'Kista', 'Stockholm', '164 45', 'Sweden', 8.0700, 3, '2016-05-15 00:00:00', 'On Hold', NULL, NULL),
	(4351, 215, 80, '2016-06-20 00:00:00', '2016-11-05 00:00:00', 'Margaret Cook', '82 Eggendart Junction', NULL, 'Omuthiya', NULL, NULL, 'Namibia', 9.7100, 4, '2016-09-18 00:00:00', 'Shipped', NULL, NULL),
	(4352, 211, 15, '2016-09-02 00:00:00', '2017-01-23 00:00:00', 'Justin Myers', '6734 Continental Drive', NULL, 'Tadabliro', NULL, NULL, 'Indonesia', 2.2300, 4, '2016-05-12 00:00:00', 'New', NULL, NULL),
	(4353, 216, 77, '2016-10-09 00:00:00', '2016-07-31 00:00:00', 'Jane Ruiz', '2743 Harbort Center', NULL, 'Pasar', NULL, NULL, 'Indonesia', 4.8800, 4, '2016-06-04 00:00:00', 'New', NULL, NULL),
	(4354, 202, 53, '2017-03-15 00:00:00', '2016-06-21 00:00:00', 'Philip Bradley', '6 Bartillon Park', NULL, 'Aimorés', NULL, '35200-000', 'Brazil', 5.0100, 4, '2016-05-16 00:00:00', 'New', NULL, NULL),
	(4355, 220, 14, '2017-01-03 00:00:00', '2016-05-07 00:00:00', 'Phillip White', '1 Schurz Crossing', NULL, 'Tuzhai', NULL, NULL, 'China', 7.0600, 3, '2016-10-18 00:00:00', 'New', NULL, NULL),
	(4356, 208, 85, '2016-12-26 00:00:00', '2016-07-28 00:00:00', 'George Ryan', '92 Morrow Road', NULL, 'Nijmegen', 'Provincie Gelderland', '6519', 'Netherlands', 5.7600, 4, '2016-12-14 00:00:00', 'New', NULL, NULL),
	(4357, 208, 73, '2016-04-06 00:00:00', '2016-04-01 00:00:00', 'Evelyn Rose', '134 Milwaukee Lane', NULL, 'Tiechang', NULL, NULL, 'China', 5.3700, 4, '2016-12-19 00:00:00', 'Shipped', NULL, NULL),
	(4358, 202, 77, '2016-04-14 00:00:00', '2016-10-21 00:00:00', 'Janet Robertson', '09309 Dottie Park', NULL, 'Ljubeš?ica', NULL, '42222', 'Croatia', 5.2700, 4, '2016-06-07 00:00:00', 'On Hold', NULL, NULL),
	(4359, 202, 35, '2016-05-08 00:00:00', '2017-01-27 00:00:00', 'Diana Perry', '95535 Lotheville Center', NULL, 'Kvasice', NULL, '768 21', 'Czech Republic', 7.1000, 1, '2016-07-27 00:00:00', 'New', NULL, NULL),
	(4360, 210, 86, '2016-11-23 00:00:00', '2016-10-12 00:00:00', 'Todd Elliott', '6737 Melrose Road', NULL, 'Catumbela', NULL, NULL, 'Angola', 2.1900, 3, '2016-04-05 00:00:00', 'Shipped', NULL, NULL),
	(4361, 209, 45, '2016-04-07 00:00:00', '2016-06-30 00:00:00', 'Emily Dean', '143 Ridge Oak Alley', NULL, 'Diriá', NULL, NULL, 'Nicaragua', 1.3300, 4, '2016-12-31 00:00:00', 'Complete', NULL, NULL),
	(4362, 208, 88, '2016-05-08 00:00:00', '2016-04-14 00:00:00', 'Eric Simpson', '8113 Graceland Junction', NULL, 'Borovoy', NULL, '309135', 'Russia', 3.8100, 1, '2016-06-21 00:00:00', 'Shipped', NULL, NULL),
	(4363, 211, 84, '2016-12-31 00:00:00', '2016-06-05 00:00:00', 'Alan Chapman', '461 Westport Center', NULL, 'Inayauan', NULL, '3336', 'Philippines', 8.6200, 1, '2017-03-03 00:00:00', 'Complete', NULL, NULL),
	(4364, 205, 100, '2016-09-10 00:00:00', '2017-02-19 00:00:00', 'Denise Dixon', '066 Gerald Avenue', NULL, 'Venëv', NULL, '301320', 'Russia', 4.8200, 3, '2016-04-22 00:00:00', 'Shipped', NULL, NULL),
	(4365, 211, 7, '2017-03-09 00:00:00', '2017-03-16 00:00:00', 'Douglas Nelson', '03051 Grasskamp Way', NULL, 'Póvoa', 'Vila Real', '4870-130', 'Portugal', 1.6700, 3, '2016-08-30 00:00:00', 'Complete', NULL, NULL),
	(4366, 213, 24, '2016-04-25 00:00:00', '2016-06-06 00:00:00', 'Louis Frazier', '65 Buhler Circle', NULL, 'B?leh Sav?r', NULL, NULL, 'Iran', 9.5300, 3, '2016-12-20 00:00:00', 'Complete', NULL, NULL),
	(4367, 207, 8, '2016-09-24 00:00:00', '2016-04-06 00:00:00', 'Theresa Stanley', '487 Birchwood Point', NULL, 'T’et’ri Tsqaro', NULL, NULL, 'Georgia', 5.0600, 4, '2016-04-08 00:00:00', 'New', NULL, NULL),
	(4368, 207, 76, '2016-12-21 00:00:00', '2016-05-03 00:00:00', 'Sean Chapman', '3917 Miller Pass', NULL, 'Andaray', NULL, NULL, 'Peru', 4.3600, 3, '2016-07-25 00:00:00', 'New', NULL, NULL),
	(4369, 215, 90, '2016-03-30 00:00:00', '2017-01-03 00:00:00', 'Eugene Brooks', '137 1st Hill', NULL, 'Independencia', 'Tamaulipas', '89888', 'Mexico', 9.5600, 3, '2017-01-23 00:00:00', 'Shipped', NULL, NULL),
	(4370, 204, 33, '2016-12-17 00:00:00', '2016-10-22 00:00:00', 'Joan Martin', '24 Hayes Point', NULL, 'Dobrze? Wielki', NULL, '46-081', 'Poland', 8.8700, 4, '2016-07-09 00:00:00', 'Shipped', NULL, NULL),
	(4371, 204, 13, '2016-12-11 00:00:00', '2016-05-07 00:00:00', 'Martha Mendoza', '0 Sommers Point', NULL, 'Jiamachi', NULL, NULL, 'China', 1.5300, 3, '2016-08-05 00:00:00', 'On Hold', NULL, NULL),
	(4372, 211, 90, '2016-10-27 00:00:00', '2017-02-14 00:00:00', 'Joan Allen', '64 Bluestem Drive', NULL, 'Conde', 'Braga', '4815-019', 'Portugal', 2.6600, 1, '2016-09-25 00:00:00', 'Shipped', NULL, NULL),
	(4373, 208, 81, '2016-08-20 00:00:00', '2017-03-16 00:00:00', 'Tammy Richards', '15541 Ramsey Alley', NULL, 'Gunungkendeng', NULL, NULL, 'Indonesia', 5.6600, 4, '2016-05-03 00:00:00', 'Shipped', NULL, NULL),
	(4374, 216, 19, '2017-01-22 00:00:00', '2016-09-10 00:00:00', 'Andrea Medina', '3 Goodland Pass', NULL, '?ar?b', NULL, NULL, 'Yemen', 1.0300, 1, '2016-10-12 00:00:00', 'Shipped', NULL, NULL),
	(4375, 213, 8, '2016-09-13 00:00:00', '2016-12-21 00:00:00', 'Antonio Carpenter', '453 Duke Point', NULL, 'Rouen', 'Haute-Normandie', '76029 CEDEX', 'France', 5.1100, 4, '2017-01-26 00:00:00', 'Complete', NULL, NULL),
	(4376, 207, 83, '2016-11-29 00:00:00', '2016-04-13 00:00:00', 'Jeffrey Smith', '7 Old Shore Center', NULL, 'Licuan', NULL, '2500', 'Philippines', 8.5500, 4, '2016-11-08 00:00:00', 'New', NULL, NULL),
	(4377, 216, 13, '2016-11-06 00:00:00', '2016-10-08 00:00:00', 'Mark Perkins', '57 Troy Court', NULL, 'Mojimán', NULL, NULL, 'Honduras', 2.0300, 1, '2017-01-06 00:00:00', 'Shipped', NULL, NULL),
	(4378, 219, 4, '2016-08-05 00:00:00', '2017-03-04 00:00:00', 'Louis Jordan', '5 Armistice Street', NULL, 'Labège', 'Midi-Pyrénées', '31673 CEDEX', 'France', 3.6100, 4, '2016-12-07 00:00:00', 'New', NULL, NULL),
	(4379, 218, 66, '2017-02-26 00:00:00', '2016-11-18 00:00:00', 'Fred Johnson', '4 Dovetail Crossing', NULL, 'Santa Cruz', NULL, NULL, 'Venezuela', 1.0800, 4, '2016-04-02 00:00:00', 'Complete', NULL, NULL),
	(4380, 201, 27, '2016-09-01 00:00:00', '2016-05-08 00:00:00', 'Rose Harvey', '8 Canary Plaza', NULL, 'Pingtan', NULL, NULL, 'China', 6.9000, 3, '2016-12-09 00:00:00', 'Complete', NULL, NULL),
	(4381, 209, 89, '2017-02-04 00:00:00', '2016-08-30 00:00:00', 'Christine Thomas', '008 Carberry Alley', NULL, 'Logung', NULL, NULL, 'Indonesia', 6.1300, 1, '2016-05-09 00:00:00', 'On Hold', NULL, NULL),
	(4382, 204, 47, '2016-08-11 00:00:00', '2016-12-27 00:00:00', 'Juan Reed', '4337 Del Sol Hill', NULL, 'Dayeuhluhur', NULL, NULL, 'Indonesia', 7.7600, 1, '2016-06-15 00:00:00', 'New', NULL, NULL),
	(4383, 215, 30, '2016-08-07 00:00:00', '2016-07-22 00:00:00', 'Diane Gray', '899 Oneill Pass', NULL, 'Alegrete', NULL, '97540-000', 'Brazil', 5.6200, 4, '2016-12-26 00:00:00', 'Complete', NULL, NULL),
	(4384, 212, 88, '2016-07-23 00:00:00', '2016-05-07 00:00:00', 'Louise Baker', '46092 Kedzie Court', NULL, 'Ban Mo', NULL, '18130', 'Thailand', 4.0000, 1, '2016-07-11 00:00:00', 'Complete', NULL, NULL),
	(4385, 203, 62, '2017-02-20 00:00:00', '2016-10-01 00:00:00', 'Paul Thompson', '77444 Northwestern Pass', NULL, 'Francisco I Madero', 'Coahuila De Zaragoza', '26010', 'Mexico', 3.9900, 3, '2016-12-23 00:00:00', 'Shipped', NULL, NULL),
	(4386, 218, 26, '2016-09-02 00:00:00', '2016-06-10 00:00:00', 'Anne Kim', '67814 Buena Vista Court', NULL, 'Sanjie', NULL, NULL, 'China', 9.6100, 1, '2016-04-05 00:00:00', 'New', NULL, NULL),
	(4387, 219, 20, '2017-03-05 00:00:00', '2016-12-19 00:00:00', 'Matthew Gutierrez', '33055 Evergreen Crossing', NULL, 'Cusco', NULL, NULL, 'Peru', 6.5200, 3, '2017-02-17 00:00:00', 'Shipped', NULL, NULL),
	(4388, 219, 71, '2016-09-06 00:00:00', '2016-05-24 00:00:00', 'Janet Hernandez', '9243 Forest Run Parkway', NULL, 'Ulanov', NULL, NULL, 'Ukraine', 3.0400, 4, '2016-09-20 00:00:00', 'New', NULL, NULL),
	(4389, 207, 2, '2016-04-25 00:00:00', '2017-02-16 00:00:00', 'Louis Chapman', '878 Roth Alley', NULL, 'Kusak', NULL, '423430', 'Russia', 5.7800, 4, '2017-02-18 00:00:00', 'On Hold', NULL, NULL),
	(4390, 218, 64, '2016-09-25 00:00:00', '2016-09-22 00:00:00', 'Joe Carpenter', '56 Artisan Park', NULL, 'Xinjiang', NULL, NULL, 'China', 8.2000, 1, '2016-12-01 00:00:00', 'On Hold', NULL, NULL),
	(4391, 218, 64, '2016-07-30 00:00:00', '2016-07-23 00:00:00', 'Charles Harper', '7 Sutherland Road', NULL, 'Tatarbunary', NULL, NULL, 'Ukraine', 4.6200, 4, '2016-06-29 00:00:00', 'Shipped', NULL, NULL),
	(4392, 206, 92, '2016-05-05 00:00:00', '2016-07-17 00:00:00', 'Craig Reynolds', '3 Erie Park', NULL, 'East End', NULL, NULL, 'Cayman Islands', 2.0300, 3, '2017-02-03 00:00:00', 'New', NULL, NULL),
	(4393, 212, 45, '2016-06-29 00:00:00', '2016-06-17 00:00:00', 'Raymond Mcdonald', '792 Brown Trail', NULL, 'Yangfang', NULL, NULL, 'China', 4.4400, 1, '2017-02-27 00:00:00', 'Complete', NULL, NULL),
	(4394, 211, 87, '2016-09-28 00:00:00', '2016-04-03 00:00:00', 'Sandra Medina', '7 Eagan Circle', NULL, 'Baratleke', NULL, NULL, 'Indonesia', 4.3400, 4, '2017-01-05 00:00:00', 'Complete', NULL, NULL),
	(4395, 203, 57, '2016-08-18 00:00:00', '2017-03-05 00:00:00', 'Sean Carpenter', '33 Dottie Park', NULL, 'Sokal’', NULL, NULL, 'Ukraine', 5.3900, 4, '2017-02-22 00:00:00', 'On Hold', NULL, NULL),
	(4396, 203, 87, '2016-06-19 00:00:00', '2016-07-10 00:00:00', 'Alice Ferguson', '0399 Dixon Hill', NULL, 'Privolzhskiy', NULL, '413138', 'Russia', 8.7400, 4, '2016-12-23 00:00:00', 'New', NULL, NULL),
	(4397, 216, 61, '2016-08-01 00:00:00', '2016-12-25 00:00:00', 'Diana Nguyen', '5052 Rigney Junction', NULL, 'Guaynabo', 'Pr', '00971', 'Puerto Rico', 5.3600, 3, '2016-07-12 00:00:00', 'On Hold', NULL, NULL),
	(4398, 211, 52, '2016-12-04 00:00:00', '2016-05-11 00:00:00', 'Earl Gutierrez', '32 Summit Avenue', NULL, 'Maqbanah', NULL, NULL, 'Yemen', 5.8200, 4, '2016-07-21 00:00:00', 'New', NULL, NULL),
	(4399, 208, 71, '2016-05-16 00:00:00', '2017-02-25 00:00:00', 'Gloria Gordon', '5 Prentice Trail', NULL, 'Xichang', NULL, NULL, 'China', 3.2000, 1, '2016-05-24 00:00:00', 'Complete', NULL, NULL),
	(4400, 218, 7, '2016-09-06 00:00:00', '2016-03-21 00:00:00', 'Robert Wheeler', '83 Logan Circle', NULL, 'Zhongshan', NULL, NULL, 'China', 9.1500, 4, '2016-08-16 00:00:00', 'Shipped', NULL, NULL),
	(4401, 210, 53, '2016-09-05 00:00:00', '2016-05-01 00:00:00', 'Walter Williamson', '8459 American Plaza', NULL, 'Santo Rosario', NULL, '3114', 'Philippines', 7.7100, 3, '2017-01-25 00:00:00', 'New', NULL, NULL),
	(4402, 216, 92, '2016-10-10 00:00:00', '2016-03-28 00:00:00', 'Jonathan James', '164 Bonner Hill', NULL, 'Vale de Mendiz', 'Vila Real', '5085-105', 'Portugal', 2.9600, 1, '2016-07-15 00:00:00', 'Shipped', NULL, NULL),
	(4403, 212, 12, '2016-09-15 00:00:00', '2016-11-11 00:00:00', 'Judy Williams', '207 Scofield Place', NULL, 'Lawa-an', NULL, '5706', 'Philippines', 9.6800, 3, '2016-04-30 00:00:00', 'On Hold', NULL, NULL),
	(4404, 213, 83, '2016-04-25 00:00:00', '2016-05-14 00:00:00', 'Amy Olson', '84189 Schurz Circle', NULL, 'Ogoja', NULL, NULL, 'Nigeria', 5.1800, 1, '2016-11-02 00:00:00', 'Complete', NULL, NULL),
	(4405, 209, 7, '2016-12-01 00:00:00', '2016-08-30 00:00:00', 'Donna Vasquez', '82460 Ridgeway Hill', NULL, 'La Guacamaya', NULL, NULL, 'Honduras', 5.3200, 1, '2017-02-11 00:00:00', 'Complete', NULL, NULL),
	(4406, 209, 66, '2016-09-14 00:00:00', '2016-05-13 00:00:00', 'Susan Jacobs', '17 Morningstar Lane', NULL, 'Chedao', NULL, NULL, 'China', 4.1200, 4, '2016-11-11 00:00:00', 'New', NULL, NULL),
	(4407, 214, 57, '2016-05-04 00:00:00', '2016-06-03 00:00:00', 'Kathryn Burns', '116 Hollow Ridge Park', NULL, 'Comagascas', NULL, '1950', 'Philippines', 1.0500, 4, '2017-01-28 00:00:00', 'New', NULL, NULL),
	(4408, 201, 64, '2017-02-11 00:00:00', '2016-06-08 00:00:00', 'Doris Bennett', '090 Lien Place', NULL, 'Luotang', NULL, NULL, 'China', 1.3500, 4, '2016-12-16 00:00:00', 'Complete', NULL, NULL),
	(4409, 209, 41, '2017-02-28 00:00:00', '2016-09-05 00:00:00', 'Cynthia Robertson', '6 Eliot Center', NULL, 'Abu Dhabi', NULL, NULL, 'United Arab Emirates', 4.2100, 3, '2017-01-01 00:00:00', 'New', NULL, NULL),
	(4410, 215, 24, '2016-08-28 00:00:00', '2016-10-30 00:00:00', 'Jonathan Parker', '0 Weeping Birch Hill', NULL, 'Cienfuegos', NULL, NULL, 'Cuba', 1.6900, 1, '2017-01-21 00:00:00', 'Shipped', NULL, NULL),
	(4411, 206, 10, '2016-08-30 00:00:00', '2016-12-06 00:00:00', 'Bobby Foster', '8279 Ridgeview Place', NULL, 'Cruz Alta', NULL, '98000-000', 'Brazil', 7.5000, 4, '2016-09-09 00:00:00', 'On Hold', NULL, NULL),
	(4412, 205, 65, '2016-12-13 00:00:00', '2017-02-27 00:00:00', 'Phyllis Moore', '806 Acker Drive', NULL, 'Paoay', NULL, '2902', 'Philippines', 4.6300, 4, '2017-01-11 00:00:00', 'Shipped', NULL, NULL),
	(4413, 211, 2, '2016-12-05 00:00:00', '2016-12-07 00:00:00', 'Kevin Gordon', '00875 Sherman Lane', NULL, 'Wansheng', NULL, NULL, 'China', 2.7000, 1, '2016-07-31 00:00:00', 'New', NULL, NULL),
	(4414, 219, 25, '2017-02-08 00:00:00', '2016-06-22 00:00:00', 'Jack Mccoy', '2 Killdeer Center', NULL, 'Gresik', NULL, NULL, 'Indonesia', 4.1000, 3, '2017-03-05 00:00:00', 'On Hold', NULL, NULL),
	(4415, 220, 9, '2017-01-02 00:00:00', '2016-08-28 00:00:00', 'Margaret Fuller', '1960 Parkside Hill', NULL, 'Kafr Zayt?', NULL, NULL, 'Syria', 1.0900, 4, '2016-08-07 00:00:00', 'New', NULL, NULL),
	(4416, 214, 100, '2017-01-07 00:00:00', '2017-02-07 00:00:00', 'Melissa Nichols', '6 Lakewood Gardens Avenue', NULL, 'Stockholm', 'Stockholm', '113 90', 'Sweden', 4.1000, 4, '2016-03-31 00:00:00', 'On Hold', NULL, NULL),
	(4417, 210, 87, '2017-01-23 00:00:00', '2016-12-14 00:00:00', 'William Webb', '84 Mifflin Junction', NULL, 'Kanungu', NULL, NULL, 'Uganda', 4.3800, 1, '2016-05-05 00:00:00', 'Complete', NULL, NULL),
	(4418, 213, 29, '2017-01-05 00:00:00', '2017-02-07 00:00:00', 'Anne Gonzales', '7 Myrtle Plaza', NULL, 'Davila', NULL, '2012', 'Philippines', 5.4500, 4, '2016-05-23 00:00:00', 'Shipped', NULL, NULL),
	(4419, 212, 94, '2016-10-19 00:00:00', '2016-12-20 00:00:00', 'Kathleen Graham', '22 Forest Run Hill', NULL, 'Mollepampa', NULL, NULL, 'Peru', 5.8600, 3, '2016-07-31 00:00:00', 'Shipped', NULL, NULL),
	(4420, 201, 32, '2016-11-29 00:00:00', '2016-09-24 00:00:00', 'Diana Sanders', '8925 Kennedy Parkway', NULL, 'San Miguel de Tucumán', NULL, '4137', 'Argentina', 3.7100, 4, '2016-08-10 00:00:00', 'Complete', NULL, NULL),
	(4421, 208, 58, '2017-03-02 00:00:00', '2016-04-03 00:00:00', 'Willie Wright', '60 Old Shore Alley', NULL, 'Jinjiang', NULL, NULL, 'China', 6.7200, 1, '2016-10-09 00:00:00', 'Shipped', NULL, NULL),
	(4422, 206, 59, '2016-04-19 00:00:00', '2016-12-29 00:00:00', 'Frank Evans', '785 Little Fleur Center', NULL, 'El Triunfo', NULL, NULL, 'Ecuador', 9.4300, 3, '2016-05-13 00:00:00', 'New', NULL, NULL),
	(4423, 209, 68, '2016-08-22 00:00:00', '2016-11-20 00:00:00', 'Phillip Carter', '6398 John Wall Center', NULL, 'Shouxihu', NULL, NULL, 'China', 4.2200, 3, '2016-10-18 00:00:00', 'New', NULL, NULL),
	(4424, 205, 31, '2016-10-05 00:00:00', '2016-10-09 00:00:00', 'Lillian Gomez', '17560 Melrose Point', NULL, 'Milwaukee', 'Wisconsin', '53205', 'United States', 1.1600, 3, '2016-04-17 00:00:00', 'On Hold', NULL, NULL),
	(4425, 202, 7, '2016-07-24 00:00:00', '2017-02-22 00:00:00', 'John Ortiz', '45 Vera Place', NULL, 'Kiel', 'Schleswig-Holstein', '24109', 'Germany', 5.8600, 4, '2016-10-13 00:00:00', 'On Hold', NULL, NULL),
	(4426, 214, 80, '2016-10-04 00:00:00', '2016-09-01 00:00:00', 'Brandon Fields', '94792 Jackson Hill', NULL, 'San Juan', 'Pr', '00918', 'Puerto Rico', 2.5400, 3, '2016-12-19 00:00:00', 'On Hold', NULL, NULL),
	(4427, 209, 23, '2016-06-23 00:00:00', '2016-04-29 00:00:00', 'Willie Hart', '20 Sloan Terrace', NULL, 'Mount Darwin', NULL, NULL, 'Zimbabwe', 3.7100, 4, '2016-09-22 00:00:00', 'Complete', NULL, NULL),
	(4428, 211, 7, '2016-09-07 00:00:00', '2016-10-28 00:00:00', 'Walter Montgomery', '67285 Crowley Road', NULL, 'Wailolong', NULL, NULL, 'Indonesia', 9.7900, 3, '2016-04-05 00:00:00', 'Complete', NULL, NULL),
	(4429, 217, 10, '2017-03-02 00:00:00', '2016-11-27 00:00:00', 'Sara Williamson', '72 Monterey Circle', NULL, 'Salvacion', NULL, '1114', 'Philippines', 3.3300, 1, '2016-05-18 00:00:00', 'On Hold', NULL, NULL),
	(4430, 210, 12, '2017-02-18 00:00:00', '2016-03-17 00:00:00', 'Wayne Sanders', '21302 Valley Edge Pass', NULL, 'Balakasap', NULL, NULL, 'Indonesia', 2.1800, 1, '2016-06-02 00:00:00', 'New', NULL, NULL),
	(4431, 220, 80, '2016-10-01 00:00:00', '2016-09-28 00:00:00', 'Cynthia Allen', '1 Karstens Avenue', NULL, 'Santo António das Areias', 'Portalegre', '7330-254', 'Portugal', 3.4000, 4, '2016-08-21 00:00:00', 'New', NULL, NULL),
	(4432, 211, 95, '2017-02-04 00:00:00', '2016-03-17 00:00:00', 'Jonathan Hughes', '93993 Fairview Junction', NULL, 'Buje', NULL, '52460', 'Croatia', 5.1900, 4, '2016-10-01 00:00:00', 'New', NULL, NULL),
	(4433, 208, 67, '2017-02-11 00:00:00', '2016-06-01 00:00:00', 'Gerald Wright', '77811 Dennis Point', NULL, 'Hohoe', NULL, NULL, 'Ghana', 3.2500, 1, '2016-07-15 00:00:00', 'New', NULL, NULL),
	(4434, 201, 53, '2016-12-25 00:00:00', '2017-01-07 00:00:00', 'Roy Anderson', '182 High Crossing Terrace', NULL, 'Bajiazi', NULL, NULL, 'China', 8.8000, 1, '2017-02-11 00:00:00', 'Shipped', NULL, NULL),
	(4435, 207, 3, '2016-05-30 00:00:00', '2016-04-07 00:00:00', 'Brenda Wright', '98 Kim Drive', NULL, 'Lillehammer', 'Oppland', '2605', 'Norway', 5.7600, 4, '2017-02-02 00:00:00', 'On Hold', NULL, NULL),
	(4436, 204, 29, '2016-07-19 00:00:00', '2016-07-05 00:00:00', 'Philip Price', '16 Brown Plaza', NULL, '?apljina', NULL, NULL, 'Bosnia and Herzegovina', 9.6200, 4, '2016-11-05 00:00:00', 'On Hold', NULL, NULL),
	(4437, 210, 80, '2016-10-13 00:00:00', '2016-04-24 00:00:00', 'Michelle Webb', '4160 Everett Point', NULL, 'Waepana', NULL, NULL, 'Indonesia', 9.5400, 4, '2016-07-11 00:00:00', 'Complete', NULL, NULL),
	(4438, 209, 6, '2016-12-31 00:00:00', '2017-01-27 00:00:00', 'Heather Fields', '10 Fairview Center', NULL, 'Z?otniki Kujawskie', NULL, '88-180', 'Poland', 1.8100, 4, '2017-03-15 00:00:00', 'Shipped', NULL, NULL),
	(4439, 216, 53, '2017-02-01 00:00:00', '2016-09-12 00:00:00', 'Ryan Long', '0 Gateway Avenue', NULL, 'Pizhanka', NULL, '613380', 'Russia', 9.3400, 4, '2016-07-02 00:00:00', 'New', NULL, NULL),
	(4440, 211, 25, '2017-02-03 00:00:00', '2016-10-13 00:00:00', 'Joyce Stewart', '61 Burrows Street', NULL, 'Kushelevka', NULL, '658381', 'Russia', 6.4000, 4, '2017-01-29 00:00:00', 'On Hold', NULL, NULL),
	(4441, 215, 93, '2016-03-21 00:00:00', '2016-11-17 00:00:00', 'Walter Arnold', '97613 Pond Avenue', NULL, 'Looc', NULL, '5507', 'Philippines', 1.0900, 4, '2016-10-05 00:00:00', 'Shipped', NULL, NULL),
	(4442, 214, 10, '2016-05-10 00:00:00', '2016-05-31 00:00:00', 'Irene Simmons', '36 Larry Court', NULL, 'Rozhdestveno', NULL, '399768', 'Russia', 4.8200, 3, '2017-01-13 00:00:00', 'Complete', NULL, NULL),
	(4443, 208, 19, '2017-02-09 00:00:00', '2017-02-05 00:00:00', 'Christina Mccoy', '1482 Rockefeller Point', NULL, 'Rybatskoye', NULL, '196851', 'Russia', 1.6200, 4, '2016-09-14 00:00:00', 'Shipped', NULL, NULL),
	(4444, 210, 98, '2017-02-15 00:00:00', '2016-05-17 00:00:00', 'Marie Fowler', '04 Prairie Rose Junction', NULL, 'Chicago', 'Illinois', '60604', 'United States', 7.4700, 1, '2017-02-22 00:00:00', 'Complete', NULL, NULL),
	(4445, 218, 32, '2017-02-12 00:00:00', '2016-05-20 00:00:00', 'Louise Bell', '3 Charing Cross Pass', NULL, 'Selce', NULL, '1219', 'Macedonia', 4.4700, 4, '2016-04-01 00:00:00', 'New', NULL, NULL),
	(4446, 209, 25, '2016-09-22 00:00:00', '2016-12-03 00:00:00', 'Barbara Black', '697 Oneill Drive', NULL, 'Shanghang', NULL, NULL, 'China', 4.6600, 3, '2016-11-09 00:00:00', 'On Hold', NULL, NULL),
	(4447, 209, 100, '2016-08-26 00:00:00', '2017-01-16 00:00:00', 'James Holmes', '77 Marcy Court', NULL, 'Estreito', NULL, '65975-000', 'Brazil', 9.8500, 3, '2016-12-04 00:00:00', 'On Hold', NULL, NULL),
	(4448, 210, 72, '2016-06-25 00:00:00', '2016-12-07 00:00:00', 'Kenneth Williams', '6400 Milwaukee Hill', NULL, 'Wanshan', NULL, NULL, 'China', 3.6600, 1, '2016-06-09 00:00:00', 'On Hold', NULL, NULL),
	(4449, 213, 16, '2016-12-13 00:00:00', '2016-08-07 00:00:00', 'Joshua Jacobs', '8 Judy Park', NULL, 'Ágios Andréas', NULL, NULL, 'Greece', 3.8100, 4, '2016-07-07 00:00:00', 'Complete', NULL, NULL),
	(4450, 216, 100, '2016-12-21 00:00:00', '2017-02-13 00:00:00', 'Aaron Sanders', '1 Dakota Court', NULL, 'Huayllo', NULL, NULL, 'Peru', 7.5900, 4, '2016-04-22 00:00:00', 'On Hold', NULL, NULL),
	(4451, 211, 50, '2016-08-22 00:00:00', '2016-06-05 00:00:00', 'Eugene Scott', '03 Golden Leaf Point', NULL, 'Stírion', NULL, NULL, 'Greece', 8.9900, 1, '2017-02-25 00:00:00', 'New', NULL, NULL),
	(4452, 220, 86, '2016-05-07 00:00:00', '2016-07-20 00:00:00', 'Cynthia Phillips', '820 Merchant Way', NULL, 'Mrongi Daja', NULL, NULL, 'Indonesia', 2.2100, 3, '2016-04-27 00:00:00', 'On Hold', NULL, NULL),
	(4453, 213, 58, '2016-10-30 00:00:00', '2016-03-22 00:00:00', 'Martin Reed', '14 Meadow Vale Alley', NULL, 'Jiangdong', NULL, NULL, 'China', 3.5800, 4, '2017-02-12 00:00:00', 'Complete', NULL, NULL),
	(4454, 206, 98, '2016-05-14 00:00:00', '2016-11-07 00:00:00', 'Janet Porter', '74391 Ronald Regan Park', NULL, 'Lamakera Dua', NULL, NULL, 'Indonesia', 9.8600, 3, '2016-06-12 00:00:00', 'New', NULL, NULL),
	(4455, 204, 2, '2016-03-28 00:00:00', '2016-04-11 00:00:00', 'Amanda Duncan', '047 Jenna Road', NULL, 'Tungawan', NULL, '7018', 'Philippines', 2.0400, 1, '2016-07-09 00:00:00', 'New', NULL, NULL),
	(4456, 211, 58, '2016-08-05 00:00:00', '2016-11-19 00:00:00', 'Joseph Henderson', '14 Morningstar Pass', NULL, 'Kolobolon', NULL, NULL, 'Indonesia', 6.4400, 3, '2016-05-24 00:00:00', 'New', NULL, NULL),
	(4457, 215, 21, '2017-02-15 00:00:00', '2016-06-11 00:00:00', 'Cynthia Bishop', '066 Surrey Pass', NULL, 'H?ng Yên', NULL, NULL, 'Vietnam', 1.6100, 3, '2016-07-05 00:00:00', 'Shipped', NULL, NULL),
	(4458, 211, 10, '2016-08-08 00:00:00', '2016-08-06 00:00:00', 'Craig Andrews', '7 Mariners Cove Court', NULL, 'Tuanchengshan', NULL, NULL, 'China', 8.4000, 4, '2016-12-15 00:00:00', 'New', NULL, NULL),
	(4459, 211, 71, '2016-05-13 00:00:00', '2017-02-19 00:00:00', 'Steve Warren', '6702 Delladonna Point', NULL, 'Pražmo', NULL, '739 04', 'Czech Republic', 8.2900, 1, '2016-06-29 00:00:00', 'New', NULL, NULL),
	(4460, 214, 5, '2016-12-21 00:00:00', '2016-06-21 00:00:00', 'Brenda Mills', '77934 Prairieview Way', NULL, 'Huafeng', NULL, NULL, 'China', 6.7600, 4, '2016-07-08 00:00:00', 'New', NULL, NULL),
	(4461, 212, 34, '2016-04-27 00:00:00', '2016-07-22 00:00:00', 'Randy Wright', '9 Thackeray Way', NULL, 'Dv?r Králové nad Labem', NULL, '544 01', 'Czech Republic', 9.4500, 1, '2016-03-20 00:00:00', 'Shipped', NULL, NULL),
	(4462, 202, 47, '2016-10-31 00:00:00', '2016-06-30 00:00:00', 'Michelle Ramirez', '0152 Old Shore Road', NULL, 'Pulaupinang', NULL, NULL, 'Indonesia', 2.4200, 1, '2016-09-05 00:00:00', 'New', NULL, NULL),
	(4463, 209, 86, '2016-07-30 00:00:00', '2016-04-29 00:00:00', 'Frank Duncan', '67 Buell Terrace', NULL, 'Krasne', NULL, NULL, 'Ukraine', 2.7100, 1, '2016-06-22 00:00:00', 'Complete', NULL, NULL),
	(4464, 204, 62, '2017-03-01 00:00:00', '2017-03-11 00:00:00', 'Carlos Warren', '978 Merrick Circle', NULL, 'Penghua', NULL, NULL, 'China', 7.2900, 4, '2016-03-22 00:00:00', 'Shipped', NULL, NULL),
	(4465, 202, 87, '2016-06-23 00:00:00', '2016-11-15 00:00:00', 'Tina Gardner', '0 Mcguire Terrace', NULL, 'Cangqian', NULL, NULL, 'China', 2.1700, 1, '2016-06-01 00:00:00', 'New', NULL, NULL),
	(4466, 220, 31, '2016-06-04 00:00:00', '2016-06-08 00:00:00', 'Stephen Turner', '17 Leroy Plaza', NULL, 'Pedaringan', NULL, NULL, 'Indonesia', 8.8900, 3, '2016-05-09 00:00:00', 'Shipped', NULL, NULL),
	(4467, 210, 35, '2016-05-21 00:00:00', '2016-09-26 00:00:00', 'Melissa Wilson', '61199 Forest Center', NULL, 'Krmelín', NULL, '739 24', 'Czech Republic', 2.3500, 1, '2016-06-20 00:00:00', 'On Hold', NULL, NULL),
	(4468, 216, 50, '2016-09-10 00:00:00', '2016-12-02 00:00:00', 'Billy Harper', '8940 Fisk Parkway', NULL, 'San Jose', 'California', '95113', 'United States', 3.9800, 4, '2016-10-04 00:00:00', 'Complete', NULL, NULL),
	(4469, 207, 22, '2016-06-03 00:00:00', '2016-11-06 00:00:00', 'Carl Davis', '5 Lindbergh Street', NULL, 'Taling Chan', NULL, '10170', 'Thailand', 4.7100, 1, '2017-02-03 00:00:00', 'New', NULL, NULL),
	(4470, 211, 64, '2016-06-16 00:00:00', '2016-05-26 00:00:00', 'Gerald Henry', '2221 Porter Crossing', NULL, 'Mozdok', NULL, '363759', 'Russia', 9.5700, 4, '2016-10-11 00:00:00', 'Shipped', NULL, NULL),
	(4471, 206, 25, '2016-07-27 00:00:00', '2016-08-24 00:00:00', 'Debra Garza', '65379 Sunnyside Trail', NULL, 'Jiadingzhen', NULL, NULL, 'China', 1.0600, 3, '2016-06-23 00:00:00', 'On Hold', NULL, NULL),
	(4472, 204, 18, '2016-08-30 00:00:00', '2016-10-09 00:00:00', 'Margaret Rodriguez', '3202 Marquette Point', NULL, 'Oranzherei', NULL, '416368', 'Russia', 3.3500, 3, '2016-06-18 00:00:00', 'On Hold', NULL, NULL),
	(4473, 212, 88, '2016-10-29 00:00:00', '2016-05-25 00:00:00', 'William Burke', '46 Kingsford Center', NULL, 'San Juan', NULL, '11301', 'Costa Rica', 3.8500, 3, '2017-02-12 00:00:00', 'Shipped', NULL, NULL),
	(4474, 217, 9, '2017-02-19 00:00:00', '2016-05-29 00:00:00', 'Larry Myers', '731 Packers Point', NULL, 'Trelleborg', 'Skåne', '231 68', 'Sweden', 4.4600, 1, '2016-06-19 00:00:00', 'New', NULL, NULL),
	(4475, 202, 40, '2016-11-03 00:00:00', '2016-04-25 00:00:00', 'Virginia Hall', '141 Rowland Way', NULL, 'Aoji-ri', NULL, NULL, 'North Korea', 7.5800, 3, '2016-11-13 00:00:00', 'Shipped', NULL, NULL),
	(4476, 211, 16, '2017-03-07 00:00:00', '2016-10-14 00:00:00', 'Doris Berry', '60 Rusk Lane', NULL, 'Al Qam??yah', NULL, NULL, 'Syria', 1.8000, 3, '2016-03-19 00:00:00', 'On Hold', NULL, NULL),
	(4477, 210, 87, '2016-12-04 00:00:00', '2016-03-22 00:00:00', 'Juan Richards', '3830 Randy Parkway', NULL, 'Nakhon Nayok', NULL, '26120', 'Thailand', 1.2200, 1, '2016-08-05 00:00:00', 'Complete', NULL, NULL),
	(4478, 203, 34, '2017-01-28 00:00:00', '2016-09-27 00:00:00', 'Kimberly Fox', '34957 Elka Way', NULL, 'Santiago', NULL, '97700-000', 'Brazil', 3.9900, 3, '2016-07-06 00:00:00', 'On Hold', NULL, NULL),
	(4479, 219, 89, '2016-07-01 00:00:00', '2016-05-31 00:00:00', 'Ruby Ruiz', '90581 American Hill', NULL, 'Agudos', NULL, '17120-000', 'Brazil', 5.9700, 4, '2016-06-03 00:00:00', 'On Hold', NULL, NULL),
	(4480, 203, 53, '2016-10-17 00:00:00', '2016-11-07 00:00:00', 'Ruby Robinson', '385 Carioca Plaza', NULL, 'Kalangan', NULL, NULL, 'Indonesia', 8.7100, 1, '2016-12-01 00:00:00', 'Complete', NULL, NULL),
	(4481, 207, 91, '2017-02-25 00:00:00', '2016-03-31 00:00:00', 'Victor Lopez', '170 Mariners Cove Circle', NULL, 'Bressuire', 'Poitou-Charentes', '79304 CEDEX', 'France', 8.5900, 3, '2016-07-30 00:00:00', 'Complete', NULL, NULL),
	(4482, 215, 58, '2017-02-15 00:00:00', '2016-07-25 00:00:00', 'Kimberly Marshall', '647 Summerview Circle', NULL, 'Timahankrajan', NULL, NULL, 'Indonesia', 3.0700, 3, '2016-04-21 00:00:00', 'On Hold', NULL, NULL),
	(4483, 207, 76, '2016-06-27 00:00:00', '2016-10-15 00:00:00', 'Pamela Matthews', '9379 Summit Trail', NULL, 'Brangsi', NULL, NULL, 'Indonesia', 1.3500, 1, '2016-05-27 00:00:00', 'New', NULL, NULL),
	(4484, 210, 98, '2017-02-03 00:00:00', '2016-11-04 00:00:00', 'Randy Patterson', '6641 American Ash Point', NULL, 'Ivanec', NULL, '42240', 'Croatia', 2.3600, 1, '2016-10-31 00:00:00', 'Shipped', NULL, NULL),
	(4485, 205, 71, '2017-01-01 00:00:00', '2017-02-16 00:00:00', 'Carolyn Garza', '281 Raven Lane', NULL, 'Jingyang', NULL, NULL, 'China', 6.8500, 3, '2016-04-27 00:00:00', 'Shipped', NULL, NULL),
	(4486, 202, 20, '2016-07-24 00:00:00', '2016-07-06 00:00:00', 'Ruth Perkins', '5656 Northview Lane', NULL, 'Burevestnik', NULL, '607612', 'Russia', 9.2900, 4, '2017-03-16 00:00:00', 'On Hold', NULL, NULL),
	(4487, 203, 49, '2017-02-20 00:00:00', '2017-01-12 00:00:00', 'Kelly Oliver', '249 Londonderry Pass', NULL, 'Grande Rivière du Nord', NULL, NULL, 'Haiti', 7.6500, 3, '2016-12-04 00:00:00', 'Shipped', NULL, NULL),
	(4488, 203, 67, '2016-11-09 00:00:00', '2016-07-19 00:00:00', 'Shirley Henry', '3045 Rowland Lane', NULL, 'Midlands', NULL, NULL, 'Mauritius', 5.3500, 3, '2016-06-14 00:00:00', 'Complete', NULL, NULL),
	(4489, 209, 100, '2017-01-24 00:00:00', '2016-05-30 00:00:00', 'Marie Ferguson', '629 Crownhardt Junction', NULL, 'El Paso', 'Texas', '88546', 'United States', 5.1800, 3, '2016-04-20 00:00:00', 'Shipped', NULL, NULL),
	(4490, 202, 87, '2016-06-27 00:00:00', '2016-09-05 00:00:00', 'Rachel Scott', '343 Schurz Road', NULL, 'Cabiguan', NULL, '1144', 'Philippines', 1.0500, 4, '2016-07-24 00:00:00', 'Shipped', NULL, NULL),
	(4491, 211, 93, '2017-01-16 00:00:00', '2016-09-29 00:00:00', 'Henry Fields', '26143 Del Sol Avenue', NULL, 'Huangduobu', NULL, NULL, 'China', 6.1500, 1, '2016-06-02 00:00:00', 'Shipped', NULL, NULL),
	(4492, 217, 10, '2016-12-08 00:00:00', '2016-10-01 00:00:00', 'Harold Jones', '2 Oak Avenue', NULL, 'Surkhakhi', NULL, '386147', 'Russia', 9.9600, 1, '2016-04-07 00:00:00', 'New', NULL, NULL),
	(4493, 217, 35, '2016-05-05 00:00:00', '2016-05-01 00:00:00', 'Walter Wright', '12 Paget Road', NULL, 'Siluman', NULL, NULL, 'Indonesia', 2.1000, 4, '2016-10-26 00:00:00', 'On Hold', NULL, NULL),
	(4494, 206, 51, '2017-02-25 00:00:00', '2016-10-24 00:00:00', 'Marilyn Hayes', '4 5th Way', NULL, 'Punkaharju', NULL, '58501', 'Finland', 3.5700, 4, '2016-06-22 00:00:00', 'New', NULL, NULL),
	(4495, 208, 3, '2016-12-27 00:00:00', '2016-09-09 00:00:00', 'Sandra West', '0384 Bowman Center', NULL, 'Tagta', NULL, NULL, 'Turkmenistan', 6.4500, 4, '2016-08-25 00:00:00', 'New', NULL, NULL),
	(4496, 218, 41, '2017-01-10 00:00:00', '2016-12-11 00:00:00', 'Dennis Meyer', '4 Cambridge Alley', NULL, 'Cariamanga', NULL, NULL, 'Ecuador', 5.3300, 3, '2016-09-28 00:00:00', 'New', NULL, NULL),
	(4497, 216, 76, '2016-09-28 00:00:00', '2016-05-12 00:00:00', 'Frank Dean', '23227 Veith Park', NULL, 'Fengqiao', NULL, NULL, 'China', 6.7200, 4, '2016-04-12 00:00:00', 'Complete', NULL, NULL),
	(4498, 204, 3, '2016-11-11 00:00:00', '2016-12-01 00:00:00', 'Amy Palmer', '7735 Maple Wood Road', NULL, 'Dzia?oszyce', NULL, '28-440', 'Poland', 3.0800, 1, '2016-09-07 00:00:00', 'Shipped', NULL, NULL),
	(4499, 211, 96, '2017-02-04 00:00:00', '2016-03-27 00:00:00', 'Emily Nelson', '3 Crownhardt Plaza', NULL, 'Oslob', NULL, '6025', 'Philippines', 6.4100, 1, '2016-09-25 00:00:00', 'On Hold', NULL, NULL),
	(4500, 204, 7, '2016-04-29 00:00:00', '2017-01-20 00:00:00', 'Randy Hanson', '687 Drewry Place', NULL, 'Barberena', NULL, '06002', 'Guatemala', 2.5100, 1, '2016-12-12 00:00:00', 'Complete', NULL, NULL),
	(4501, 215, 92, '2017-02-27 00:00:00', '2016-09-26 00:00:00', 'Raymond Banks', '826 Mendota Pass', NULL, 'Chicago', 'Illinois', '60681', 'United States', 3.3400, 1, '2016-10-30 00:00:00', 'Complete', NULL, NULL),
	(4502, 220, 24, '2016-10-01 00:00:00', '2016-09-26 00:00:00', 'Kimberly Robertson', '2643 Becker Trail', NULL, 'Columbus', 'Georgia', '31904', 'United States', 3.0700, 3, '2016-04-27 00:00:00', 'Complete', NULL, NULL),
	(4503, 215, 52, '2017-02-25 00:00:00', '2016-08-08 00:00:00', 'Marilyn Miller', '1 Tennessee Park', NULL, 'Spokane', 'Washington', '99252', 'United States', 5.3400, 3, '2016-08-16 00:00:00', 'On Hold', NULL, NULL),
	(4504, 220, 35, '2017-01-27 00:00:00', '2016-09-08 00:00:00', 'Marie Carpenter', '4575 Fair Oaks Hill', NULL, 'Richmond', 'Virginia', '23293', 'United States', 7.0100, 4, '2016-04-06 00:00:00', 'Shipped', NULL, NULL),
	(4505, 203, 10, '2016-06-24 00:00:00', '2017-02-22 00:00:00', 'Nicholas Wells', '823 Duke Center', NULL, 'Irvine', 'California', '92710', 'United States', 1.4000, 3, '2016-06-17 00:00:00', 'On Hold', NULL, NULL),
	(4506, 207, 26, '2016-12-26 00:00:00', '2017-03-14 00:00:00', 'John Dean', '06 Spenser Place', NULL, 'Charleston', 'South Carolina', '29403', 'United States', 1.3100, 4, '2016-10-25 00:00:00', 'Shipped', NULL, NULL),
	(4507, 216, 28, '2016-08-22 00:00:00', '2016-12-13 00:00:00', 'Diana Spencer', '26 Ridgeway Plaza', NULL, 'Ogden', 'Utah', '84403', 'United States', 9.4200, 4, '2016-04-13 00:00:00', 'Shipped', NULL, NULL),
	(4508, 213, 90, '2016-08-31 00:00:00', '2017-01-13 00:00:00', 'Wanda Bowman', '862 Iowa Avenue', NULL, 'Kansas City', 'Kansas', '66160', 'United States', 7.1000, 4, '2016-10-19 00:00:00', 'Complete', NULL, NULL),
	(4509, 204, 93, '2016-07-07 00:00:00', '2016-05-31 00:00:00', 'Andrew Garrett', '27066 Gina Road', NULL, 'El Paso', 'Texas', '88558', 'United States', 6.8800, 3, '2016-04-23 00:00:00', 'Complete', NULL, NULL),
	(4510, 202, 56, '2017-02-06 00:00:00', '2016-10-29 00:00:00', 'Juan Webb', '6233 South Junction', NULL, 'Lafayette', 'Louisiana', '70505', 'United States', 1.0700, 4, '2016-05-20 00:00:00', 'New', NULL, NULL),
	(4511, 219, 54, '2016-11-08 00:00:00', '2016-06-17 00:00:00', 'William Gardner', '5 Meadow Ridge Terrace', NULL, 'Tacoma', 'Washington', '98447', 'United States', 4.4600, 3, '2016-05-25 00:00:00', 'Complete', NULL, NULL),
	(4512, 215, 4, '2016-09-09 00:00:00', '2016-08-21 00:00:00', 'Fred Fernandez', '15 Ludington Junction', NULL, 'San Rafael', 'California', '94913', 'United States', 4.3000, 4, '2016-09-02 00:00:00', 'New', NULL, NULL),
	(4513, 206, 54, '2016-10-28 00:00:00', '2016-06-30 00:00:00', 'Ruth Ellis', '41196 Rieder Avenue', NULL, 'Baltimore', 'Maryland', '21211', 'United States', 8.3900, 1, '2016-05-29 00:00:00', 'Complete', NULL, NULL),
	(4514, 215, 73, '2017-02-26 00:00:00', '2016-09-17 00:00:00', 'David Ferguson', '5813 Brown Parkway', NULL, 'Shawnee Mission', 'Kansas', '66286', 'United States', 2.7100, 1, '2016-04-18 00:00:00', 'Shipped', NULL, NULL),
	(4515, 216, 23, '2016-11-08 00:00:00', '2016-06-27 00:00:00', 'Susan Freeman', '0 Bashford Parkway', NULL, 'Tucson', 'Arizona', '85720', 'United States', 5.5000, 3, '2017-02-01 00:00:00', 'Shipped', NULL, NULL),
	(4516, 212, 9, '2016-04-30 00:00:00', '2016-12-31 00:00:00', 'Alan Hunt', '193 Declaration Plaza', NULL, 'Louisville', 'Kentucky', '40256', 'United States', 9.7400, 4, '2017-01-20 00:00:00', 'On Hold', NULL, NULL),
	(4517, 202, 46, '2017-02-01 00:00:00', '2016-07-22 00:00:00', 'Phillip Romero', '1860 Thompson Crossing', NULL, 'Biloxi', 'Mississippi', '39534', 'United States', 3.0200, 1, '2016-11-04 00:00:00', 'Complete', NULL, NULL),
	(4518, 203, 75, '2016-09-07 00:00:00', '2016-11-14 00:00:00', 'George Diaz', '6 Mcguire Center', NULL, 'Mesa', 'Arizona', '85210', 'United States', 7.8400, 3, '2016-06-21 00:00:00', 'Shipped', NULL, NULL),
	(4519, 217, 68, '2016-10-07 00:00:00', '2016-08-15 00:00:00', 'Virginia King', '7405 High Crossing Alley', NULL, 'Sioux City', 'Iowa', '51105', 'United States', 4.0300, 3, '2016-05-09 00:00:00', 'Complete', NULL, NULL),
	(4520, 216, 6, '2017-02-18 00:00:00', '2017-02-17 00:00:00', 'Brenda Ruiz', '224 Badeau Street', NULL, 'Corpus Christi', 'Texas', '78426', 'United States', 9.1100, 3, '2016-11-13 00:00:00', 'New', NULL, NULL),
	(4521, 201, 84, '2016-09-17 00:00:00', '2016-06-15 00:00:00', 'Debra Brown', '94 Morningstar Center', NULL, 'San Francisco', 'California', '94177', 'United States', 6.5900, 3, '2017-03-10 00:00:00', 'Shipped', NULL, NULL),
	(4522, 205, 89, '2016-10-22 00:00:00', '2017-03-13 00:00:00', 'Emily Henry', '79 Manufacturers Center', NULL, 'Los Angeles', 'California', '90020', 'United States', 4.1100, 4, '2016-10-27 00:00:00', 'Complete', NULL, NULL),
	(4523, 211, 67, '2016-04-17 00:00:00', '2017-02-12 00:00:00', 'Aaron Peterson', '504 Schlimgen Terrace', NULL, 'Bethesda', 'Maryland', '20892', 'United States', 5.4200, 1, '2016-08-25 00:00:00', 'Shipped', NULL, NULL),
	(4524, 215, 83, '2016-08-22 00:00:00', '2016-07-31 00:00:00', 'Janice Burke', '3 Mcbride Lane', NULL, 'Washington', 'District of Columbia', '20073', 'United States', 3.7600, 1, '2016-08-09 00:00:00', 'Shipped', NULL, NULL),
	(4525, 217, 100, '2016-03-31 00:00:00', '2016-12-09 00:00:00', 'Debra Kelley', '18155 Northview Plaza', NULL, 'Detroit', 'Michigan', '48267', 'United States', 2.2600, 4, '2016-12-29 00:00:00', 'On Hold', NULL, NULL),
	(4526, 214, 32, '2016-11-24 00:00:00', '2016-03-28 00:00:00', 'Donald Sims', '86 Michigan Avenue', NULL, 'Brooklyn', 'New York', '11231', 'United States', 5.0500, 3, '2016-08-07 00:00:00', 'Shipped', NULL, NULL),
	(4527, 205, 100, '2016-05-13 00:00:00', '2016-06-17 00:00:00', 'Daniel Mason', '4 Hanover Road', NULL, 'Reno', 'Nevada', '89595', 'United States', 4.8100, 3, '2016-10-22 00:00:00', 'Shipped', NULL, NULL),
	(4528, 201, 32, '2016-11-15 00:00:00', '2016-11-16 00:00:00', 'Howard Knight', '5 Weeping Birch Alley', NULL, 'Jacksonville', 'Florida', '32225', 'United States', 5.9900, 3, '2016-11-07 00:00:00', 'New', NULL, NULL),
	(4529, 213, 99, '2016-12-02 00:00:00', '2016-07-09 00:00:00', 'Virginia Hughes', '629 Manufacturers Point', NULL, 'Syracuse', 'New York', '13224', 'United States', 5.6000, 1, '2016-12-02 00:00:00', 'Complete', NULL, NULL),
	(4530, 219, 18, '2016-12-07 00:00:00', '2017-02-07 00:00:00', 'Carl Graham', '90 Heffernan Pass', NULL, 'Saint Petersburg', 'Florida', '33737', 'United States', 9.3500, 3, '2016-10-18 00:00:00', 'Complete', NULL, NULL),
	(4531, 201, 57, '2016-12-26 00:00:00', '2016-12-29 00:00:00', 'Joan Murray', '38 Bellgrove Crossing', NULL, 'Tacoma', 'Washington', '98447', 'United States', 6.6900, 1, '2016-12-05 00:00:00', 'On Hold', NULL, NULL),
	(4532, 202, 58, '2016-04-02 00:00:00', '2016-07-01 00:00:00', 'Robert Williams', '09407 Northfield Circle', NULL, 'Cedar Rapids', 'Iowa', '52410', 'United States', 6.5600, 1, '2016-04-16 00:00:00', 'On Hold', NULL, NULL),
	(4533, 218, 36, '2017-02-07 00:00:00', '2016-05-05 00:00:00', 'Ryan Black', '57199 Hoffman Place', NULL, 'Jacksonville', 'Florida', '32204', 'United States', 8.5400, 3, '2017-01-24 00:00:00', 'Shipped', NULL, NULL),
	(4534, 208, 92, '2016-07-09 00:00:00', '2016-06-20 00:00:00', 'Brenda Hunter', '16179 Ludington Court', NULL, 'Birmingham', 'Alabama', '35263', 'United States', 9.8200, 4, '2016-09-30 00:00:00', 'New', NULL, NULL),
	(4535, 214, 70, '2016-08-04 00:00:00', '2016-06-29 00:00:00', 'Anne Warren', '08161 Barnett Parkway', NULL, 'Van Nuys', 'California', '91411', 'United States', 7.0400, 4, '2017-02-24 00:00:00', 'Complete', NULL, NULL),
	(4536, 213, 99, '2017-01-11 00:00:00', '2017-01-21 00:00:00', 'Betty Snyder', '9 Badeau Court', NULL, 'Davenport', 'Iowa', '52804', 'United States', 8.7200, 1, '2016-09-03 00:00:00', 'Shipped', NULL, NULL),
	(4537, 217, 76, '2016-07-31 00:00:00', '2017-02-13 00:00:00', 'Edward Wilson', '1031 Esch Drive', NULL, 'Fresno', 'California', '93750', 'United States', 1.6400, 3, '2016-04-21 00:00:00', 'On Hold', NULL, NULL),
	(4538, 210, 60, '2016-06-22 00:00:00', '2016-04-10 00:00:00', 'Terry Butler', '124 Hoepker Pass', NULL, 'San Antonio', 'Texas', '78255', 'United States', 2.3500, 3, '2017-01-31 00:00:00', 'Complete', NULL, NULL),
	(4539, 220, 5, '2016-11-12 00:00:00', '2016-04-25 00:00:00', 'Emily Hawkins', '990 Quincy Drive', NULL, 'Richmond', 'Virginia', '23289', 'United States', 4.3600, 1, '2016-09-17 00:00:00', 'Complete', NULL, NULL),
	(4540, 213, 42, '2017-02-28 00:00:00', '2017-02-11 00:00:00', 'Cynthia Rose', '8881 Packers Trail', NULL, 'Berkeley', 'California', '94712', 'United States', 6.0900, 3, '2016-04-14 00:00:00', 'New', NULL, NULL),
	(4541, 204, 27, '2016-09-30 00:00:00', '2017-01-28 00:00:00', 'Lisa Turner', '83 Graedel Terrace', NULL, 'Oakland', 'California', '94611', 'United States', 9.6100, 1, '2016-05-07 00:00:00', 'Shipped', NULL, NULL),
	(4542, 219, 26, '2016-07-13 00:00:00', '2016-03-23 00:00:00', 'Jason Price', '475 Meadow Valley Point', NULL, 'Annapolis', 'Maryland', '21405', 'United States', 2.9300, 3, '2016-06-10 00:00:00', 'New', NULL, NULL),
	(4543, 202, 63, '2016-07-29 00:00:00', '2016-05-20 00:00:00', 'Joan Hayes', '7 Upham Center', NULL, 'Temple', 'Texas', '76505', 'United States', 7.3900, 1, '2016-09-20 00:00:00', 'Complete', NULL, NULL),
	(4544, 212, 97, '2016-10-31 00:00:00', '2017-01-16 00:00:00', 'Paula Torres', '443 Debs Terrace', NULL, 'Racine', 'Wisconsin', '53405', 'United States', 3.9300, 1, '2016-07-07 00:00:00', 'Shipped', NULL, NULL),
	(4545, 201, 33, '2017-03-08 00:00:00', '2016-08-21 00:00:00', 'Theresa Watkins', '85395 Rusk Center', NULL, 'Jackson', 'Mississippi', '39210', 'United States', 5.3200, 1, '2016-11-19 00:00:00', 'Complete', NULL, NULL),
	(4546, 211, 68, '2016-05-25 00:00:00', '2016-07-17 00:00:00', 'Clarence Nguyen', '155 Northport Road', NULL, 'Greensboro', 'North Carolina', '27455', 'United States', 7.0600, 4, '2016-08-24 00:00:00', 'Shipped', NULL, NULL),
	(4547, 203, 73, '2016-05-03 00:00:00', '2016-10-23 00:00:00', 'Jean Mason', '03 Eagle Crest Lane', NULL, 'Colorado Springs', 'Colorado', '80935', 'United States', 4.2000, 4, '2016-04-07 00:00:00', 'New', NULL, NULL),
	(4548, 217, 2, '2016-05-20 00:00:00', '2016-08-07 00:00:00', 'Nicole Brown', '364 Debra Lane', NULL, 'Washington', 'District of Columbia', '20046', 'United States', 7.9700, 4, '2016-04-30 00:00:00', 'New', NULL, NULL),
	(4549, 220, 89, '2016-04-11 00:00:00', '2016-12-11 00:00:00', 'Carol Chapman', '756 Muir Point', NULL, 'Washington', 'District of Columbia', '20397', 'United States', 2.2100, 1, '2017-02-05 00:00:00', 'Shipped', NULL, NULL),
	(4550, 211, 13, '2016-04-16 00:00:00', '2016-08-03 00:00:00', 'Roy George', '8 Anhalt Terrace', NULL, 'Indianapolis', 'Indiana', '46207', 'United States', 4.5000, 3, '2017-03-06 00:00:00', 'New', NULL, NULL),
	(4551, 219, 37, '2016-04-14 00:00:00', '2017-03-01 00:00:00', 'Heather Bishop', '0901 Tennessee Street', NULL, 'Kingsport', 'Tennessee', '37665', 'United States', 1.9200, 1, '2017-01-02 00:00:00', 'Shipped', NULL, NULL),
	(4552, 218, 94, '2017-03-05 00:00:00', '2016-06-01 00:00:00', 'Wayne Mason', '90645 Carberry Drive', NULL, 'Madison', 'Wisconsin', '53716', 'United States', 6.9600, 1, '2016-12-31 00:00:00', 'Complete', NULL, NULL),
	(4553, 212, 37, '2016-10-16 00:00:00', '2016-10-13 00:00:00', 'Gloria Elliott', '100 Granby Junction', NULL, 'Miami', 'Florida', '33153', 'United States', 9.2500, 4, '2016-06-09 00:00:00', 'Shipped', NULL, NULL),
	(4554, 217, 4, '2016-06-05 00:00:00', '2016-07-26 00:00:00', 'Timothy Hayes', '6001 Elgar Circle', NULL, 'Pensacola', 'Florida', '32575', 'United States', 6.5000, 4, '2016-03-30 00:00:00', 'Complete', NULL, NULL),
	(4555, 207, 49, '2016-08-19 00:00:00', '2016-08-15 00:00:00', 'Judith Baker', '3436 Briar Crest Park', NULL, 'Newark', 'New Jersey', '07188', 'United States', 2.3300, 3, '2016-09-17 00:00:00', 'Complete', NULL, NULL),
	(4556, 217, 17, '2016-11-18 00:00:00', '2016-12-10 00:00:00', 'Roy Russell', '6401 Graedel Court', NULL, 'Alexandria', 'Virginia', '22301', 'United States', 3.2400, 3, '2016-04-08 00:00:00', 'Complete', NULL, NULL),
	(4557, 216, 35, '2016-09-11 00:00:00', '2016-05-07 00:00:00', 'Jacqueline Davis', '864 Cherokee Lane', NULL, 'Columbus', 'Ohio', '43226', 'United States', 4.7000, 1, '2016-08-06 00:00:00', 'Shipped', NULL, NULL),
	(4558, 211, 20, '2016-10-06 00:00:00', '2016-07-15 00:00:00', 'Eugene Castillo', '03090 Northland Circle', NULL, 'Salt Lake City', 'Utah', '84199', 'United States', 9.3600, 1, '2016-10-06 00:00:00', 'Complete', NULL, NULL),
	(4559, 216, 13, '2017-01-13 00:00:00', '2016-03-28 00:00:00', 'Janice Mills', '522 Holmberg Alley', NULL, 'Scottsdale', 'Arizona', '85271', 'United States', 7.3100, 4, '2016-05-15 00:00:00', 'On Hold', NULL, NULL),
	(4560, 211, 77, '2016-08-24 00:00:00', '2017-03-13 00:00:00', 'Ruby White', '0070 Corben Way', NULL, 'Naples', 'Florida', '34114', 'United States', 3.7100, 3, '2016-07-17 00:00:00', 'On Hold', NULL, NULL),
	(4561, 219, 55, '2016-08-13 00:00:00', '2016-11-19 00:00:00', 'Frank Jackson', '25 Rigney Point', NULL, 'Washington', 'District of Columbia', '20420', 'United States', 1.9400, 4, '2016-06-12 00:00:00', 'Shipped', NULL, NULL),
	(4562, 207, 96, '2016-10-12 00:00:00', '2016-12-04 00:00:00', 'Pamela Peterson', '830 Loftsgordon Junction', NULL, 'Houston', 'Texas', '77281', 'United States', 1.4500, 3, '2017-03-06 00:00:00', 'New', NULL, NULL),
	(4563, 204, 70, '2016-07-23 00:00:00', '2017-02-06 00:00:00', 'Martha Frazier', '3 Gerald Lane', NULL, 'Scottsdale', 'Arizona', '85260', 'United States', 2.7400, 4, '2017-01-19 00:00:00', 'New', NULL, NULL),
	(4564, 204, 59, '2017-02-26 00:00:00', '2016-10-23 00:00:00', 'Kenneth Hawkins', '27305 Maple Crossing', NULL, 'San Diego', 'California', '92145', 'United States', 9.4100, 4, '2017-02-09 00:00:00', 'On Hold', NULL, NULL),
	(4565, 203, 66, '2016-08-06 00:00:00', '2017-02-03 00:00:00', 'Barbara Collins', '8 Norway Maple Junction', NULL, 'Fort Worth', 'Texas', '76198', 'United States', 1.0800, 1, '2016-06-24 00:00:00', 'New', NULL, NULL),
	(4566, 217, 83, '2016-09-14 00:00:00', '2016-03-29 00:00:00', 'Gary Ellis', '97 Nobel Avenue', NULL, 'Alexandria', 'Louisiana', '71307', 'United States', 5.0500, 1, '2016-06-13 00:00:00', 'Shipped', NULL, NULL),
	(4567, 214, 63, '2017-03-04 00:00:00', '2016-11-05 00:00:00', 'Douglas Hughes', '98309 Mccormick Park', NULL, 'Kansas City', 'Kansas', '66160', 'United States', 1.4000, 1, '2017-02-13 00:00:00', 'Shipped', NULL, NULL),
	(4568, 208, 12, '2016-10-31 00:00:00', '2017-02-27 00:00:00', 'Harold Flores', '1 Merchant Lane', NULL, 'Duluth', 'Georgia', '30096', 'United States', 4.8400, 3, '2016-04-30 00:00:00', 'On Hold', NULL, NULL),
	(4569, 201, 96, '2016-08-20 00:00:00', '2016-10-03 00:00:00', 'Marie Nguyen', '084 Stuart Hill', NULL, 'Arlington', 'Texas', '76004', 'United States', 5.9500, 4, '2016-04-25 00:00:00', 'On Hold', NULL, NULL),
	(4570, 203, 1, '2016-10-13 00:00:00', '2016-03-21 00:00:00', 'Judy Fowler', '7541 Golf Course Way', NULL, 'Kansas City', 'Missouri', '64109', 'United States', 8.0200, 3, '2016-05-05 00:00:00', 'New', NULL, NULL),
	(4571, 219, 49, '2016-11-04 00:00:00', '2016-09-02 00:00:00', 'Howard Rogers', '5 Scott Hill', NULL, 'Brooklyn', 'New York', '11215', 'United States', 5.2100, 4, '2016-10-28 00:00:00', 'Complete', NULL, NULL),
	(4572, 215, 5, '2016-03-24 00:00:00', '2016-08-31 00:00:00', 'Stephanie Martinez', '0022 Reinke Trail', NULL, 'Baton Rouge', 'Louisiana', '70894', 'United States', 7.7400, 1, '2016-08-14 00:00:00', 'On Hold', NULL, NULL),
	(4573, 206, 61, '2016-08-31 00:00:00', '2016-07-10 00:00:00', 'Jacqueline Lane', '780 Elka Place', NULL, 'Cleveland', 'Ohio', '44105', 'United States', 9.1200, 3, '2016-11-30 00:00:00', 'On Hold', NULL, NULL),
	(4574, 220, 65, '2016-06-26 00:00:00', '2016-06-25 00:00:00', 'Betty Harrison', '23089 Kensington Junction', NULL, 'Greensboro', 'North Carolina', '27404', 'United States', 5.6300, 3, '2016-03-30 00:00:00', 'Complete', NULL, NULL),
	(4575, 212, 81, '2016-04-28 00:00:00', '2016-10-19 00:00:00', 'Robin Bradley', '7895 Weeping Birch Plaza', NULL, 'Waterbury', 'Connecticut', '06721', 'United States', 7.3400, 4, '2017-01-25 00:00:00', 'On Hold', NULL, NULL),
	(4576, 216, 13, '2017-02-24 00:00:00', '2016-07-18 00:00:00', 'Ralph Bailey', '4019 Harper Park', NULL, 'Sacramento', 'California', '94291', 'United States', 6.7700, 4, '2017-02-02 00:00:00', 'New', NULL, NULL),
	(4577, 203, 43, '2016-09-24 00:00:00', '2016-11-18 00:00:00', 'Melissa Ross', '775 Lyons Road', NULL, 'Bridgeport', 'Connecticut', '06606', 'United States', 1.6400, 3, '2016-07-23 00:00:00', 'Shipped', NULL, NULL),
	(4578, 212, 53, '2016-07-05 00:00:00', '2016-06-19 00:00:00', 'Joan Russell', '0 Kings Terrace', NULL, 'Bloomington', 'Illinois', '61709', 'United States', 4.6600, 1, '2016-04-09 00:00:00', 'New', NULL, NULL),
	(4579, 214, 17, '2016-10-01 00:00:00', '2016-10-18 00:00:00', 'Benjamin George', '40131 Ronald Regan Road', NULL, 'Washington', 'District of Columbia', '20525', 'United States', 8.0400, 3, '2016-06-16 00:00:00', 'Complete', NULL, NULL),
	(4580, 207, 69, '2016-04-19 00:00:00', '2017-02-09 00:00:00', 'Katherine Stone', '37483 Melrose Parkway', NULL, 'Fresno', 'California', '93794', 'United States', 6.7000, 3, '2017-02-08 00:00:00', 'Complete', NULL, NULL),
	(4581, 218, 28, '2017-03-04 00:00:00', '2016-11-25 00:00:00', 'Ernest Cruz', '872 Nancy Street', NULL, 'Pompano Beach', 'Florida', '33069', 'United States', 5.8100, 4, '2016-04-21 00:00:00', 'On Hold', NULL, NULL),
	(4582, 217, 32, '2017-03-16 00:00:00', '2016-06-08 00:00:00', 'Joshua Edwards', '72309 Elmside Point', NULL, 'San Francisco', 'California', '94110', 'United States', 2.4900, 4, '2016-04-01 00:00:00', 'On Hold', NULL, NULL),
	(4583, 219, 83, '2017-01-24 00:00:00', '2016-07-25 00:00:00', 'Justin Mills', '88350 Wayridge Hill', NULL, 'Charleston', 'West Virginia', '25326', 'United States', 6.0300, 1, '2016-10-07 00:00:00', 'New', NULL, NULL),
	(4584, 208, 45, '2016-10-18 00:00:00', '2016-05-13 00:00:00', 'Kathleen Gibson', '25 Carpenter Lane', NULL, 'Reno', 'Nevada', '89505', 'United States', 5.4100, 3, '2016-08-21 00:00:00', 'Shipped', NULL, NULL),
	(4585, 216, 71, '2016-09-19 00:00:00', '2016-10-15 00:00:00', 'Ruby Bennett', '1 Muir Pass', NULL, 'Las Vegas', 'Nevada', '89135', 'United States', 2.5000, 4, '2016-11-29 00:00:00', 'On Hold', NULL, NULL),
	(4586, 214, 48, '2016-08-07 00:00:00', '2016-08-12 00:00:00', 'Richard Robinson', '1125 Melvin Terrace', NULL, 'Bethesda', 'Maryland', '20816', 'United States', 4.0200, 1, '2017-01-09 00:00:00', 'Complete', NULL, NULL),
	(4587, 212, 62, '2016-12-17 00:00:00', '2017-01-23 00:00:00', 'Debra Sanchez', '534 Stoughton Lane', NULL, 'Johnstown', 'Pennsylvania', '15906', 'United States', 8.7800, 4, '2016-08-07 00:00:00', 'Shipped', NULL, NULL),
	(4588, 216, 30, '2016-10-24 00:00:00', '2016-12-21 00:00:00', 'Willie Dean', '680 Northview Circle', NULL, 'Huntington', 'West Virginia', '25775', 'United States', 8.4300, 1, '2017-03-12 00:00:00', 'New', NULL, NULL),
	(4589, 210, 10, '2017-01-01 00:00:00', '2016-09-22 00:00:00', 'Christina Kelley', '8706 Sundown Street', NULL, 'Peoria', 'Illinois', '61635', 'United States', 4.2400, 4, '2017-02-08 00:00:00', 'On Hold', NULL, NULL),
	(4590, 205, 6, '2016-11-29 00:00:00', '2017-02-23 00:00:00', 'Russell Montgomery', '977 Packers Drive', NULL, 'Charlotte', 'North Carolina', '28247', 'United States', 2.8700, 4, '2016-05-30 00:00:00', 'Complete', NULL, NULL),
	(4591, 206, 15, '2016-03-28 00:00:00', '2017-02-23 00:00:00', 'Edward Cunningham', '283 Bultman Way', NULL, 'Jacksonville', 'Florida', '32277', 'United States', 6.5500, 3, '2017-03-10 00:00:00', 'Shipped', NULL, NULL),
	(4592, 209, 82, '2016-12-20 00:00:00', '2016-09-07 00:00:00', 'Michael Chavez', '00 Oak Avenue', NULL, 'Young America', 'Minnesota', '55551', 'United States', 8.2200, 3, '2016-04-19 00:00:00', 'On Hold', NULL, NULL),
	(4593, 204, 24, '2017-03-13 00:00:00', '2016-08-30 00:00:00', 'David White', '506 Nevada Circle', NULL, 'Portland', 'Maine', '04109', 'United States', 1.1100, 1, '2017-01-13 00:00:00', 'On Hold', NULL, NULL),
	(4594, 206, 27, '2016-09-13 00:00:00', '2017-03-12 00:00:00', 'Cheryl Vasquez', '9070 Di Loreto Court', NULL, 'Van Nuys', 'California', '91499', 'United States', 7.4200, 1, '2017-02-25 00:00:00', 'On Hold', NULL, NULL),
	(4595, 211, 94, '2016-07-03 00:00:00', '2016-05-08 00:00:00', 'Charles Garrett', '1337 Hooker Trail', NULL, 'Honolulu', 'Hawaii', '96810', 'United States', 9.5700, 3, '2016-10-04 00:00:00', 'Shipped', NULL, NULL),
	(4596, 216, 56, '2016-07-08 00:00:00', '2017-02-28 00:00:00', 'Michelle Butler', '1 Magdeline Lane', NULL, 'Orlando', 'Florida', '32813', 'United States', 7.0500, 3, '2016-07-12 00:00:00', 'New', NULL, NULL),
	(4597, 217, 26, '2016-09-24 00:00:00', '2016-10-05 00:00:00', 'Howard Reyes', '3677 Donald Alley', NULL, 'Carol Stream', 'Illinois', '60351', 'United States', 7.6200, 4, '2017-02-08 00:00:00', 'Complete', NULL, NULL),
	(4598, 212, 76, '2016-04-13 00:00:00', '2016-08-10 00:00:00', 'Eugene Kelly', '838 Becker Plaza', NULL, 'Laredo', 'Texas', '78044', 'United States', 4.9000, 3, '2016-10-23 00:00:00', 'New', NULL, NULL),
	(4599, 208, 29, '2016-04-16 00:00:00', '2016-05-15 00:00:00', 'Jimmy Mcdonald', '0 Dayton Place', NULL, 'Rochester', 'New York', '14646', 'United States', 1.5600, 3, '2017-01-14 00:00:00', 'Complete', NULL, NULL),
	(4600, 208, 2, '2016-04-26 00:00:00', '2016-04-06 00:00:00', 'Stephen Jacobs', '7131 Scoville Terrace', NULL, 'Phoenix', 'Arizona', '85020', 'United States', 4.5200, 4, '2017-01-22 00:00:00', 'On Hold', NULL, NULL);
    

-- Dumping structure for table netashop.shop_order_details
CREATE TABLE IF NOT EXISTS `shop_order_details` (
  `id` bigint(20) unsigned NOT NULL AUTO_INCREMENT COMMENT 'Khóa chính',
  `order_id` bigint(20) unsigned NOT NULL COMMENT 'Thuộc đơn hàng nào?',
  `product_id` bigint(20) unsigned NOT NULL COMMENT 'Sản phẩm nào?',
  `quantity` decimal(18,4) NOT NULL DEFAULT 0.0000 COMMENT 'Số lượng sản phẩm trong đơn hàng',
  `unit_price` decimal(19,4) NOT NULL DEFAULT 0.0000 COMMENT 'Giá bán của Sản phẩm trong Đơn hàng',
  `discount_percentage` float NOT NULL DEFAULT 0 COMMENT 'Giảm giá theo % từng Sản phẩm trong Đơn hàng',
  `discount_amout` double NOT NULL DEFAULT 0 COMMENT 'Giảm giá theo Số tiền cụ thể cho từng Sản phẩm trong Đơn hàng',
  `order_detail_status` varchar(50) DEFAULT NULL COMMENT 'Trạng thái của từng Sản phẩm trong Đơn hàng',
  `date_allocated` datetime DEFAULT NULL COMMENT 'Ngày Sản phẩm này đã chuyển đến tay Khách hàng',
  PRIMARY KEY (`id`),
  KEY `FK_shop_order_details_shop_orders` (`order_id`),
  KEY `FK_shop_order_details_shop_products` (`product_id`),
  CONSTRAINT `FK_shop_order_details_shop_orders` FOREIGN KEY (`order_id`) REFERENCES `shop_orders` (`id`),
  CONSTRAINT `FK_shop_order_details_shop_products` FOREIGN KEY (`product_id`) REFERENCES `shop_products` (`id`)
) ENGINE=InnoDB AUTO_INCREMENT=701 DEFAULT CHARSET=utf8mb4 COLLATE=utf8mb4_unicode_ci COMMENT='Bảng chứa dữ liệu về các Sản phẩm đã mua trong Đơn hàng';

-- Dumping data for table netashop.shop_order_details: ~700 rows (approximately)
INSERT INTO `shop_order_details` (`id`, `order_id`, `product_id`, `quantity`, `unit_price`, `discount_percentage`, `discount_amout`, `order_detail_status`, `date_allocated`) VALUES
	(1, 4001, 608, 1.0000, 6234000.0000, 8.73, 0, 'Allocated', '2017-01-15 00:00:00'),
	(2, 4001, 609, 2.0000, 8183000.0000, 4.36, 0, 'No Stock', '2016-09-21 00:00:00'),
	(3, 4002, 604, 3.0000, 9384000.0000, 2.86, 0, 'On Order', '2016-12-15 00:00:00'),
	(4, 4002, 610, 4.0000, 7661000.0000, 8.65, 0, 'Allocated', '2016-10-12 00:00:00'),
	(5, 4003, 602, 7.0000, 9384000.0000, 3.54, 0, 'No Stock', '2017-02-09 00:00:00'),
	(6, 4003, 609, 8.0000, 8183000.0000, 4.01, 0, 'No Stock', '2016-06-15 00:00:00'),
	(7, 4008, 608, 1.0000, 6234000.0000, 8.94, 0, 'Allocated', '2017-01-13 00:00:00'),
	(8, 4009, 601, 9.0000, 2339000.0000, 4.48, 0, 'Allocated', '2016-10-18 00:00:00'),
	(9, 4009, 605, 6.0000, 9384000.0000, 5.68, 0, 'No Stock', '2017-02-13 00:00:00'),
	(10, 4009, 610, 6.0000, 7661000.0000, 5, 0, 'No Stock', '2016-09-16 00:00:00'),
	(11, 4010, 601, 1.0000, 2339000.0000, 9.41, 0, 'On Order', '2016-03-17 00:00:00'),
	(12, 4010, 602, 1.0000, 9384000.0000, 7.18, 0, 'No Stock', '2016-12-30 00:00:00'),
	(13, 4010, 603, 10.0000, 9384000.0000, 2.76, 0, 'Allocated', '2016-07-05 00:00:00'),
	(14, 4010, 610, 6.0000, 7661000.0000, 3.02, 0, 'On Order', '2016-07-17 00:00:00'),
	(15, 4011, 601, 9.0000, 2339000.0000, 3.93, 0, 'Allocated', '2016-06-10 00:00:00'),
	(16, 4011, 604, 10.0000, 9384000.0000, 9.3, 0, 'No Stock', '2016-04-04 00:00:00'),
	(17, 4011, 606, 5.0000, 1170000.0000, 1.76, 0, 'Allocated', '2016-06-30 00:00:00'),
	(18, 4011, 608, 3.0000, 6234000.0000, 4.6, 0, 'On Order', '2016-06-04 00:00:00'),
	(19, 4012, 604, 5.0000, 9384000.0000, 9.97, 0, 'No Stock', '2016-09-21 00:00:00'),
	(20, 4014, 601, 3.0000, 2339000.0000, 4.99, 0, 'Allocated', '2016-08-21 00:00:00'),
	(21, 4015, 601, 8.0000, 2339000.0000, 1.11, 0, 'On Order', '2016-08-15 00:00:00'),
	(22, 4015, 608, 2.0000, 6234000.0000, 4.14, 0, 'Allocated', '2016-04-07 00:00:00'),
	(23, 4015, 609, 8.0000, 8183000.0000, 6.62, 0, 'Allocated', '2017-03-13 00:00:00'),
	(24, 4017, 605, 6.0000, 9384000.0000, 2.1, 0, 'On Order', '2017-02-15 00:00:00'),
	(25, 4017, 607, 6.0000, 898000.0000, 9.26, 0, 'No Stock', '2016-04-02 00:00:00'),
	(26, 4017, 610, 4.0000, 7661000.0000, 7.18, 0, 'On Order', '2016-04-30 00:00:00'),
	(27, 4021, 604, 3.0000, 9384000.0000, 8.54, 0, 'No Stock', '2016-06-26 00:00:00'),
	(28, 4022, 604, 7.0000, 9384000.0000, 4.62, 0, 'On Order', '2016-09-09 00:00:00'),
	(29, 4022, 607, 1.0000, 898000.0000, 2.56, 0, 'On Order', '2016-10-18 00:00:00'),
	(30, 4023, 601, 7.0000, 2339000.0000, 1.71, 0, 'No Stock', '2016-04-03 00:00:00'),
	(31, 4023, 607, 6.0000, 898000.0000, 5.59, 0, 'On Order', '2016-11-15 00:00:00'),
	(32, 4025, 602, 4.0000, 9384000.0000, 2.58, 0, 'On Order', '2016-09-11 00:00:00'),
	(33, 4025, 608, 6.0000, 6234000.0000, 3.52, 0, 'Allocated', '2016-04-25 00:00:00'),
	(34, 4028, 601, 8.0000, 2339000.0000, 1.78, 0, 'Allocated', '2016-12-09 00:00:00'),
	(35, 4028, 605, 5.0000, 9384000.0000, 7.82, 0, 'On Order', '2016-07-24 00:00:00'),
	(36, 4029, 604, 1.0000, 9384000.0000, 5.37, 0, 'On Order', '2016-11-26 00:00:00'),
	(37, 4031, 605, 7.0000, 9384000.0000, 2.92, 0, 'No Stock', '2017-02-12 00:00:00'),
	(38, 4033, 601, 4.0000, 2339000.0000, 6.19, 0, 'Allocated', '2016-05-09 00:00:00'),
	(39, 4036, 604, 1.0000, 9384000.0000, 4.25, 0, 'No Stock', '2016-05-04 00:00:00'),
	(40, 4036, 605, 6.0000, 9384000.0000, 9.97, 0, 'Allocated', '2017-02-25 00:00:00'),
	(41, 4037, 601, 2.0000, 2339000.0000, 7.22, 0, 'On Order', '2017-03-01 00:00:00'),
	(42, 4038, 602, 7.0000, 9384000.0000, 7.66, 0, 'On Order', '2016-07-13 00:00:00'),
	(43, 4039, 609, 1.0000, 8183000.0000, 6.09, 0, 'No Stock', '2016-07-24 00:00:00'),
	(44, 4040, 608, 2.0000, 6234000.0000, 6.72, 0, 'Allocated', '2016-04-24 00:00:00'),
	(45, 4041, 601, 9.0000, 2339000.0000, 8.92, 0, 'No Stock', '2016-03-31 00:00:00'),
	(46, 4043, 609, 8.0000, 8183000.0000, 8.57, 0, 'No Stock', '2016-06-18 00:00:00'),
	(47, 4044, 602, 8.0000, 9384000.0000, 3.26, 0, 'On Order', '2016-11-05 00:00:00'),
	(48, 4044, 608, 3.0000, 6234000.0000, 6.56, 0, 'On Order', '2017-02-11 00:00:00'),
	(49, 4045, 603, 3.0000, 9384000.0000, 7.2, 0, 'No Stock', '2016-11-11 00:00:00'),
	(50, 4045, 604, 10.0000, 9384000.0000, 6.8, 0, 'Allocated', '2016-11-13 00:00:00'),
	(51, 4045, 608, 7.0000, 6234000.0000, 3.58, 0, 'Allocated', '2017-01-18 00:00:00'),
	(52, 4047, 603, 2.0000, 9384000.0000, 8.77, 0, 'No Stock', '2016-06-17 00:00:00'),
	(53, 4047, 606, 8.0000, 1170000.0000, 6.85, 0, 'No Stock', '2016-05-05 00:00:00'),
	(54, 4048, 605, 7.0000, 9384000.0000, 2.44, 0, 'On Order', '2016-07-06 00:00:00'),
	(55, 4049, 603, 7.0000, 9384000.0000, 5.77, 0, 'Allocated', '2017-02-22 00:00:00'),
	(56, 4049, 608, 10.0000, 6234000.0000, 9.85, 0, 'No Stock', '2016-10-01 00:00:00'),
	(57, 4049, 609, 10.0000, 8183000.0000, 2.75, 0, 'Allocated', '2017-01-26 00:00:00'),
	(58, 4050, 606, 4.0000, 1170000.0000, 1.49, 0, 'No Stock', '2016-12-18 00:00:00'),
	(59, 4050, 607, 2.0000, 898000.0000, 3.08, 0, 'On Order', '2016-04-24 00:00:00'),
	(60, 4050, 608, 2.0000, 6234000.0000, 5.15, 0, 'No Stock', '2017-02-25 00:00:00'),
	(61, 4051, 603, 1.0000, 9384000.0000, 1.77, 0, 'Allocated', '2016-07-02 00:00:00'),
	(62, 4052, 605, 9.0000, 9384000.0000, 6.47, 0, 'No Stock', '2016-05-22 00:00:00'),
	(63, 4054, 601, 10.0000, 2339000.0000, 9.19, 0, 'On Order', '2016-07-12 00:00:00'),
	(64, 4055, 606, 10.0000, 1170000.0000, 3.06, 0, 'No Stock', '2016-11-20 00:00:00'),
	(65, 4057, 608, 3.0000, 6234000.0000, 6.42, 0, 'On Order', '2016-08-19 00:00:00'),
	(66, 4057, 609, 1.0000, 8183000.0000, 9.42, 0, 'On Order', '2016-10-01 00:00:00'),
	(67, 4057, 610, 5.0000, 7661000.0000, 5.55, 0, 'No Stock', '2016-07-20 00:00:00'),
	(68, 4058, 604, 6.0000, 9384000.0000, 6.96, 0, 'Allocated', '2016-05-20 00:00:00'),
	(69, 4058, 607, 6.0000, 898000.0000, 4.3, 0, 'Allocated', '2016-06-19 00:00:00'),
	(70, 4060, 603, 10.0000, 9384000.0000, 2.1, 0, 'On Order', '2017-02-05 00:00:00'),
	(71, 4060, 604, 9.0000, 9384000.0000, 1.46, 0, 'Allocated', '2017-01-17 00:00:00'),
	(72, 4061, 605, 1.0000, 9384000.0000, 2.51, 0, 'On Order', '2016-09-05 00:00:00'),
	(73, 4062, 604, 1.0000, 9384000.0000, 4.91, 0, 'No Stock', '2016-11-20 00:00:00'),
	(74, 4063, 608, 1.0000, 6234000.0000, 4.62, 0, 'Allocated', '2016-03-25 00:00:00'),
	(75, 4064, 601, 1.0000, 2339000.0000, 6.79, 0, 'No Stock', '2016-07-06 00:00:00'),
	(76, 4065, 610, 5.0000, 7661000.0000, 1.78, 0, 'Allocated', '2016-09-23 00:00:00'),
	(77, 4066, 601, 7.0000, 2339000.0000, 7.22, 0, 'No Stock', '2016-03-27 00:00:00'),
	(78, 4066, 604, 9.0000, 9384000.0000, 7.42, 0, 'Allocated', '2016-08-12 00:00:00'),
	(79, 4068, 602, 4.0000, 9384000.0000, 5.17, 0, 'Allocated', '2016-08-30 00:00:00'),
	(80, 4068, 603, 1.0000, 9384000.0000, 1.02, 0, 'On Order', '2016-10-12 00:00:00'),
	(81, 4069, 603, 7.0000, 9384000.0000, 3.49, 0, 'Allocated', '2017-02-22 00:00:00'),
	(82, 4070, 601, 5.0000, 2339000.0000, 4.09, 0, 'On Order', '2017-01-31 00:00:00'),
	(83, 4072, 601, 3.0000, 2339000.0000, 9.61, 0, 'No Stock', '2016-11-25 00:00:00'),
	(84, 4072, 602, 5.0000, 9384000.0000, 5.99, 0, 'No Stock', '2016-05-25 00:00:00'),
	(85, 4074, 606, 10.0000, 1170000.0000, 3.63, 0, 'On Order', '2016-04-30 00:00:00'),
	(86, 4075, 605, 8.0000, 9384000.0000, 9.16, 0, 'On Order', '2016-07-19 00:00:00'),
	(87, 4075, 606, 1.0000, 1170000.0000, 8.66, 0, 'On Order', '2016-04-09 00:00:00'),
	(88, 4077, 601, 9.0000, 2339000.0000, 4.5, 0, 'Allocated', '2017-03-10 00:00:00'),
	(89, 4077, 602, 10.0000, 9384000.0000, 5.92, 0, 'No Stock', '2016-06-23 00:00:00'),
	(90, 4077, 609, 1.0000, 8183000.0000, 3.74, 0, 'No Stock', '2016-12-07 00:00:00'),
	(91, 4079, 601, 7.0000, 2339000.0000, 1.76, 0, 'On Order', '2017-03-04 00:00:00'),
	(92, 4080, 608, 5.0000, 6234000.0000, 9.03, 0, 'On Order', '2016-11-13 00:00:00'),
	(93, 4080, 609, 3.0000, 8183000.0000, 4.08, 0, 'Allocated', '2016-09-10 00:00:00'),
	(94, 4081, 604, 9.0000, 9384000.0000, 8.45, 0, 'On Order', '2016-10-21 00:00:00'),
	(95, 4083, 602, 1.0000, 9384000.0000, 5.16, 0, 'No Stock', '2016-09-16 00:00:00'),
	(96, 4084, 604, 4.0000, 9384000.0000, 4.09, 0, 'Allocated', '2016-08-12 00:00:00'),
	(97, 4085, 605, 8.0000, 9384000.0000, 7.49, 0, 'On Order', '2016-11-24 00:00:00'),
	(98, 4086, 601, 2.0000, 2339000.0000, 1.63, 0, 'No Stock', '2016-09-01 00:00:00'),
	(99, 4087, 601, 2.0000, 2339000.0000, 3.86, 0, 'No Stock', '2016-07-13 00:00:00'),
	(100, 4088, 601, 3.0000, 2339000.0000, 3.74, 0, 'Allocated', '2016-11-15 00:00:00'),
	(101, 4090, 609, 4.0000, 8183000.0000, 1.53, 0, 'No Stock', '2016-07-25 00:00:00'),
	(102, 4092, 602, 5.0000, 9384000.0000, 7.92, 0, 'On Order', '2016-09-09 00:00:00'),
	(103, 4093, 601, 8.0000, 2339000.0000, 5.92, 0, 'No Stock', '2016-07-09 00:00:00'),
	(104, 4094, 605, 7.0000, 9384000.0000, 4.52, 0, 'On Order', '2017-02-21 00:00:00'),
	(105, 4095, 602, 6.0000, 9384000.0000, 9.62, 0, 'On Order', '2017-02-26 00:00:00'),
	(106, 4095, 604, 3.0000, 9384000.0000, 4.11, 0, 'No Stock', '2016-12-01 00:00:00'),
	(107, 4095, 608, 1.0000, 6234000.0000, 5.54, 0, 'No Stock', '2016-03-27 00:00:00'),
	(108, 4096, 601, 4.0000, 2339000.0000, 5.33, 0, 'No Stock', '2016-04-18 00:00:00'),
	(109, 4097, 605, 4.0000, 9384000.0000, 5.61, 0, 'On Order', '2016-05-13 00:00:00'),
	(110, 4097, 606, 3.0000, 1170000.0000, 3.59, 0, 'On Order', '2016-11-29 00:00:00'),
	(111, 4098, 607, 8.0000, 898000.0000, 2.74, 0, 'No Stock', '2016-11-23 00:00:00'),
	(112, 4099, 606, 2.0000, 1170000.0000, 5.84, 0, 'On Order', '2016-10-08 00:00:00'),
	(113, 4100, 608, 3.0000, 6234000.0000, 1.25, 0, 'Allocated', '2016-11-16 00:00:00'),
	(114, 4102, 608, 1.0000, 6234000.0000, 9.62, 0, 'On Order', '2016-10-01 00:00:00'),
	(115, 4102, 609, 9.0000, 8183000.0000, 5.98, 0, 'On Order', '2016-10-14 00:00:00'),
	(116, 4102, 610, 10.0000, 7661000.0000, 5.9, 0, 'On Order', '2016-08-20 00:00:00'),
	(117, 4103, 606, 6.0000, 1170000.0000, 9.88, 0, 'No Stock', '2016-09-10 00:00:00'),
	(118, 4103, 608, 1.0000, 6234000.0000, 9.79, 0, 'No Stock', '2016-12-26 00:00:00'),
	(119, 4104, 603, 9.0000, 9384000.0000, 4.08, 0, 'Allocated', '2017-03-02 00:00:00'),
	(120, 4105, 601, 5.0000, 2339000.0000, 1.99, 0, 'On Order', '2016-11-11 00:00:00'),
	(121, 4105, 606, 9.0000, 1170000.0000, 4.48, 0, 'Allocated', '2017-01-06 00:00:00'),
	(122, 4107, 603, 2.0000, 9384000.0000, 3.71, 0, 'On Order', '2016-07-20 00:00:00'),
	(123, 4107, 604, 5.0000, 9384000.0000, 1.39, 0, 'No Stock', '2017-01-03 00:00:00'),
	(124, 4107, 606, 8.0000, 1170000.0000, 1.21, 0, 'On Order', '2016-09-23 00:00:00'),
	(125, 4107, 608, 1.0000, 6234000.0000, 8.72, 0, 'Allocated', '2016-12-19 00:00:00'),
	(126, 4108, 604, 8.0000, 9384000.0000, 3.04, 0, 'On Order', '2017-01-01 00:00:00'),
	(127, 4108, 609, 1.0000, 8183000.0000, 6.66, 0, 'Allocated', '2016-05-03 00:00:00'),
	(128, 4109, 604, 9.0000, 9384000.0000, 9.43, 0, 'No Stock', '2016-10-21 00:00:00'),
	(129, 4109, 609, 2.0000, 8183000.0000, 9.12, 0, 'No Stock', '2016-10-23 00:00:00'),
	(130, 4110, 605, 3.0000, 9384000.0000, 7.86, 0, 'On Order', '2016-08-05 00:00:00'),
	(131, 4110, 606, 2.0000, 1170000.0000, 7.4, 0, 'Allocated', '2016-06-07 00:00:00'),
	(132, 4112, 607, 5.0000, 898000.0000, 9.44, 0, 'On Order', '2017-01-01 00:00:00'),
	(133, 4112, 610, 1.0000, 7661000.0000, 8.3, 0, 'On Order', '2016-04-09 00:00:00'),
	(134, 4113, 601, 3.0000, 2339000.0000, 3.61, 0, 'Allocated', '2016-08-24 00:00:00'),
	(135, 4113, 604, 6.0000, 9384000.0000, 4.4, 0, 'Allocated', '2017-01-05 00:00:00'),
	(136, 4113, 607, 6.0000, 898000.0000, 6.63, 0, 'On Order', '2016-05-01 00:00:00'),
	(137, 4113, 609, 5.0000, 8183000.0000, 4.58, 0, 'Allocated', '2017-02-26 00:00:00'),
	(138, 4114, 610, 6.0000, 7661000.0000, 4.79, 0, 'Allocated', '2017-01-18 00:00:00'),
	(139, 4116, 610, 5.0000, 7661000.0000, 9.53, 0, 'On Order', '2016-05-11 00:00:00'),
	(140, 4117, 603, 7.0000, 9384000.0000, 4.35, 0, 'On Order', '2016-04-18 00:00:00'),
	(141, 4117, 610, 9.0000, 7661000.0000, 6.8, 0, 'Allocated', '2017-02-09 00:00:00'),
	(142, 4118, 601, 8.0000, 2339000.0000, 8.73, 0, 'On Order', '2016-08-18 00:00:00'),
	(143, 4121, 602, 2.0000, 9384000.0000, 6.48, 0, 'No Stock', '2016-06-03 00:00:00'),
	(144, 4122, 606, 5.0000, 1170000.0000, 1.66, 0, 'No Stock', '2016-05-08 00:00:00'),
	(145, 4123, 607, 10.0000, 898000.0000, 1.32, 0, 'Allocated', '2016-12-28 00:00:00'),
	(146, 4124, 604, 1.0000, 9384000.0000, 6.75, 0, 'On Order', '2017-01-05 00:00:00'),
	(147, 4125, 605, 9.0000, 9384000.0000, 1.61, 0, 'On Order', '2016-07-24 00:00:00'),
	(148, 4125, 608, 1.0000, 6234000.0000, 2.72, 0, 'On Order', '2016-08-22 00:00:00'),
	(149, 4126, 601, 10.0000, 2339000.0000, 9.08, 0, 'No Stock', '2017-02-24 00:00:00'),
	(150, 4126, 610, 10.0000, 7661000.0000, 1.15, 0, 'On Order', '2016-09-29 00:00:00'),
	(151, 4128, 605, 6.0000, 9384000.0000, 7.16, 0, 'No Stock', '2017-02-09 00:00:00'),
	(152, 4128, 606, 3.0000, 1170000.0000, 2.72, 0, 'On Order', '2016-04-06 00:00:00'),
	(153, 4129, 610, 5.0000, 7661000.0000, 8.17, 0, 'On Order', '2016-04-30 00:00:00'),
	(154, 4130, 608, 6.0000, 6234000.0000, 8.39, 0, 'No Stock', '2017-02-27 00:00:00'),
	(155, 4131, 602, 5.0000, 9384000.0000, 6.07, 0, 'No Stock', '2016-03-21 00:00:00'),
	(156, 4132, 602, 7.0000, 9384000.0000, 3.58, 0, 'Allocated', '2016-06-21 00:00:00'),
	(157, 4132, 604, 4.0000, 9384000.0000, 2.36, 0, 'No Stock', '2016-12-20 00:00:00'),
	(158, 4132, 605, 5.0000, 9384000.0000, 9.78, 0, 'No Stock', '2016-08-03 00:00:00'),
	(159, 4134, 606, 1.0000, 1170000.0000, 3.21, 0, 'Allocated', '2016-04-07 00:00:00'),
	(160, 4134, 608, 1.0000, 6234000.0000, 8.68, 0, 'On Order', '2017-01-14 00:00:00'),
	(161, 4135, 603, 2.0000, 9384000.0000, 2.61, 0, 'Allocated', '2017-01-02 00:00:00'),
	(162, 4135, 607, 6.0000, 898000.0000, 6.23, 0, 'No Stock', '2016-12-16 00:00:00'),
	(163, 4135, 608, 8.0000, 6234000.0000, 9.59, 0, 'No Stock', '2016-03-25 00:00:00'),
	(164, 4135, 609, 6.0000, 8183000.0000, 2.9, 0, 'On Order', '2016-11-25 00:00:00'),
	(165, 4136, 606, 10.0000, 1170000.0000, 8.15, 0, 'On Order', '2016-06-22 00:00:00'),
	(166, 4137, 605, 2.0000, 9384000.0000, 6.08, 0, 'On Order', '2016-05-22 00:00:00'),
	(167, 4138, 605, 6.0000, 9384000.0000, 3.68, 0, 'Allocated', '2016-09-17 00:00:00'),
	(168, 4139, 601, 4.0000, 2339000.0000, 7.37, 0, 'No Stock', '2016-11-25 00:00:00'),
	(169, 4140, 601, 8.0000, 2339000.0000, 2.49, 0, 'On Order', '2016-12-24 00:00:00'),
	(170, 4140, 603, 10.0000, 9384000.0000, 6.8, 0, 'On Order', '2016-05-23 00:00:00'),
	(171, 4141, 609, 7.0000, 8183000.0000, 1.51, 0, 'Allocated', '2017-02-10 00:00:00'),
	(172, 4142, 607, 5.0000, 898000.0000, 1.64, 0, 'Allocated', '2016-08-02 00:00:00'),
	(173, 4142, 608, 7.0000, 6234000.0000, 8.32, 0, 'No Stock', '2016-07-07 00:00:00'),
	(174, 4143, 606, 3.0000, 1170000.0000, 4.9, 0, 'No Stock', '2016-10-25 00:00:00'),
	(175, 4144, 604, 6.0000, 9384000.0000, 3.9, 0, 'Allocated', '2016-09-09 00:00:00'),
	(176, 4145, 603, 3.0000, 9384000.0000, 8.04, 0, 'On Order', '2016-06-17 00:00:00'),
	(177, 4146, 601, 8.0000, 2339000.0000, 6.14, 0, 'On Order', '2016-04-15 00:00:00'),
	(178, 4148, 602, 4.0000, 9384000.0000, 1.73, 0, 'Allocated', '2016-03-26 00:00:00'),
	(179, 4152, 608, 10.0000, 6234000.0000, 9.97, 0, 'No Stock', '2016-07-11 00:00:00'),
	(180, 4155, 606, 7.0000, 1170000.0000, 2.57, 0, 'No Stock', '2017-02-11 00:00:00'),
	(181, 4155, 607, 2.0000, 898000.0000, 5.25, 0, 'On Order', '2016-09-01 00:00:00'),
	(182, 4155, 610, 6.0000, 7661000.0000, 6.31, 0, 'On Order', '2016-10-18 00:00:00'),
	(183, 4157, 603, 9.0000, 9384000.0000, 5.35, 0, 'Allocated', '2016-08-03 00:00:00'),
	(184, 4157, 607, 6.0000, 898000.0000, 3.9, 0, 'On Order', '2017-01-13 00:00:00'),
	(185, 4158, 602, 1.0000, 9384000.0000, 6.29, 0, 'Allocated', '2016-04-14 00:00:00'),
	(186, 4160, 608, 10.0000, 6234000.0000, 4.28, 0, 'Allocated', '2016-11-20 00:00:00'),
	(187, 4160, 610, 8.0000, 7661000.0000, 5.88, 0, 'No Stock', '2017-01-04 00:00:00'),
	(188, 4164, 607, 6.0000, 898000.0000, 4.32, 0, 'On Order', '2016-08-17 00:00:00'),
	(189, 4165, 604, 8.0000, 9384000.0000, 7.56, 0, 'On Order', '2016-08-09 00:00:00'),
	(190, 4166, 601, 3.0000, 2339000.0000, 9.92, 0, 'No Stock', '2016-09-01 00:00:00'),
	(191, 4166, 602, 10.0000, 9384000.0000, 5.76, 0, 'Allocated', '2016-05-26 00:00:00'),
	(192, 4167, 603, 5.0000, 9384000.0000, 1.14, 0, 'Allocated', '2016-06-20 00:00:00'),
	(193, 4167, 608, 1.0000, 6234000.0000, 6.24, 0, 'No Stock', '2017-01-05 00:00:00'),
	(194, 4168, 601, 1.0000, 2339000.0000, 7.44, 0, 'On Order', '2016-09-06 00:00:00'),
	(195, 4169, 604, 2.0000, 9384000.0000, 2.26, 0, 'No Stock', '2017-01-16 00:00:00'),
	(196, 4170, 607, 10.0000, 898000.0000, 9.02, 0, 'No Stock', '2017-02-11 00:00:00'),
	(197, 4171, 610, 10.0000, 7661000.0000, 3.71, 0, 'Allocated', '2016-04-25 00:00:00'),
	(198, 4172, 606, 6.0000, 1170000.0000, 2.95, 0, 'No Stock', '2016-04-11 00:00:00'),
	(199, 4172, 609, 7.0000, 8183000.0000, 1.12, 0, 'Allocated', '2016-10-14 00:00:00'),
	(200, 4173, 601, 10.0000, 2339000.0000, 9.03, 0, 'On Order', '2017-01-26 00:00:00'),
	(201, 4174, 607, 8.0000, 898000.0000, 6.31, 0, 'No Stock', '2016-04-30 00:00:00'),
	(202, 4174, 608, 2.0000, 6234000.0000, 7.15, 0, 'No Stock', '2016-07-08 00:00:00'),
	(203, 4176, 601, 2.0000, 2339000.0000, 1.09, 0, 'Allocated', '2017-01-21 00:00:00'),
	(204, 4177, 601, 2.0000, 2339000.0000, 2.99, 0, 'Allocated', '2016-05-07 00:00:00'),
	(205, 4177, 604, 8.0000, 9384000.0000, 6.73, 0, 'On Order', '2016-04-05 00:00:00'),
	(206, 4178, 605, 9.0000, 9384000.0000, 8.82, 0, 'Allocated', '2016-09-11 00:00:00'),
	(207, 4178, 607, 9.0000, 898000.0000, 7.88, 0, 'No Stock', '2016-04-18 00:00:00'),
	(208, 4180, 602, 7.0000, 9384000.0000, 6.05, 0, 'Allocated', '2016-11-30 00:00:00'),
	(209, 4181, 602, 2.0000, 9384000.0000, 4.74, 0, 'Allocated', '2016-08-16 00:00:00'),
	(210, 4181, 603, 3.0000, 9384000.0000, 2.49, 0, 'Allocated', '2016-04-18 00:00:00'),
	(211, 4181, 604, 5.0000, 9384000.0000, 6.42, 0, 'No Stock', '2016-05-03 00:00:00'),
	(212, 4183, 601, 1.0000, 2339000.0000, 8.16, 0, 'On Order', '2016-12-22 00:00:00'),
	(213, 4184, 601, 2.0000, 2339000.0000, 2.74, 0, 'Allocated', '2016-09-16 00:00:00'),
	(214, 4184, 603, 9.0000, 9384000.0000, 9.44, 0, 'No Stock', '2016-07-01 00:00:00'),
	(215, 4184, 604, 1.0000, 9384000.0000, 3.48, 0, 'Allocated', '2016-04-02 00:00:00'),
	(216, 4185, 602, 2.0000, 9384000.0000, 5.5, 0, 'On Order', '2016-10-20 00:00:00'),
	(217, 4185, 607, 9.0000, 898000.0000, 1.57, 0, 'No Stock', '2016-10-19 00:00:00'),
	(218, 4185, 608, 4.0000, 6234000.0000, 5.03, 0, 'Allocated', '2017-03-14 00:00:00'),
	(219, 4185, 609, 10.0000, 8183000.0000, 4.27, 0, 'Allocated', '2017-02-05 00:00:00'),
	(220, 4186, 605, 2.0000, 9384000.0000, 7.63, 0, 'On Order', '2017-01-31 00:00:00'),
	(221, 4187, 602, 9.0000, 9384000.0000, 7.74, 0, 'On Order', '2016-11-13 00:00:00'),
	(222, 4187, 606, 3.0000, 1170000.0000, 6.52, 0, 'On Order', '2016-09-15 00:00:00'),
	(223, 4188, 604, 8.0000, 9384000.0000, 1.97, 0, 'No Stock', '2016-06-05 00:00:00'),
	(224, 4188, 605, 5.0000, 9384000.0000, 6.11, 0, 'On Order', '2016-03-31 00:00:00'),
	(225, 4188, 609, 3.0000, 8183000.0000, 8.76, 0, 'On Order', '2016-03-30 00:00:00'),
	(226, 4189, 608, 4.0000, 6234000.0000, 3.08, 0, 'No Stock', '2016-04-12 00:00:00'),
	(227, 4190, 601, 6.0000, 2339000.0000, 9.45, 0, 'Allocated', '2016-11-01 00:00:00'),
	(228, 4190, 602, 10.0000, 9384000.0000, 4.18, 0, 'No Stock', '2016-03-29 00:00:00'),
	(229, 4192, 601, 1.0000, 2339000.0000, 7.49, 0, 'No Stock', '2016-08-11 00:00:00'),
	(230, 4192, 602, 4.0000, 9384000.0000, 5.09, 0, 'Allocated', '2017-02-14 00:00:00'),
	(231, 4192, 605, 8.0000, 9384000.0000, 1.28, 0, 'On Order', '2017-02-14 00:00:00'),
	(232, 4197, 608, 10.0000, 6234000.0000, 3.99, 0, 'On Order', '2016-10-30 00:00:00'),
	(233, 4198, 606, 1.0000, 1170000.0000, 2.32, 0, 'No Stock', '2016-06-26 00:00:00'),
	(234, 4199, 602, 8.0000, 9384000.0000, 9.45, 0, 'Allocated', '2016-04-16 00:00:00'),
	(235, 4199, 603, 7.0000, 9384000.0000, 2.26, 0, 'No Stock', '2016-11-28 00:00:00'),
	(236, 4200, 605, 10.0000, 9384000.0000, 1, 0, 'No Stock', '2017-03-07 00:00:00'),
	(237, 4201, 606, 3.0000, 1170000.0000, 5.94, 0, 'Allocated', '2016-12-15 00:00:00'),
	(238, 4201, 608, 2.0000, 6234000.0000, 5.87, 0, 'No Stock', '2016-09-12 00:00:00'),
	(239, 4202, 609, 4.0000, 8183000.0000, 2.07, 0, 'No Stock', '2017-03-11 00:00:00'),
	(240, 4203, 610, 2.0000, 7661000.0000, 6.46, 0, 'No Stock', '2016-10-27 00:00:00'),
	(241, 4205, 610, 4.0000, 7661000.0000, 5.95, 0, 'No Stock', '2016-06-21 00:00:00'),
	(242, 4206, 603, 2.0000, 9384000.0000, 6.94, 0, 'On Order', '2017-02-23 00:00:00'),
	(243, 4206, 607, 6.0000, 898000.0000, 3.28, 0, 'No Stock', '2017-01-21 00:00:00'),
	(244, 4207, 604, 9.0000, 9384000.0000, 7.01, 0, 'No Stock', '2016-08-17 00:00:00'),
	(245, 4207, 605, 9.0000, 9384000.0000, 1.55, 0, 'On Order', '2016-06-27 00:00:00'),
	(246, 4207, 610, 5.0000, 7661000.0000, 9.51, 0, 'On Order', '2016-05-17 00:00:00'),
	(247, 4208, 603, 7.0000, 9384000.0000, 3.68, 0, 'Allocated', '2016-03-30 00:00:00'),
	(248, 4208, 605, 5.0000, 9384000.0000, 2.76, 0, 'On Order', '2016-12-11 00:00:00'),
	(249, 4208, 607, 1.0000, 898000.0000, 8.67, 0, 'No Stock', '2016-04-28 00:00:00'),
	(250, 4208, 609, 1.0000, 8183000.0000, 1.98, 0, 'Allocated', '2016-10-04 00:00:00'),
	(251, 4208, 610, 6.0000, 7661000.0000, 4.2, 0, 'No Stock', '2016-04-19 00:00:00'),
	(252, 4209, 606, 6.0000, 1170000.0000, 8.98, 0, 'Allocated', '2016-04-20 00:00:00'),
	(253, 4210, 603, 2.0000, 9384000.0000, 8.78, 0, 'No Stock', '2016-12-11 00:00:00'),
	(254, 4210, 609, 7.0000, 8183000.0000, 6.89, 0, 'Allocated', '2016-06-23 00:00:00'),
	(255, 4214, 608, 3.0000, 6234000.0000, 5.18, 0, 'Allocated', '2016-05-15 00:00:00'),
	(256, 4214, 609, 7.0000, 8183000.0000, 8.17, 0, 'No Stock', '2016-07-08 00:00:00'),
	(257, 4214, 610, 9.0000, 7661000.0000, 7.16, 0, 'On Order', '2017-02-13 00:00:00'),
	(258, 4215, 610, 5.0000, 7661000.0000, 2.65, 0, 'Allocated', '2016-07-24 00:00:00'),
	(259, 4216, 601, 1.0000, 2339000.0000, 8.94, 0, 'No Stock', '2016-05-06 00:00:00'),
	(260, 4216, 606, 3.0000, 1170000.0000, 8.92, 0, 'Allocated', '2016-05-02 00:00:00'),
	(261, 4216, 608, 8.0000, 6234000.0000, 3.7, 0, 'Allocated', '2017-02-24 00:00:00'),
	(262, 4217, 605, 5.0000, 9384000.0000, 3.31, 0, 'On Order', '2016-11-09 00:00:00'),
	(263, 4217, 610, 5.0000, 7661000.0000, 8.58, 0, 'On Order', '2016-07-27 00:00:00'),
	(264, 4218, 601, 7.0000, 2339000.0000, 8.03, 0, 'Allocated', '2016-11-12 00:00:00'),
	(265, 4218, 607, 9.0000, 898000.0000, 5.74, 0, 'On Order', '2016-11-08 00:00:00'),
	(266, 4219, 603, 7.0000, 9384000.0000, 3.9, 0, 'No Stock', '2016-12-04 00:00:00'),
	(267, 4219, 604, 9.0000, 9384000.0000, 2.42, 0, 'No Stock', '2016-10-31 00:00:00'),
	(268, 4219, 607, 1.0000, 898000.0000, 7.38, 0, 'No Stock', '2016-08-06 00:00:00'),
	(269, 4220, 604, 5.0000, 9384000.0000, 9.28, 0, 'No Stock', '2016-10-09 00:00:00'),
	(270, 4220, 609, 6.0000, 8183000.0000, 9.71, 0, 'No Stock', '2016-04-06 00:00:00'),
	(271, 4221, 602, 8.0000, 9384000.0000, 1.85, 0, 'Allocated', '2016-11-25 00:00:00'),
	(272, 4222, 601, 10.0000, 2339000.0000, 2.59, 0, 'No Stock', '2016-06-25 00:00:00'),
	(273, 4222, 604, 9.0000, 9384000.0000, 8.12, 0, 'No Stock', '2016-09-27 00:00:00'),
	(274, 4223, 601, 4.0000, 2339000.0000, 6.75, 0, 'No Stock', '2017-03-04 00:00:00'),
	(275, 4223, 602, 2.0000, 9384000.0000, 9.94, 0, 'Allocated', '2016-04-18 00:00:00'),
	(276, 4225, 605, 7.0000, 9384000.0000, 8.69, 0, 'On Order', '2016-11-13 00:00:00'),
	(277, 4226, 606, 1.0000, 1170000.0000, 3.54, 0, 'On Order', '2017-01-19 00:00:00'),
	(278, 4226, 608, 4.0000, 6234000.0000, 4.73, 0, 'On Order', '2016-04-25 00:00:00'),
	(279, 4227, 606, 9.0000, 1170000.0000, 1.85, 0, 'On Order', '2016-12-19 00:00:00'),
	(280, 4231, 609, 6.0000, 8183000.0000, 2.56, 0, 'On Order', '2017-02-12 00:00:00'),
	(281, 4232, 601, 8.0000, 2339000.0000, 7.26, 0, 'No Stock', '2016-11-28 00:00:00'),
	(282, 4233, 608, 6.0000, 6234000.0000, 1.75, 0, 'Allocated', '2016-09-29 00:00:00'),
	(283, 4234, 604, 5.0000, 9384000.0000, 9.54, 0, 'No Stock', '2016-04-06 00:00:00'),
	(284, 4236, 607, 8.0000, 898000.0000, 4.9, 0, 'Allocated', '2017-02-16 00:00:00'),
	(285, 4237, 602, 1.0000, 9384000.0000, 8.84, 0, 'No Stock', '2016-11-07 00:00:00'),
	(286, 4238, 602, 3.0000, 9384000.0000, 2.63, 0, 'No Stock', '2016-04-09 00:00:00'),
	(287, 4238, 608, 8.0000, 6234000.0000, 7.59, 0, 'On Order', '2016-08-18 00:00:00'),
	(288, 4239, 606, 7.0000, 1170000.0000, 2.31, 0, 'Allocated', '2017-03-04 00:00:00'),
	(289, 4240, 606, 10.0000, 1170000.0000, 2.48, 0, 'No Stock', '2017-02-05 00:00:00'),
	(290, 4240, 609, 2.0000, 8183000.0000, 2.11, 0, 'No Stock', '2016-11-15 00:00:00'),
	(291, 4242, 605, 6.0000, 9384000.0000, 8.56, 0, 'No Stock', '2016-06-10 00:00:00'),
	(292, 4243, 604, 2.0000, 9384000.0000, 1.16, 0, 'No Stock', '2016-04-09 00:00:00'),
	(293, 4244, 609, 4.0000, 8183000.0000, 7.49, 0, 'On Order', '2016-09-03 00:00:00'),
	(294, 4245, 608, 1.0000, 6234000.0000, 9.9, 0, 'Allocated', '2017-03-14 00:00:00'),
	(295, 4246, 603, 10.0000, 9384000.0000, 3.85, 0, 'No Stock', '2016-06-04 00:00:00'),
	(296, 4246, 606, 7.0000, 1170000.0000, 9.37, 0, 'No Stock', '2016-07-05 00:00:00'),
	(297, 4246, 607, 3.0000, 898000.0000, 1.97, 0, 'Allocated', '2016-11-15 00:00:00'),
	(298, 4246, 609, 4.0000, 8183000.0000, 1.26, 0, 'No Stock', '2017-02-28 00:00:00'),
	(299, 4247, 601, 4.0000, 2339000.0000, 4.54, 0, 'On Order', '2017-02-26 00:00:00'),
	(300, 4247, 605, 2.0000, 9384000.0000, 5.9, 0, 'Allocated', '2016-12-15 00:00:00'),
	(301, 4249, 601, 2.0000, 2339000.0000, 3.88, 0, 'On Order', '2016-06-09 00:00:00'),
	(302, 4250, 602, 8.0000, 9384000.0000, 4.19, 0, 'Allocated', '2016-06-26 00:00:00'),
	(303, 4250, 606, 7.0000, 1170000.0000, 3.39, 0, 'On Order', '2016-12-31 00:00:00'),
	(304, 4251, 602, 1.0000, 9384000.0000, 1.73, 0, 'No Stock', '2016-12-07 00:00:00'),
	(305, 4251, 604, 8.0000, 9384000.0000, 1.58, 0, 'Allocated', '2016-07-28 00:00:00'),
	(306, 4252, 601, 3.0000, 2339000.0000, 4.91, 0, 'On Order', '2016-12-28 00:00:00'),
	(307, 4252, 603, 10.0000, 9384000.0000, 4.18, 0, 'No Stock', '2017-03-03 00:00:00'),
	(308, 4252, 606, 4.0000, 1170000.0000, 1.31, 0, 'No Stock', '2017-03-14 00:00:00'),
	(309, 4254, 610, 3.0000, 7661000.0000, 9.93, 0, 'On Order', '2017-02-03 00:00:00'),
	(310, 4255, 610, 7.0000, 7661000.0000, 8, 0, 'Allocated', '2016-08-01 00:00:00'),
	(311, 4256, 604, 9.0000, 9384000.0000, 1.84, 0, 'No Stock', '2016-06-13 00:00:00'),
	(312, 4256, 605, 2.0000, 9384000.0000, 4.97, 0, 'Allocated', '2016-10-02 00:00:00'),
	(313, 4256, 608, 4.0000, 6234000.0000, 2.86, 0, 'Allocated', '2016-09-19 00:00:00'),
	(314, 4258, 601, 3.0000, 2339000.0000, 3.65, 0, 'Allocated', '2017-02-27 00:00:00'),
	(315, 4258, 605, 7.0000, 9384000.0000, 8.41, 0, 'On Order', '2016-06-02 00:00:00'),
	(316, 4258, 609, 4.0000, 8183000.0000, 2.23, 0, 'Allocated', '2017-02-20 00:00:00'),
	(317, 4260, 603, 1.0000, 9384000.0000, 1.99, 0, 'Allocated', '2016-09-20 00:00:00'),
	(318, 4260, 604, 3.0000, 9384000.0000, 3.05, 0, 'No Stock', '2016-12-31 00:00:00'),
	(319, 4262, 602, 4.0000, 9384000.0000, 3.06, 0, 'Allocated', '2017-01-17 00:00:00'),
	(320, 4263, 608, 4.0000, 6234000.0000, 7.86, 0, 'Allocated', '2016-08-12 00:00:00'),
	(321, 4264, 604, 8.0000, 9384000.0000, 9.19, 0, 'Allocated', '2016-11-28 00:00:00'),
	(322, 4266, 601, 2.0000, 2339000.0000, 6.27, 0, 'Allocated', '2016-09-19 00:00:00'),
	(323, 4267, 601, 4.0000, 2339000.0000, 6.86, 0, 'No Stock', '2016-09-27 00:00:00'),
	(324, 4267, 610, 4.0000, 7661000.0000, 6.41, 0, 'No Stock', '2016-12-24 00:00:00'),
	(325, 4268, 601, 1.0000, 2339000.0000, 8.14, 0, 'Allocated', '2016-06-08 00:00:00'),
	(326, 4271, 603, 2.0000, 9384000.0000, 4.81, 0, 'Allocated', '2016-05-25 00:00:00'),
	(327, 4271, 604, 8.0000, 9384000.0000, 4.02, 0, 'No Stock', '2016-05-09 00:00:00'),
	(328, 4272, 610, 7.0000, 7661000.0000, 2.85, 0, 'No Stock', '2016-09-17 00:00:00'),
	(329, 4273, 602, 10.0000, 9384000.0000, 8.44, 0, 'No Stock', '2016-12-19 00:00:00'),
	(330, 4275, 601, 1.0000, 2339000.0000, 5.55, 0, 'No Stock', '2016-12-30 00:00:00'),
	(331, 4275, 610, 8.0000, 7661000.0000, 8.65, 0, 'Allocated', '2016-10-28 00:00:00'),
	(332, 4276, 603, 3.0000, 9384000.0000, 7.28, 0, 'No Stock', '2016-12-28 00:00:00'),
	(333, 4277, 610, 9.0000, 7661000.0000, 8.62, 0, 'No Stock', '2016-11-10 00:00:00'),
	(334, 4278, 603, 6.0000, 9384000.0000, 1.23, 0, 'Allocated', '2016-12-23 00:00:00'),
	(335, 4278, 608, 4.0000, 6234000.0000, 9.45, 0, 'Allocated', '2016-10-05 00:00:00'),
	(336, 4278, 609, 5.0000, 8183000.0000, 5.41, 0, 'No Stock', '2016-10-23 00:00:00'),
	(337, 4280, 606, 5.0000, 1170000.0000, 2.76, 0, 'Allocated', '2016-05-27 00:00:00'),
	(338, 4280, 609, 4.0000, 8183000.0000, 4.44, 0, 'On Order', '2016-08-10 00:00:00'),
	(339, 4281, 610, 9.0000, 7661000.0000, 8.7, 0, 'On Order', '2016-12-28 00:00:00'),
	(340, 4282, 601, 1.0000, 2339000.0000, 3.98, 0, 'On Order', '2016-11-09 00:00:00'),
	(341, 4282, 606, 3.0000, 1170000.0000, 6.79, 0, 'On Order', '2016-09-29 00:00:00'),
	(342, 4282, 609, 6.0000, 8183000.0000, 5.22, 0, 'Allocated', '2016-10-05 00:00:00'),
	(343, 4283, 601, 1.0000, 2339000.0000, 3.31, 0, 'On Order', '2016-10-07 00:00:00'),
	(344, 4284, 606, 5.0000, 1170000.0000, 7.22, 0, 'On Order', '2016-08-24 00:00:00'),
	(345, 4285, 601, 8.0000, 2339000.0000, 2.13, 0, 'Allocated', '2016-03-27 00:00:00'),
	(346, 4285, 604, 5.0000, 9384000.0000, 3.77, 0, 'No Stock', '2016-12-09 00:00:00'),
	(347, 4286, 609, 5.0000, 8183000.0000, 7.62, 0, 'Allocated', '2016-12-06 00:00:00'),
	(348, 4287, 602, 6.0000, 9384000.0000, 9.5, 0, 'On Order', '2016-10-06 00:00:00'),
	(349, 4287, 604, 3.0000, 9384000.0000, 7.12, 0, 'On Order', '2017-03-04 00:00:00'),
	(350, 4287, 605, 5.0000, 9384000.0000, 2.78, 0, 'Allocated', '2016-08-22 00:00:00'),
	(351, 4287, 609, 1.0000, 8183000.0000, 3.39, 0, 'Allocated', '2016-07-18 00:00:00'),
	(352, 4288, 604, 6.0000, 9384000.0000, 3.25, 0, 'Allocated', '2016-05-18 00:00:00'),
	(353, 4289, 601, 7.0000, 2339000.0000, 7.31, 0, 'On Order', '2017-01-21 00:00:00'),
	(354, 4289, 605, 10.0000, 9384000.0000, 2.08, 0, 'No Stock', '2016-06-03 00:00:00'),
	(355, 4291, 601, 1.0000, 2339000.0000, 2.58, 0, 'Allocated', '2016-11-05 00:00:00'),
	(356, 4291, 603, 5.0000, 9384000.0000, 5.56, 0, 'Allocated', '2016-06-10 00:00:00'),
	(357, 4291, 606, 1.0000, 1170000.0000, 3.31, 0, 'Allocated', '2016-09-27 00:00:00'),
	(358, 4292, 608, 10.0000, 6234000.0000, 4.8, 0, 'On Order', '2016-05-12 00:00:00'),
	(359, 4292, 610, 9.0000, 7661000.0000, 5.96, 0, 'No Stock', '2016-05-05 00:00:00'),
	(360, 4293, 608, 4.0000, 6234000.0000, 2.07, 0, 'Allocated', '2016-08-23 00:00:00'),
	(361, 4294, 607, 4.0000, 898000.0000, 9.13, 0, 'Allocated', '2017-01-20 00:00:00'),
	(362, 4297, 604, 4.0000, 9384000.0000, 1.7, 0, 'Allocated', '2016-08-20 00:00:00'),
	(363, 4297, 606, 4.0000, 1170000.0000, 5.74, 0, 'No Stock', '2016-10-11 00:00:00'),
	(364, 4299, 603, 8.0000, 9384000.0000, 5.69, 0, 'Allocated', '2016-07-06 00:00:00'),
	(365, 4300, 601, 5.0000, 2339000.0000, 8.38, 0, 'On Order', '2016-12-23 00:00:00'),
	(366, 4300, 607, 5.0000, 898000.0000, 6.82, 0, 'No Stock', '2016-07-29 00:00:00'),
	(367, 4301, 604, 7.0000, 9384000.0000, 6.9, 0, 'Allocated', '2016-11-24 00:00:00'),
	(368, 4301, 605, 6.0000, 9384000.0000, 1.22, 0, 'Allocated', '2016-09-02 00:00:00'),
	(369, 4303, 605, 8.0000, 9384000.0000, 5.62, 0, 'On Order', '2016-04-09 00:00:00'),
	(370, 4305, 602, 9.0000, 9384000.0000, 5.53, 0, 'On Order', '2016-10-01 00:00:00'),
	(371, 4305, 606, 1.0000, 1170000.0000, 1.15, 0, 'On Order', '2016-12-03 00:00:00'),
	(372, 4305, 609, 1.0000, 8183000.0000, 7.87, 0, 'Allocated', '2016-07-05 00:00:00'),
	(373, 4307, 601, 7.0000, 2339000.0000, 3.9, 0, 'On Order', '2016-09-16 00:00:00'),
	(374, 4307, 606, 10.0000, 1170000.0000, 8.96, 0, 'No Stock', '2017-02-25 00:00:00'),
	(375, 4309, 606, 6.0000, 1170000.0000, 2.28, 0, 'On Order', '2016-04-07 00:00:00'),
	(376, 4310, 605, 7.0000, 9384000.0000, 2.48, 0, 'Allocated', '2017-02-17 00:00:00'),
	(377, 4311, 603, 2.0000, 9384000.0000, 6.18, 0, 'No Stock', '2016-05-06 00:00:00'),
	(378, 4312, 607, 4.0000, 898000.0000, 6.57, 0, 'Allocated', '2017-03-14 00:00:00'),
	(379, 4313, 602, 3.0000, 9384000.0000, 4.45, 0, 'On Order', '2016-08-30 00:00:00'),
	(380, 4313, 610, 7.0000, 7661000.0000, 8.87, 0, 'No Stock', '2017-01-20 00:00:00'),
	(381, 4314, 602, 9.0000, 9384000.0000, 2.67, 0, 'Allocated', '2016-07-24 00:00:00'),
	(382, 4314, 607, 10.0000, 898000.0000, 8.12, 0, 'On Order', '2016-11-23 00:00:00'),
	(383, 4315, 602, 7.0000, 9384000.0000, 3.78, 0, 'On Order', '2017-01-04 00:00:00'),
	(384, 4318, 607, 5.0000, 898000.0000, 1.49, 0, 'On Order', '2016-04-16 00:00:00'),
	(385, 4318, 609, 5.0000, 8183000.0000, 3.35, 0, 'No Stock', '2016-11-28 00:00:00'),
	(386, 4318, 610, 4.0000, 7661000.0000, 3.7, 0, 'On Order', '2016-09-09 00:00:00'),
	(387, 4322, 603, 2.0000, 9384000.0000, 9.37, 0, 'No Stock', '2016-11-29 00:00:00'),
	(388, 4323, 608, 8.0000, 6234000.0000, 9.49, 0, 'On Order', '2016-08-12 00:00:00'),
	(389, 4324, 607, 7.0000, 898000.0000, 1.48, 0, 'On Order', '2016-07-10 00:00:00'),
	(390, 4325, 608, 10.0000, 6234000.0000, 1.8, 0, 'Allocated', '2016-09-01 00:00:00'),
	(391, 4326, 602, 8.0000, 9384000.0000, 4.43, 0, 'No Stock', '2016-07-31 00:00:00'),
	(392, 4326, 610, 2.0000, 7661000.0000, 8.1, 0, 'No Stock', '2016-03-29 00:00:00'),
	(393, 4327, 608, 3.0000, 6234000.0000, 4.64, 0, 'Allocated', '2016-03-23 00:00:00'),
	(394, 4328, 604, 1.0000, 9384000.0000, 3.16, 0, 'On Order', '2016-12-14 00:00:00'),
	(395, 4328, 605, 2.0000, 9384000.0000, 6.97, 0, 'Allocated', '2017-03-04 00:00:00'),
	(396, 4328, 607, 5.0000, 898000.0000, 3.59, 0, 'Allocated', '2016-08-01 00:00:00'),
	(397, 4329, 603, 6.0000, 9384000.0000, 2.86, 0, 'On Order', '2016-10-25 00:00:00'),
	(398, 4331, 602, 5.0000, 9384000.0000, 6.39, 0, 'No Stock', '2016-03-19 00:00:00'),
	(399, 4332, 606, 5.0000, 1170000.0000, 3.31, 0, 'No Stock', '2016-08-09 00:00:00'),
	(400, 4332, 610, 5.0000, 7661000.0000, 6.74, 0, 'Allocated', '2016-06-23 00:00:00'),
	(401, 4333, 608, 7.0000, 6234000.0000, 3.95, 0, 'On Order', '2016-06-16 00:00:00'),
	(402, 4335, 609, 6.0000, 8183000.0000, 9.3, 0, 'Allocated', '2016-08-31 00:00:00'),
	(403, 4337, 610, 1.0000, 7661000.0000, 5.68, 0, 'Allocated', '2016-03-19 00:00:00'),
	(404, 4338, 610, 1.0000, 7661000.0000, 3.56, 0, 'Allocated', '2016-11-03 00:00:00'),
	(405, 4339, 604, 10.0000, 9384000.0000, 5.32, 0, 'No Stock', '2016-11-19 00:00:00'),
	(406, 4341, 601, 1.0000, 2339000.0000, 8.66, 0, 'No Stock', '2016-09-06 00:00:00'),
	(407, 4341, 609, 6.0000, 8183000.0000, 7.63, 0, 'No Stock', '2016-11-25 00:00:00'),
	(408, 4342, 601, 6.0000, 2339000.0000, 8.5, 0, 'Allocated', '2016-08-28 00:00:00'),
	(409, 4344, 610, 10.0000, 7661000.0000, 5.36, 0, 'On Order', '2016-04-30 00:00:00'),
	(410, 4348, 608, 1.0000, 6234000.0000, 4.57, 0, 'On Order', '2016-05-14 00:00:00'),
	(411, 4348, 609, 6.0000, 8183000.0000, 6.7, 0, 'On Order', '2016-08-16 00:00:00'),
	(412, 4348, 610, 3.0000, 7661000.0000, 5.74, 0, 'On Order', '2016-05-30 00:00:00'),
	(413, 4350, 602, 8.0000, 9384000.0000, 7.57, 0, 'Allocated', '2016-08-18 00:00:00'),
	(414, 4350, 604, 6.0000, 9384000.0000, 9.43, 0, 'On Order', '2016-12-29 00:00:00'),
	(415, 4350, 608, 9.0000, 6234000.0000, 6.54, 0, 'No Stock', '2016-08-24 00:00:00'),
	(416, 4351, 602, 1.0000, 9384000.0000, 3.31, 0, 'No Stock', '2016-08-26 00:00:00'),
	(417, 4351, 607, 9.0000, 898000.0000, 2.44, 0, 'No Stock', '2016-04-11 00:00:00'),
	(418, 4352, 602, 3.0000, 9384000.0000, 3.98, 0, 'No Stock', '2016-10-03 00:00:00'),
	(419, 4352, 603, 9.0000, 9384000.0000, 4.87, 0, 'On Order', '2017-03-05 00:00:00'),
	(420, 4352, 604, 4.0000, 9384000.0000, 5.05, 0, 'Allocated', '2016-05-30 00:00:00'),
	(421, 4353, 608, 9.0000, 6234000.0000, 1.77, 0, 'Allocated', '2016-03-28 00:00:00'),
	(422, 4355, 607, 4.0000, 898000.0000, 3.18, 0, 'No Stock', '2016-04-27 00:00:00'),
	(423, 4355, 608, 9.0000, 6234000.0000, 5.95, 0, 'Allocated', '2016-12-08 00:00:00'),
	(424, 4355, 609, 7.0000, 8183000.0000, 6.88, 0, 'Allocated', '2016-12-09 00:00:00'),
	(425, 4356, 604, 8.0000, 9384000.0000, 2.88, 0, 'No Stock', '2016-06-14 00:00:00'),
	(426, 4357, 605, 6.0000, 9384000.0000, 5.53, 0, 'No Stock', '2016-07-31 00:00:00'),
	(427, 4357, 608, 4.0000, 6234000.0000, 1.94, 0, 'No Stock', '2016-07-08 00:00:00'),
	(428, 4361, 601, 6.0000, 2339000.0000, 1.05, 0, 'Allocated', '2016-03-29 00:00:00'),
	(429, 4361, 609, 10.0000, 8183000.0000, 1.28, 0, 'On Order', '2016-07-15 00:00:00'),
	(430, 4362, 603, 4.0000, 9384000.0000, 5.17, 0, 'No Stock', '2016-09-24 00:00:00'),
	(431, 4364, 602, 8.0000, 9384000.0000, 4.2, 0, 'On Order', '2017-02-09 00:00:00'),
	(432, 4365, 601, 2.0000, 2339000.0000, 3.73, 0, 'Allocated', '2016-06-10 00:00:00'),
	(433, 4365, 603, 7.0000, 9384000.0000, 9.6, 0, 'On Order', '2016-07-31 00:00:00'),
	(434, 4366, 604, 6.0000, 9384000.0000, 2.02, 0, 'No Stock', '2016-09-23 00:00:00'),
	(435, 4366, 605, 9.0000, 9384000.0000, 3.68, 0, 'On Order', '2016-08-10 00:00:00'),
	(436, 4366, 609, 8.0000, 8183000.0000, 3.99, 0, 'No Stock', '2016-05-07 00:00:00'),
	(437, 4368, 604, 4.0000, 9384000.0000, 4.56, 0, 'No Stock', '2016-09-07 00:00:00'),
	(438, 4369, 608, 2.0000, 6234000.0000, 3.86, 0, 'Allocated', '2017-01-20 00:00:00'),
	(439, 4370, 603, 9.0000, 9384000.0000, 8.2, 0, 'On Order', '2016-09-02 00:00:00'),
	(440, 4370, 604, 10.0000, 9384000.0000, 2.29, 0, 'Allocated', '2016-06-03 00:00:00'),
	(441, 4371, 610, 10.0000, 7661000.0000, 4.07, 0, 'On Order', '2016-08-25 00:00:00'),
	(442, 4374, 604, 3.0000, 9384000.0000, 2.34, 0, 'No Stock', '2017-03-07 00:00:00'),
	(443, 4376, 608, 10.0000, 6234000.0000, 3.21, 0, 'No Stock', '2016-09-14 00:00:00'),
	(444, 4377, 602, 9.0000, 9384000.0000, 8.57, 0, 'On Order', '2016-08-26 00:00:00'),
	(445, 4378, 603, 8.0000, 9384000.0000, 5.38, 0, 'On Order', '2016-04-11 00:00:00'),
	(446, 4379, 605, 9.0000, 9384000.0000, 5.65, 0, 'On Order', '2016-10-29 00:00:00'),
	(447, 4381, 607, 1.0000, 898000.0000, 3.78, 0, 'Allocated', '2016-07-27 00:00:00'),
	(448, 4382, 602, 8.0000, 9384000.0000, 7.95, 0, 'Allocated', '2016-11-05 00:00:00'),
	(449, 4382, 606, 4.0000, 1170000.0000, 6.06, 0, 'On Order', '2017-01-22 00:00:00'),
	(450, 4385, 609, 1.0000, 8183000.0000, 8.94, 0, 'On Order', '2016-03-25 00:00:00'),
	(451, 4387, 602, 8.0000, 9384000.0000, 9.74, 0, 'Allocated', '2016-12-01 00:00:00'),
	(452, 4387, 606, 8.0000, 1170000.0000, 7.53, 0, 'No Stock', '2016-06-12 00:00:00'),
	(453, 4387, 610, 3.0000, 7661000.0000, 5.2, 0, 'Allocated', '2016-10-06 00:00:00'),
	(454, 4388, 602, 4.0000, 9384000.0000, 3.52, 0, 'On Order', '2016-05-09 00:00:00'),
	(455, 4388, 603, 8.0000, 9384000.0000, 6.18, 0, 'Allocated', '2016-09-22 00:00:00'),
	(456, 4388, 606, 6.0000, 1170000.0000, 2.93, 0, 'Allocated', '2016-09-11 00:00:00'),
	(457, 4388, 607, 1.0000, 898000.0000, 7.37, 0, 'No Stock', '2016-12-29 00:00:00'),
	(458, 4389, 602, 1.0000, 9384000.0000, 9.35, 0, 'Allocated', '2016-06-13 00:00:00'),
	(459, 4389, 603, 2.0000, 9384000.0000, 8.39, 0, 'No Stock', '2016-08-09 00:00:00'),
	(460, 4390, 609, 4.0000, 8183000.0000, 5.61, 0, 'On Order', '2016-11-29 00:00:00'),
	(461, 4391, 607, 1.0000, 898000.0000, 8.97, 0, 'On Order', '2016-07-10 00:00:00'),
	(462, 4392, 603, 8.0000, 9384000.0000, 8.23, 0, 'No Stock', '2016-04-07 00:00:00'),
	(463, 4393, 609, 4.0000, 8183000.0000, 4.56, 0, 'Allocated', '2016-04-13 00:00:00'),
	(464, 4395, 607, 6.0000, 898000.0000, 6.29, 0, 'On Order', '2016-07-24 00:00:00'),
	(465, 4395, 610, 7.0000, 7661000.0000, 5.09, 0, 'No Stock', '2016-09-27 00:00:00'),
	(466, 4396, 605, 9.0000, 9384000.0000, 1.32, 0, 'No Stock', '2017-02-05 00:00:00'),
	(467, 4396, 607, 4.0000, 898000.0000, 1.04, 0, 'On Order', '2016-07-08 00:00:00'),
	(468, 4397, 609, 9.0000, 8183000.0000, 7.64, 0, 'No Stock', '2016-08-19 00:00:00'),
	(469, 4399, 610, 7.0000, 7661000.0000, 4.71, 0, 'No Stock', '2016-05-04 00:00:00'),
	(470, 4400, 602, 9.0000, 9384000.0000, 6.54, 0, 'On Order', '2016-10-31 00:00:00'),
	(471, 4400, 603, 2.0000, 9384000.0000, 5.62, 0, 'On Order', '2016-06-18 00:00:00'),
	(472, 4401, 602, 1.0000, 9384000.0000, 4.13, 0, 'No Stock', '2016-09-27 00:00:00'),
	(473, 4401, 604, 10.0000, 9384000.0000, 5.27, 0, 'Allocated', '2016-06-03 00:00:00'),
	(474, 4405, 604, 3.0000, 9384000.0000, 9.31, 0, 'No Stock', '2016-09-08 00:00:00'),
	(475, 4405, 610, 10.0000, 7661000.0000, 1.68, 0, 'On Order', '2016-11-15 00:00:00'),
	(476, 4406, 602, 7.0000, 9384000.0000, 7.67, 0, 'On Order', '2016-10-28 00:00:00'),
	(477, 4406, 606, 2.0000, 1170000.0000, 5.64, 0, 'No Stock', '2016-11-14 00:00:00'),
	(478, 4406, 607, 10.0000, 898000.0000, 3.88, 0, 'No Stock', '2016-06-18 00:00:00'),
	(479, 4407, 606, 9.0000, 1170000.0000, 6.82, 0, 'No Stock', '2016-10-08 00:00:00'),
	(480, 4407, 608, 4.0000, 6234000.0000, 7.26, 0, 'No Stock', '2016-12-15 00:00:00'),
	(481, 4408, 601, 4.0000, 2339000.0000, 2.7, 0, 'No Stock', '2017-03-07 00:00:00'),
	(482, 4408, 605, 4.0000, 9384000.0000, 9.29, 0, 'No Stock', '2016-11-20 00:00:00'),
	(483, 4408, 609, 3.0000, 8183000.0000, 8.86, 0, 'No Stock', '2016-12-17 00:00:00'),
	(484, 4409, 602, 2.0000, 9384000.0000, 9.73, 0, 'Allocated', '2016-08-19 00:00:00'),
	(485, 4409, 609, 7.0000, 8183000.0000, 4.11, 0, 'On Order', '2016-05-17 00:00:00'),
	(486, 4410, 603, 7.0000, 9384000.0000, 5.05, 0, 'No Stock', '2016-09-28 00:00:00'),
	(487, 4410, 604, 10.0000, 9384000.0000, 4.07, 0, 'No Stock', '2016-10-27 00:00:00'),
	(488, 4410, 607, 6.0000, 898000.0000, 7.8, 0, 'No Stock', '2016-03-21 00:00:00'),
	(489, 4411, 601, 3.0000, 2339000.0000, 3.67, 0, 'On Order', '2016-12-27 00:00:00'),
	(490, 4411, 602, 7.0000, 9384000.0000, 3.86, 0, 'No Stock', '2017-03-14 00:00:00'),
	(491, 4412, 605, 10.0000, 9384000.0000, 6.78, 0, 'Allocated', '2017-02-16 00:00:00'),
	(492, 4412, 607, 7.0000, 898000.0000, 5.67, 0, 'No Stock', '2016-11-26 00:00:00'),
	(493, 4412, 610, 3.0000, 7661000.0000, 3.34, 0, 'On Order', '2016-09-29 00:00:00'),
	(494, 4414, 606, 5.0000, 1170000.0000, 4.54, 0, 'On Order', '2016-03-23 00:00:00'),
	(495, 4415, 605, 5.0000, 9384000.0000, 1.68, 0, 'No Stock', '2016-09-18 00:00:00'),
	(496, 4417, 601, 6.0000, 2339000.0000, 5.22, 0, 'No Stock', '2016-07-07 00:00:00'),
	(497, 4417, 604, 7.0000, 9384000.0000, 4.89, 0, 'No Stock', '2016-09-30 00:00:00'),
	(498, 4418, 609, 8.0000, 8183000.0000, 5.52, 0, 'Allocated', '2016-09-03 00:00:00'),
	(499, 4419, 604, 4.0000, 9384000.0000, 4.95, 0, 'On Order', '2017-01-05 00:00:00'),
	(500, 4421, 605, 2.0000, 9384000.0000, 1.7, 0, 'On Order', '2016-06-10 00:00:00'),
	(501, 4423, 602, 3.0000, 9384000.0000, 5.34, 0, 'Allocated', '2016-04-19 00:00:00'),
	(502, 4423, 605, 5.0000, 9384000.0000, 2.22, 0, 'On Order', '2016-06-21 00:00:00'),
	(503, 4423, 608, 9.0000, 6234000.0000, 4.26, 0, 'On Order', '2016-08-17 00:00:00'),
	(504, 4424, 605, 8.0000, 9384000.0000, 4.23, 0, 'Allocated', '2016-11-06 00:00:00'),
	(505, 4425, 607, 7.0000, 898000.0000, 6.75, 0, 'On Order', '2016-11-28 00:00:00'),
	(506, 4425, 608, 4.0000, 6234000.0000, 4.46, 0, 'No Stock', '2017-02-15 00:00:00'),
	(507, 4426, 606, 8.0000, 1170000.0000, 6.5, 0, 'On Order', '2016-11-13 00:00:00'),
	(508, 4426, 607, 4.0000, 898000.0000, 2.91, 0, 'Allocated', '2017-01-26 00:00:00'),
	(509, 4427, 604, 2.0000, 9384000.0000, 3.08, 0, 'On Order', '2016-09-01 00:00:00'),
	(510, 4427, 607, 10.0000, 898000.0000, 8.17, 0, 'No Stock', '2016-11-09 00:00:00'),
	(511, 4428, 603, 2.0000, 9384000.0000, 5.94, 0, 'Allocated', '2016-12-01 00:00:00'),
	(512, 4428, 605, 9.0000, 9384000.0000, 5.26, 0, 'On Order', '2016-07-08 00:00:00'),
	(513, 4429, 606, 10.0000, 1170000.0000, 2.75, 0, 'Allocated', '2017-03-03 00:00:00'),
	(514, 4432, 603, 9.0000, 9384000.0000, 4.42, 0, 'No Stock', '2016-09-03 00:00:00'),
	(515, 4433, 601, 4.0000, 2339000.0000, 9.94, 0, 'No Stock', '2016-04-18 00:00:00'),
	(516, 4433, 605, 1.0000, 9384000.0000, 7.32, 0, 'On Order', '2016-04-04 00:00:00'),
	(517, 4434, 601, 2.0000, 2339000.0000, 1.15, 0, 'On Order', '2016-03-18 00:00:00'),
	(518, 4435, 610, 10.0000, 7661000.0000, 7.18, 0, 'On Order', '2016-12-08 00:00:00'),
	(519, 4437, 601, 7.0000, 2339000.0000, 9.07, 0, 'Allocated', '2016-05-05 00:00:00'),
	(520, 4437, 602, 1.0000, 9384000.0000, 8.08, 0, 'On Order', '2017-03-16 00:00:00'),
	(521, 4437, 609, 7.0000, 8183000.0000, 5.56, 0, 'On Order', '2016-12-16 00:00:00'),
	(522, 4438, 604, 1.0000, 9384000.0000, 5.43, 0, 'Allocated', '2016-10-22 00:00:00'),
	(523, 4439, 601, 5.0000, 2339000.0000, 3.07, 0, 'Allocated', '2016-06-10 00:00:00'),
	(524, 4440, 603, 9.0000, 9384000.0000, 8.7, 0, 'No Stock', '2016-11-08 00:00:00'),
	(525, 4441, 602, 4.0000, 9384000.0000, 2.54, 0, 'Allocated', '2017-02-19 00:00:00'),
	(526, 4441, 609, 4.0000, 8183000.0000, 9.63, 0, 'Allocated', '2016-06-06 00:00:00'),
	(527, 4442, 608, 1.0000, 6234000.0000, 2.52, 0, 'Allocated', '2016-09-08 00:00:00'),
	(528, 4444, 602, 4.0000, 9384000.0000, 9.83, 0, 'On Order', '2017-01-18 00:00:00'),
	(529, 4444, 605, 8.0000, 9384000.0000, 9.58, 0, 'On Order', '2017-01-27 00:00:00'),
	(530, 4446, 602, 3.0000, 9384000.0000, 1.52, 0, 'On Order', '2017-02-17 00:00:00'),
	(531, 4446, 606, 5.0000, 1170000.0000, 2.13, 0, 'On Order', '2016-06-28 00:00:00'),
	(532, 4447, 609, 9.0000, 8183000.0000, 4.47, 0, 'Allocated', '2016-07-08 00:00:00'),
	(533, 4448, 605, 2.0000, 9384000.0000, 2.05, 0, 'No Stock', '2016-09-17 00:00:00'),
	(534, 4449, 607, 10.0000, 898000.0000, 4.63, 0, 'No Stock', '2016-09-29 00:00:00'),
	(535, 4449, 608, 6.0000, 6234000.0000, 5.23, 0, 'On Order', '2016-04-15 00:00:00'),
	(536, 4450, 607, 8.0000, 898000.0000, 4.87, 0, 'On Order', '2016-12-09 00:00:00'),
	(537, 4451, 604, 3.0000, 9384000.0000, 1.4, 0, 'Allocated', '2016-09-12 00:00:00'),
	(538, 4453, 606, 2.0000, 1170000.0000, 8.07, 0, 'On Order', '2016-12-10 00:00:00'),
	(539, 4454, 607, 7.0000, 898000.0000, 9, 0, 'On Order', '2016-10-07 00:00:00'),
	(540, 4455, 602, 10.0000, 9384000.0000, 9.33, 0, 'On Order', '2017-01-11 00:00:00'),
	(541, 4455, 603, 1.0000, 9384000.0000, 7.77, 0, 'Allocated', '2016-12-09 00:00:00'),
	(542, 4455, 605, 1.0000, 9384000.0000, 3.73, 0, 'Allocated', '2016-07-07 00:00:00'),
	(543, 4456, 607, 8.0000, 898000.0000, 9.57, 0, 'No Stock', '2016-08-16 00:00:00'),
	(544, 4456, 608, 7.0000, 6234000.0000, 1.24, 0, 'Allocated', '2016-05-13 00:00:00'),
	(545, 4460, 602, 8.0000, 9384000.0000, 8.36, 0, 'No Stock', '2017-01-03 00:00:00'),
	(546, 4461, 608, 6.0000, 6234000.0000, 2.02, 0, 'Allocated', '2016-03-27 00:00:00'),
	(547, 4464, 606, 1.0000, 1170000.0000, 1.18, 0, 'On Order', '2016-09-05 00:00:00'),
	(548, 4466, 608, 10.0000, 6234000.0000, 1.76, 0, 'Allocated', '2016-12-14 00:00:00'),
	(549, 4468, 610, 3.0000, 7661000.0000, 6.87, 0, 'Allocated', '2016-12-30 00:00:00'),
	(550, 4469, 602, 3.0000, 9384000.0000, 5.21, 0, 'No Stock', '2016-08-11 00:00:00'),
	(551, 4469, 608, 3.0000, 6234000.0000, 4.85, 0, 'On Order', '2017-02-19 00:00:00'),
	(552, 4470, 607, 4.0000, 898000.0000, 5.78, 0, 'No Stock', '2016-04-22 00:00:00'),
	(553, 4473, 609, 2.0000, 8183000.0000, 1.84, 0, 'Allocated', '2016-05-12 00:00:00'),
	(554, 4474, 609, 7.0000, 8183000.0000, 6.31, 0, 'Allocated', '2016-04-18 00:00:00'),
	(555, 4475, 603, 2.0000, 9384000.0000, 7.21, 0, 'No Stock', '2017-03-10 00:00:00'),
	(556, 4476, 603, 4.0000, 9384000.0000, 5.63, 0, 'No Stock', '2016-09-17 00:00:00'),
	(557, 4477, 603, 4.0000, 9384000.0000, 4.46, 0, 'No Stock', '2016-09-10 00:00:00'),
	(558, 4478, 606, 1.0000, 1170000.0000, 4.59, 0, 'On Order', '2017-03-04 00:00:00'),
	(559, 4478, 607, 4.0000, 898000.0000, 2.9, 0, 'Allocated', '2017-01-26 00:00:00'),
	(560, 4479, 603, 10.0000, 9384000.0000, 7.79, 0, 'On Order', '2016-03-21 00:00:00'),
	(561, 4479, 609, 4.0000, 8183000.0000, 9.01, 0, 'Allocated', '2017-02-03 00:00:00'),
	(562, 4479, 610, 6.0000, 7661000.0000, 6.79, 0, 'Allocated', '2017-03-01 00:00:00'),
	(563, 4480, 608, 9.0000, 6234000.0000, 6.26, 0, 'On Order', '2016-12-10 00:00:00'),
	(564, 4482, 601, 1.0000, 2339000.0000, 8.56, 0, 'No Stock', '2016-08-16 00:00:00'),
	(565, 4482, 603, 10.0000, 9384000.0000, 8.1, 0, 'No Stock', '2016-05-27 00:00:00'),
	(566, 4482, 604, 10.0000, 9384000.0000, 1.63, 0, 'On Order', '2016-07-09 00:00:00'),
	(567, 4482, 607, 6.0000, 898000.0000, 5.74, 0, 'On Order', '2016-04-29 00:00:00'),
	(568, 4482, 608, 1.0000, 6234000.0000, 2.46, 0, 'Allocated', '2016-07-11 00:00:00'),
	(569, 4482, 610, 4.0000, 7661000.0000, 2.89, 0, 'On Order', '2017-01-12 00:00:00'),
	(570, 4485, 605, 7.0000, 9384000.0000, 1.31, 0, 'No Stock', '2016-05-11 00:00:00'),
	(571, 4486, 601, 7.0000, 2339000.0000, 3.61, 0, 'Allocated', '2016-06-24 00:00:00'),
	(572, 4487, 601, 4.0000, 2339000.0000, 8.97, 0, 'On Order', '2016-07-28 00:00:00'),
	(573, 4487, 602, 9.0000, 9384000.0000, 7.96, 0, 'No Stock', '2016-12-29 00:00:00'),
	(574, 4487, 607, 5.0000, 898000.0000, 8.97, 0, 'On Order', '2016-08-15 00:00:00'),
	(575, 4488, 601, 9.0000, 2339000.0000, 1.52, 0, 'On Order', '2016-03-30 00:00:00'),
	(576, 4488, 609, 10.0000, 8183000.0000, 5.3, 0, 'On Order', '2016-07-11 00:00:00'),
	(577, 4491, 602, 3.0000, 9384000.0000, 5.22, 0, 'On Order', '2016-09-16 00:00:00'),
	(578, 4492, 607, 4.0000, 898000.0000, 2.45, 0, 'On Order', '2017-03-04 00:00:00'),
	(579, 4495, 607, 7.0000, 898000.0000, 5.4, 0, 'Allocated', '2016-10-03 00:00:00'),
	(580, 4496, 603, 10.0000, 9384000.0000, 3.71, 0, 'Allocated', '2016-07-06 00:00:00'),
	(581, 4497, 607, 7.0000, 898000.0000, 4.26, 0, 'Allocated', '2017-01-29 00:00:00'),
	(582, 4498, 604, 10.0000, 9384000.0000, 1.25, 0, 'Allocated', '2016-03-19 00:00:00'),
	(583, 4498, 610, 10.0000, 7661000.0000, 2.48, 0, 'No Stock', '2016-06-24 00:00:00'),
	(584, 4499, 601, 4.0000, 2339000.0000, 6.73, 0, 'No Stock', '2017-02-21 00:00:00'),
	(585, 4501, 606, 10.0000, 1170000.0000, 7.02, 0, 'No Stock', '2016-11-30 00:00:00'),
	(586, 4502, 603, 2.0000, 9384000.0000, 1.12, 0, 'No Stock', '2016-07-27 00:00:00'),
	(587, 4502, 605, 9.0000, 9384000.0000, 3.2, 0, 'On Order', '2016-11-21 00:00:00'),
	(588, 4503, 601, 6.0000, 2339000.0000, 8.26, 0, 'No Stock', '2016-05-03 00:00:00'),
	(589, 4505, 608, 3.0000, 6234000.0000, 1.62, 0, 'Allocated', '2016-09-04 00:00:00'),
	(590, 4506, 602, 7.0000, 9384000.0000, 1, 0, 'On Order', '2016-09-23 00:00:00'),
	(591, 4506, 603, 9.0000, 9384000.0000, 1.18, 0, 'Allocated', '2017-02-03 00:00:00'),
	(592, 4506, 606, 10.0000, 1170000.0000, 2.21, 0, 'Allocated', '2016-10-03 00:00:00'),
	(593, 4506, 609, 9.0000, 8183000.0000, 4.06, 0, 'Allocated', '2016-12-08 00:00:00'),
	(594, 4509, 608, 8.0000, 6234000.0000, 3.81, 0, 'On Order', '2016-08-30 00:00:00'),
	(595, 4509, 609, 2.0000, 8183000.0000, 8.51, 0, 'Allocated', '2016-08-12 00:00:00'),
	(596, 4511, 601, 4.0000, 2339000.0000, 6.91, 0, 'Allocated', '2016-12-23 00:00:00'),
	(597, 4511, 606, 5.0000, 1170000.0000, 6.26, 0, 'On Order', '2016-12-09 00:00:00'),
	(598, 4511, 610, 3.0000, 7661000.0000, 8.4, 0, 'Allocated', '2016-12-06 00:00:00'),
	(599, 4514, 605, 6.0000, 9384000.0000, 7.08, 0, 'No Stock', '2017-01-25 00:00:00'),
	(600, 4514, 610, 6.0000, 7661000.0000, 6.3, 0, 'No Stock', '2017-01-23 00:00:00'),
	(601, 4517, 604, 10.0000, 9384000.0000, 7.34, 0, 'Allocated', '2016-10-23 00:00:00'),
	(602, 4517, 609, 2.0000, 8183000.0000, 7.07, 0, 'Allocated', '2016-08-19 00:00:00'),
	(603, 4519, 609, 9.0000, 8183000.0000, 7.83, 0, 'On Order', '2016-07-01 00:00:00'),
	(604, 4520, 609, 9.0000, 8183000.0000, 9.55, 0, 'No Stock', '2016-10-08 00:00:00'),
	(605, 4521, 605, 8.0000, 9384000.0000, 7.77, 0, 'No Stock', '2017-01-31 00:00:00'),
	(606, 4521, 610, 10.0000, 7661000.0000, 3.54, 0, 'Allocated', '2016-12-08 00:00:00'),
	(607, 4522, 602, 9.0000, 9384000.0000, 6.79, 0, 'No Stock', '2016-11-28 00:00:00'),
	(608, 4523, 606, 9.0000, 1170000.0000, 1.63, 0, 'No Stock', '2016-05-25 00:00:00'),
	(609, 4524, 602, 9.0000, 9384000.0000, 3.46, 0, 'On Order', '2017-03-12 00:00:00'),
	(610, 4526, 603, 9.0000, 9384000.0000, 7.64, 0, 'On Order', '2016-10-14 00:00:00'),
	(611, 4526, 604, 4.0000, 9384000.0000, 2.83, 0, 'No Stock', '2016-07-29 00:00:00'),
	(612, 4526, 610, 5.0000, 7661000.0000, 2.86, 0, 'On Order', '2017-02-25 00:00:00'),
	(613, 4528, 605, 4.0000, 9384000.0000, 8.81, 0, 'Allocated', '2017-01-26 00:00:00'),
	(614, 4528, 609, 4.0000, 8183000.0000, 4.09, 0, 'On Order', '2016-10-03 00:00:00'),
	(615, 4530, 602, 9.0000, 9384000.0000, 4.73, 0, 'On Order', '2016-12-07 00:00:00'),
	(616, 4531, 601, 5.0000, 2339000.0000, 6.82, 0, 'Allocated', '2016-08-04 00:00:00'),
	(617, 4531, 606, 10.0000, 1170000.0000, 2.83, 0, 'No Stock', '2016-03-25 00:00:00'),
	(618, 4531, 607, 4.0000, 898000.0000, 7.09, 0, 'No Stock', '2016-03-26 00:00:00'),
	(619, 4532, 605, 5.0000, 9384000.0000, 9.94, 0, 'No Stock', '2017-03-13 00:00:00'),
	(620, 4532, 610, 8.0000, 7661000.0000, 3.68, 0, 'Allocated', '2016-05-28 00:00:00'),
	(621, 4534, 606, 8.0000, 1170000.0000, 9.33, 0, 'Allocated', '2016-07-15 00:00:00'),
	(622, 4534, 607, 10.0000, 898000.0000, 8.32, 0, 'No Stock', '2016-04-24 00:00:00'),
	(623, 4535, 607, 3.0000, 898000.0000, 3.12, 0, 'Allocated', '2016-07-11 00:00:00'),
	(624, 4535, 610, 6.0000, 7661000.0000, 1.81, 0, 'On Order', '2017-03-01 00:00:00'),
	(625, 4536, 605, 5.0000, 9384000.0000, 4.93, 0, 'Allocated', '2016-12-04 00:00:00'),
	(626, 4537, 609, 2.0000, 8183000.0000, 4.04, 0, 'No Stock', '2016-03-25 00:00:00'),
	(627, 4538, 603, 6.0000, 9384000.0000, 4.54, 0, 'Allocated', '2016-04-21 00:00:00'),
	(628, 4539, 603, 7.0000, 9384000.0000, 4.8, 0, 'Allocated', '2016-05-14 00:00:00'),
	(629, 4541, 601, 2.0000, 2339000.0000, 4.01, 0, 'Allocated', '2016-11-22 00:00:00'),
	(630, 4541, 603, 5.0000, 9384000.0000, 2.89, 0, 'On Order', '2016-04-07 00:00:00'),
	(631, 4541, 607, 4.0000, 898000.0000, 5.44, 0, 'No Stock', '2017-01-07 00:00:00'),
	(632, 4542, 605, 10.0000, 9384000.0000, 3.27, 0, 'On Order', '2017-01-23 00:00:00'),
	(633, 4547, 606, 4.0000, 1170000.0000, 9.44, 0, 'No Stock', '2016-05-14 00:00:00'),
	(634, 4549, 605, 9.0000, 9384000.0000, 7.26, 0, 'No Stock', '2016-08-22 00:00:00'),
	(635, 4549, 606, 7.0000, 1170000.0000, 4.68, 0, 'Allocated', '2016-09-02 00:00:00'),
	(636, 4550, 609, 8.0000, 8183000.0000, 7.62, 0, 'On Order', '2016-06-10 00:00:00'),
	(637, 4550, 610, 10.0000, 7661000.0000, 4.84, 0, 'No Stock', '2017-02-24 00:00:00'),
	(638, 4551, 601, 3.0000, 2339000.0000, 2.45, 0, 'Allocated', '2016-07-08 00:00:00'),
	(639, 4551, 602, 3.0000, 9384000.0000, 1.31, 0, 'No Stock', '2017-03-15 00:00:00'),
	(640, 4551, 610, 1.0000, 7661000.0000, 8.43, 0, 'No Stock', '2016-11-09 00:00:00'),
	(641, 4552, 601, 2.0000, 2339000.0000, 8.12, 0, 'On Order', '2016-06-03 00:00:00'),
	(642, 4552, 603, 3.0000, 9384000.0000, 6.38, 0, 'No Stock', '2016-04-11 00:00:00'),
	(643, 4553, 603, 1.0000, 9384000.0000, 8.43, 0, 'On Order', '2016-10-28 00:00:00'),
	(644, 4555, 607, 6.0000, 898000.0000, 3.07, 0, 'No Stock', '2016-04-29 00:00:00'),
	(645, 4555, 608, 9.0000, 6234000.0000, 9.81, 0, 'On Order', '2017-01-24 00:00:00'),
	(646, 4556, 601, 10.0000, 2339000.0000, 7.25, 0, 'Allocated', '2016-11-07 00:00:00'),
	(647, 4557, 603, 1.0000, 9384000.0000, 4.57, 0, 'No Stock', '2016-09-05 00:00:00'),
	(648, 4557, 606, 3.0000, 1170000.0000, 8.67, 0, 'On Order', '2016-09-14 00:00:00'),
	(649, 4558, 601, 3.0000, 2339000.0000, 7.16, 0, 'No Stock', '2016-11-06 00:00:00'),
	(650, 4559, 605, 2.0000, 9384000.0000, 7.93, 0, 'On Order', '2016-11-09 00:00:00'),
	(651, 4560, 610, 7.0000, 7661000.0000, 8.01, 0, 'On Order', '2016-08-22 00:00:00'),
	(652, 4562, 609, 3.0000, 8183000.0000, 1.26, 0, 'No Stock', '2016-07-12 00:00:00'),
	(653, 4562, 610, 9.0000, 7661000.0000, 6.8, 0, 'Allocated', '2016-08-27 00:00:00'),
	(654, 4564, 602, 2.0000, 9384000.0000, 6.29, 0, 'Allocated', '2016-03-19 00:00:00'),
	(655, 4565, 603, 7.0000, 9384000.0000, 2.82, 0, 'Allocated', '2017-03-06 00:00:00'),
	(656, 4565, 606, 8.0000, 1170000.0000, 6.28, 0, 'No Stock', '2016-04-27 00:00:00'),
	(657, 4566, 601, 7.0000, 2339000.0000, 4.48, 0, 'No Stock', '2016-11-02 00:00:00'),
	(658, 4567, 604, 7.0000, 9384000.0000, 5.46, 0, 'No Stock', '2016-05-18 00:00:00'),
	(659, 4567, 605, 1.0000, 9384000.0000, 1.31, 0, 'Allocated', '2016-04-14 00:00:00'),
	(660, 4567, 606, 9.0000, 1170000.0000, 4.66, 0, 'Allocated', '2016-06-11 00:00:00'),
	(661, 4567, 608, 10.0000, 6234000.0000, 4.85, 0, 'On Order', '2016-05-01 00:00:00'),
	(662, 4568, 606, 8.0000, 1170000.0000, 1.1, 0, 'Allocated', '2016-10-02 00:00:00'),
	(663, 4568, 607, 10.0000, 898000.0000, 9.17, 0, 'On Order', '2016-05-04 00:00:00'),
	(664, 4568, 608, 6.0000, 6234000.0000, 6.24, 0, 'No Stock', '2017-01-24 00:00:00'),
	(665, 4569, 601, 10.0000, 2339000.0000, 6.33, 0, 'Allocated', '2016-07-22 00:00:00'),
	(666, 4570, 610, 6.0000, 7661000.0000, 2.57, 0, 'No Stock', '2016-06-28 00:00:00'),
	(667, 4571, 604, 8.0000, 9384000.0000, 2.51, 0, 'No Stock', '2016-07-11 00:00:00'),
	(668, 4572, 603, 2.0000, 9384000.0000, 2.46, 0, 'Allocated', '2016-11-18 00:00:00'),
	(669, 4574, 601, 3.0000, 2339000.0000, 9.61, 0, 'On Order', '2016-05-04 00:00:00'),
	(670, 4575, 608, 10.0000, 6234000.0000, 7.08, 0, 'On Order', '2016-11-19 00:00:00'),
	(671, 4576, 607, 7.0000, 898000.0000, 2.05, 0, 'On Order', '2016-03-17 00:00:00'),
	(672, 4577, 604, 5.0000, 9384000.0000, 6.26, 0, 'On Order', '2016-04-22 00:00:00'),
	(673, 4579, 601, 10.0000, 2339000.0000, 5.85, 0, 'No Stock', '2016-09-11 00:00:00'),
	(674, 4580, 601, 1.0000, 2339000.0000, 3.76, 0, 'No Stock', '2016-04-08 00:00:00'),
	(675, 4581, 606, 5.0000, 1170000.0000, 5.24, 0, 'No Stock', '2016-07-06 00:00:00'),
	(676, 4581, 607, 8.0000, 898000.0000, 9.73, 0, 'On Order', '2016-06-04 00:00:00'),
	(677, 4581, 609, 5.0000, 8183000.0000, 3.65, 0, 'On Order', '2016-03-17 00:00:00'),
	(678, 4581, 610, 9.0000, 7661000.0000, 3.87, 0, 'On Order', '2016-04-20 00:00:00'),
	(679, 4582, 609, 7.0000, 8183000.0000, 9.4, 0, 'No Stock', '2016-05-22 00:00:00'),
	(680, 4583, 604, 9.0000, 9384000.0000, 6.51, 0, 'Allocated', '2016-04-13 00:00:00'),
	(681, 4583, 610, 1.0000, 7661000.0000, 8.3, 0, 'On Order', '2016-12-08 00:00:00'),
	(682, 4585, 602, 2.0000, 9384000.0000, 2.52, 0, 'Allocated', '2016-05-22 00:00:00'),
	(683, 4585, 610, 10.0000, 7661000.0000, 3.84, 0, 'On Order', '2016-12-27 00:00:00'),
	(684, 4586, 602, 7.0000, 9384000.0000, 7.68, 0, 'On Order', '2016-04-04 00:00:00'),
	(685, 4586, 604, 2.0000, 9384000.0000, 9.64, 0, 'Allocated', '2017-02-23 00:00:00'),
	(686, 4589, 601, 5.0000, 2339000.0000, 4.47, 0, 'Allocated', '2016-07-02 00:00:00'),
	(687, 4589, 603, 9.0000, 9384000.0000, 4.97, 0, 'On Order', '2016-04-03 00:00:00'),
	(688, 4590, 601, 5.0000, 2339000.0000, 5.26, 0, 'On Order', '2016-06-01 00:00:00'),
	(689, 4590, 610, 3.0000, 7661000.0000, 6.71, 0, 'Allocated', '2016-12-16 00:00:00'),
	(690, 4591, 601, 1.0000, 2339000.0000, 2.39, 0, 'No Stock', '2017-01-16 00:00:00'),
	(691, 4591, 605, 8.0000, 9384000.0000, 9.68, 0, 'On Order', '2016-09-15 00:00:00'),
	(692, 4592, 607, 1.0000, 898000.0000, 6.13, 0, 'On Order', '2016-07-19 00:00:00'),
	(693, 4592, 609, 10.0000, 8183000.0000, 3.2, 0, 'No Stock', '2016-05-02 00:00:00'),
	(694, 4595, 605, 1.0000, 9384000.0000, 8.15, 0, 'Allocated', '2017-02-19 00:00:00'),
	(695, 4596, 605, 6.0000, 9384000.0000, 7.53, 0, 'On Order', '2016-09-11 00:00:00'),
	(696, 4596, 609, 10.0000, 8183000.0000, 4.38, 0, 'No Stock', '2016-11-17 00:00:00'),
	(697, 4597, 608, 9.0000, 6234000.0000, 4.8, 0, 'No Stock', '2016-07-02 00:00:00'),
	(698, 4598, 603, 5.0000, 9384000.0000, 6.1, 0, 'No Stock', '2016-12-23 00:00:00'),
	(699, 4599, 603, 9.0000, 9384000.0000, 6.68, 0, 'On Order', '2016-12-27 00:00:00'),
	(700, 4600, 609, 5.0000, 8183000.0000, 8.87, 0, 'Allocated', '2016-06-16 00:00:00');

-- Dumping structure for table netashop.shop_payment_types
CREATE TABLE IF NOT EXISTS `shop_payment_types` (
  `id` bigint(20) unsigned NOT NULL AUTO_INCREMENT COMMENT 'Khóa chính',
  `payment_code` varchar(50) NOT NULL COMMENT 'Mã hình thức thanh toán',
  `payment_name` varchar(500) NOT NULL COMMENT 'Tên hình thức thanh toán',
  `description` text DEFAULT NULL COMMENT 'Diễn giải',
  `image` text DEFAULT NULL COMMENT 'Ảnh đại diện',
  `created_at` timestamp NULL DEFAULT NULL COMMENT 'Ngày tạo mới',
  `updated_at` timestamp NULL DEFAULT NULL COMMENT 'Ngày cập nhật',
  PRIMARY KEY (`id`),
  UNIQUE KEY `category_code` (`payment_code`)
) ENGINE=InnoDB AUTO_INCREMENT=5 DEFAULT CHARSET=utf8mb4 COLLATE=utf8mb4_unicode_ci ROW_FORMAT=COMPACT COMMENT='Bảng chứa dữ liệu về các Phương thức Thanh toán';

-- Dumping data for table netashop.shop_payment_types: ~4 rows (approximately)
INSERT INTO `shop_payment_types` (`id`, `payment_code`, `payment_name`, `description`, `image`, `created_at`, `updated_at`) VALUES
	(1, 'CK', 'Chuyển khoản', NULL, NULL, '2020-02-23 17:33:13', '2020-02-23 17:33:13'),
	(2, 'Paypal', 'Thanh toán Paypal', NULL, NULL, '2020-02-23 17:33:37', NULL),
	(3, 'NHTT', 'Nhận hàng rồi trả tiền', NULL, NULL, '2020-02-23 17:33:58', NULL),
	(4, 'TM', 'Tiền mặt', NULL, NULL, '2020-02-23 17:37:05', NULL);

-- Dumping structure for table netashop.shop_posts
CREATE TABLE IF NOT EXISTS `shop_posts` (
  `id` bigint(20) unsigned NOT NULL AUTO_INCREMENT COMMENT 'Khóa chính',
  `post_slug` text NOT NULL DEFAULT '' COMMENT 'Đường dẫn của bài viết',
  `post_title` text NOT NULL DEFAULT '' COMMENT 'Tiêu đề bài viết',
  `post_content` mediumtext DEFAULT NULL COMMENT 'Nội dung bài viết',
  `post_excerpt` mediumtext DEFAULT NULL COMMENT 'Diễn giải về Cấu hình',
  `post_type` varchar(500) NOT NULL DEFAULT 'post' COMMENT 'Loại bài viết: #1: bài viết, #2: trang cố định',
  `post_status` varchar(500) NOT NULL DEFAULT 'draft' COMMENT 'Trạng thái bài viết: #draft: viết nháp; #publish: đăng lên trang web; ...',
  `post_image` mediumtext DEFAULT NULL COMMENT 'Ảnh đại diện bài viết',
  `user_id` bigint(20) unsigned NOT NULL COMMENT 'Tác giả bài viết',
  `post_category_id` bigint(20) unsigned DEFAULT NULL COMMENT 'Thuộc chuyên mục nào?',
  `created_at` timestamp NOT NULL DEFAULT current_timestamp() ON UPDATE current_timestamp() COMMENT 'Ngày tạo mới',
  `updated_at` timestamp NULL DEFAULT NULL COMMENT 'Ngày cập nhật',
  PRIMARY KEY (`id`) USING BTREE,
  KEY `FK_shop_posts_acl_users` (`user_id`),
  KEY `FK_shop_posts_shop_post_categories` (`post_category_id`),
  CONSTRAINT `FK_shop_posts_acl_users` FOREIGN KEY (`user_id`) REFERENCES `acl_users` (`id`),
  CONSTRAINT `FK_shop_posts_shop_post_categories` FOREIGN KEY (`post_category_id`) REFERENCES `shop_post_categories` (`id`)
) ENGINE=InnoDB AUTO_INCREMENT=2 DEFAULT CHARSET=utf8mb4 COLLATE=utf8mb4_unicode_ci ROW_FORMAT=DYNAMIC COMMENT='Bảng chứa dữ liệu về các Bài viết PR trên trang web';

-- Dumping data for table netashop.shop_posts: ~1 rows (approximately)
INSERT INTO `shop_posts` (`id`, `post_slug`, `post_title`, `post_content`, `post_excerpt`, `post_type`, `post_status`, `post_image`, `user_id`, `post_category_id`, `created_at`, `updated_at`) VALUES
	(1, 'chinh-sach', 'Chính sách sử dụng', 'Nội dung về Chính sách sử dụng của Hệ thống', 'Tóm tắt ngắn gọn về Chính sách', 'post', 'draft', NULL, 1, 2, '2021-05-15 19:07:08', NULL);

-- Dumping structure for table netashop.shop_post_categories
CREATE TABLE IF NOT EXISTS `shop_post_categories` (
  `id` bigint(20) unsigned NOT NULL AUTO_INCREMENT COMMENT 'Khóa chính',
  `post_category_code` varchar(50) NOT NULL COMMENT 'Mã chuyên mục',
  `post_category_name` varchar(500) NOT NULL COMMENT 'Tên chuyên mục',
  `description` mediumtext DEFAULT NULL COMMENT 'Diễn giải',
  `image` mediumtext DEFAULT NULL COMMENT 'Ảnh đại diện',
  `created_at` timestamp NULL DEFAULT NULL COMMENT 'Ngày tạo mới',
  `updated_at` timestamp NULL DEFAULT NULL COMMENT 'Ngày cập nhật',
  PRIMARY KEY (`id`) USING BTREE,
  UNIQUE KEY `category_code` (`post_category_code`) USING BTREE
) ENGINE=InnoDB AUTO_INCREMENT=4 DEFAULT CHARSET=utf8mb4 COLLATE=utf8mb4_unicode_ci ROW_FORMAT=DYNAMIC COMMENT='Bảng chứa dữ liệu về các Chuyên mục (dùng để phân loại/phân nhóm các Bài viết/Trang)';

-- Dumping data for table netashop.shop_post_categories: ~3 rows (approximately)
INSERT INTO `shop_post_categories` (`id`, `post_category_code`, `post_category_name`, `description`, `image`, `created_at`, `updated_at`) VALUES
	(1, 'tutorial', 'Hướng dẫn', 'Nhóm các bài viết về Hướng dẫn sử dụng Sản phẩm', NULL, '2021-05-15 19:04:14', NULL),
	(2, 'policy', 'Chính sách - Điều khoản', 'Nhóm các bài viết về Chính sách, Điều khoản sử dụng của Hệ thống', NULL, '2021-05-15 19:05:33', NULL),
	(3, 'marketing', 'Quảng cáo Marketing', 'Nhóm các bài viết về Quảng cáo, Marketing', NULL, '2021-05-15 19:06:04', NULL);

-- Dumping structure for table netashop.shop_products
CREATE TABLE IF NOT EXISTS `shop_products` (
  `id` bigint(20) unsigned NOT NULL AUTO_INCREMENT COMMENT 'Khóa chính',
  `product_code` varchar(25) NOT NULL COMMENT 'Mã sản phẩm',
  `product_name` varchar(50) NOT NULL COMMENT 'Tên sản phẩm',
  `image` text DEFAULT NULL COMMENT 'Ảnh đại diện',
  `short_description` varchar(250) DEFAULT NULL COMMENT 'Mô tả ngắn',
  `description` text DEFAULT NULL COMMENT 'Mô tả',
  `standard_cost` decimal(19,4) NOT NULL DEFAULT 0.0000 COMMENT 'Giá nhập',
  `list_price` decimal(19,4) NOT NULL DEFAULT 0.0000 COMMENT 'Giá niêm yết (giá bán)',
  `quantity_per_unit` varchar(50) DEFAULT NULL COMMENT 'Số lượng hiện có của mỗi Sản phẩm (số lượng thực có trong kho)',
  `discontinued` tinyint(4) NOT NULL DEFAULT 0 COMMENT 'Xác định Sản phẩm này là Ngưng bán?',
  `is_featured` bit(1) NOT NULL DEFAULT b'0' COMMENT 'Có phải là Sản phẩm nổi bật không?',
  `is_new` bit(1) NOT NULL DEFAULT b'0' COMMENT 'Có phải là Sản phẩm mới nhập về không?',
  `category_id` bigint(20) unsigned DEFAULT NULL COMMENT 'Thuộc chuyên mục nào?',
  `supplier_id` bigint(20) unsigned DEFAULT NULL COMMENT 'Thuộc nhà cung cấp nào?',
  `created_at` timestamp NULL DEFAULT NULL COMMENT 'Ngày tạo mới',
  `updated_at` timestamp NULL DEFAULT NULL COMMENT 'Ngày cập nhật',
  PRIMARY KEY (`id`),
  KEY `FK_products_categories` (`category_id`),
  KEY `FK_products_suppliers` (`supplier_id`),
  CONSTRAINT `FK_products_categories` FOREIGN KEY (`category_id`) REFERENCES `shop_categories` (`id`),
  CONSTRAINT `FK_products_suppliers` FOREIGN KEY (`supplier_id`) REFERENCES `shop_suppliers` (`id`)
) ENGINE=InnoDB AUTO_INCREMENT=611 DEFAULT CHARSET=utf8mb4 COLLATE=utf8mb4_unicode_ci COMMENT='Bảng chứa dữ liệu về các Sản phẩm';

-- Dumping data for table netashop.shop_products: ~10 rows (approximately)
INSERT INTO `shop_products` (`id`, `product_code`, `product_name`, `image`, `short_description`, `description`, `standard_cost`, `list_price`, `quantity_per_unit`, `discontinued`, `is_featured`, `is_new`, `category_id`, `supplier_id`, `created_at`, `updated_at`) VALUES
	(601, 'SP001', 'Máy ảnh Nikon Z6', 'products/mayanh_nikonz6.jpg', 'Máy ảnh Nikon Z6 chất lượng cao', 'Máy ảnh Nikon Z6 với cảm biến full-frame, chụp ảnh sắc nét', 25000000.0000, 29990000.0000, '20', 0, b'1', b'1', 3, 5, NULL, NULL),
	(602, 'SP002', 'Máy ảnh Canon EOS R5', 'products/mayanh_canoneosr5.jpg', 'Máy ảnh Canon EOS R5 chuyên nghiệp', 'Máy ảnh Canon EOS R5 hỗ trợ quay video 8K', 75000000.0000, 89900000.0000, '15', 0, b'1', b'0', 3, 4, NULL, NULL),
	(603, 'SP003', 'Laptop Dell XPS 13', 'products/laptop_dellxps13.jpg', 'Laptop Dell XPS 13 nhỏ gọn', 'Laptop Dell XPS 13 với màn hình 13 inch, hiệu suất cao', 28000000.0000, 32990000.0000, '25', 0, b'0', b'1', 1, 2, NULL, NULL),
	(604, 'SP004', 'Máy tính bảng iPad Pro', 'products/maytinhtablet_ipadpro.jpg', 'Máy tính bảng iPad Pro mạnh mẽ', 'Máy tính bảng iPad Pro với chip M1, màn hình Liquid Retina', 22000000.0000, 25990000.0000, '30', 0, b'1', b'1', 4, 1, NULL, NULL),
	(605, 'SP005', 'Máy tính bảng Surface Pro 8', 'products/maytinhtablet_surfacepro8.jpg', 'Máy tính bảng Surface Pro 8 đa năng', 'Máy tính bảng Surface Pro 8 với bàn phím rời, chạy Windows', 30000000.0000, 34990000.0000, '18', 0, b'0', b'1', 4, 3, NULL, NULL),
	(606, 'SP006', 'Điện thoại Oppo Reno 8', 'products/dienthoai_opporeno8.jpg', 'Điện thoại Oppo Reno 8 thời thượng', 'Điện thoại Oppo Reno 8 với camera 50MP, thiết kế đẹp', 9000000.0000, 11990000.0000, '50', 0, b'1', b'0', 2, 6, NULL, NULL),
	(607, 'SP007', 'Laptop Lenovo ThinkPad X1', 'products/laptop_lenovothinkpadx1.jpg', 'Laptop Lenovo ThinkPad X1 bền bỉ', 'Laptop Lenovo ThinkPad X1 với độ bền cao, dành cho doanh nhân', 32000000.0000, 36990000.0000, '22', 1, b'0', b'0', 1, 7, NULL, NULL),
	(608, 'SP008', 'Điện thoại Motorola Edge', 'products/dienthoai_motorolaedge.jpg', 'Điện thoại Motorola Edge hiệu suất cao', 'Điện thoại Motorola Edge với màn hình OLED 144Hz', 12000000.0000, 14990000.0000, '40', 0, b'1', b'1', 2, 9, NULL, NULL),
	(609, 'SP009', 'Điện thoại Samsung Galaxy Z Fold', 'products/dienthoai_samsungalaxyzfold.jpg', 'Điện thoại Samsung Galaxy Z Fold sáng tạo', 'Điện thoại Samsung Galaxy Z Fold với màn hình gập độc đáo', 40000000.0000, 45990000.0000, '10', 0, b'1', b'1', 2, 8, NULL, NULL),
	(610, 'SP010', 'Laptop MacBook Air M2', 'products/laptop_macbookairm2.jpg', 'Laptop MacBook Air M2 mỏng nhẹ', 'Laptop MacBook Air M2 với chip M2, thời lượng pin dài', 28000000.0000, 31990000.0000, '15', 0, b'1', b'0', 1, 1, NULL, NULL),
	(611, 'SP011', 'Tai nghe Sony WH-1000XM5', 'products/tainghe_sonywh1000xm5.jpg', 'Tai nghe Sony WH-1000XM5 chống ồn', 'Tai nghe Sony WH-1000XM5 với công nghệ chống ồn đỉnh cao', 8000000.0000, 9990000.0000, '35', 0, b'0', b'1', 5, 5, NULL, NULL),
	(612, 'SP012', 'Loa Bluetooth JBL Flip 6', 'products/loa_jblflip6.jpg', 'Loa Bluetooth JBL Flip 6 nhỏ gọn', 'Loa Bluetooth JBL Flip 6 với âm thanh mạnh mẽ, chống nước', 2500000.0000, 2990000.0000, '60', 0, b'1', b'0', 5, 10, NULL, NULL),
	(613, 'SP013', 'Đồng hồ thông minh Garmin Venu', 'products/dongho_garminvenu.jpg', 'Đồng hồ thông minh Garmin Venu thể thao', 'Đồng hồ thông minh Garmin Venu với tính năng theo dõi sức khỏe', 7000000.0000, 8990000.0000, '25', 0, b'0', b'1', 6, 11, NULL, NULL),
	(614, 'SP014', 'Tivi Samsung 4K 55 inch', 'products/tivi_samsung4k55inch.jpg', 'Tivi Samsung 4K 55 inch sắc nét', 'Tivi Samsung 4K 55 inch với độ phân giải cao, hình ảnh sống động', 15000000.0000, 17990000.0000, '12', 0, b'1', b'0', 7, 8, NULL, NULL),
	(615, 'SP015', 'Máy giặt Panasonic 10kg', 'products/maygiat_panasonic10kg.jpg', 'Máy giặt Panasonic 10kg tiết kiệm điện', 'Máy giặt Panasonic 10kg với công nghệ Inverter', 9000000.0000, 10990000.0000, '8', 0, b'0', b'1', 8, 12, NULL, NULL),
	(616, 'SP016', 'Tủ lạnh LG Inverter 400L', 'products/tulanh_lginverter400l.jpg', 'Tủ lạnh LG Inverter 400L hiện đại', 'Tủ lạnh LG Inverter 400L với thiết kế sang trọng, tiết kiệm điện', 12000000.0000, 14990000.0000, '10', 0, b'1', b'0', 8, 13, NULL, NULL),
	(617, 'SP017', 'Máy lọc nước RO Kangaroo', 'products/maylocnuoc_kangaroo.jpg', 'Máy lọc nước RO Kangaroo tinh khiết', 'Máy lọc nước RO Kangaroo với 9 lõi lọc, nước sạch an toàn', 5000000.0000, 6490000.0000, '20', 0, b'0', b'1', 9, 14, NULL, NULL),
	(618, 'SP018', 'Bếp từ Sunhouse', 'products/beptu_sunhouse.jpg', 'Bếp từ Sunhouse tiện lợi', 'Bếp từ Sunhouse với mặt kính chịu nhiệt, dễ vệ sinh', 1500000.0000, 1990000.0000, '50', 0, b'1', b'0', 9, 15, NULL, NULL),
	(619, 'SP019', 'Quạt điều hòa Daikin', 'products/quatdieukhoa_daikin.jpg', 'Quạt điều hòa Daikin làm mát nhanh', 'Quạt điều hòa Daikin với khả năng làm mát hiệu quả', 3000000.0000, 3990000.0000, '30', 0, b'0', b'1', 10, 16, NULL, NULL),
	(620, 'SP020', 'Máy xay sinh tố Philips', 'products/mayxaysinhto_philips.jpg', 'Máy xay sinh tố Philips đa năng', 'Máy xay sinh tố Philips với công suất mạnh, xay nhuyễn mịn', 1000000.0000, 1490000.0000, '40', 0, b'1', b'0', 9, 17, NULL, NULL),
	(621, 'SP021', 'Điện thoại Vivo Y91', 'products/dienthoai_vivoy91.jpg', 'Điện thoại Vivo Y91 giá rẻ', 'Điện thoại Vivo Y91 với pin 4030mAh, màn hình lớn', 3000000.0000, 3990000.0000, '60', 0, b'0', b'1', 2, 18, NULL, NULL),
	(622, 'SP022', 'Laptop Asus ZenBook 14', 'products/laptop_asuszenbook14.jpg', 'Laptop Asus ZenBook 14 thời trang', 'Laptop Asus ZenBook 14 với thiết kế mỏng nhẹ, hiệu năng tốt', 20000000.0000, 23990000.0000, '18', 0, b'1', b'0', 1, 19, NULL, NULL),
	(623, 'SP023', 'Máy in HP LaserJet Pro', 'products/mayin_hplaserjetpro.jpg', 'Máy in HP LaserJet Pro nhỏ gọn', 'Máy in HP LaserJet Pro với tốc độ in nhanh, chất lượng cao', 4000000.0000, 4990000.0000, '15', 0, b'0', b'1', 11, 20, NULL, NULL),
	(624, 'SP024', 'Camera an ninh Xiaomi', 'products/camera_xiaomi.jpg', 'Camera an ninh Xiaomi thông minh', 'Camera an ninh Xiaomi với độ phân giải Full HD, kết nối Wi-Fi', 700000.0000, 990000.0000, '50', 0, b'1', b'0', 12, 21, NULL, NULL),
	(625, 'SP025', 'Máy hút bụi Dyson V11', 'products/mayhutbui_dysonv11.jpg', 'Máy hút bụi Dyson V11 mạnh mẽ', 'Máy hút bụi Dyson V11 với lực hút siêu mạnh, không dây', 15000000.0000, 17990000.0000, '10', 0, b'1', b'1', 13, 22, NULL, NULL),
	(626, 'SP026', 'Nồi chiên không dầu Lock&Lock', 'products/noichienkhongdau_locknlock.jpg', 'Nồi chiên không dầu Lock&Lock tiện ích', 'Nồi chiên không dầu Lock&Lock với dung tích 5L, nấu ăn lành mạnh', 2000000.0000, 2490000.0000, '30', 0, b'0', b'1', 9, 23, NULL, NULL),
	(627, 'SP027', 'Ghế công thái học ErgoChair', 'products/ghecongthaihoc_ergochair.jpg', 'Ghế công thái học ErgoChair thoải mái', 'Ghế công thái học ErgoChair hỗ trợ cột sống, ngồi lâu không mỏi', 3000000.0000, 3990000.0000, '20', 0, b'1', b'0', 14, 24, NULL, NULL),
	(628, 'SP028', 'Bàn làm việc thông minh Flexi', 'products/banlamviec_flexi.jpg', 'Bàn làm việc thông minh Flexi hiện đại', 'Bàn làm việc thông minh Flexi với chiều cao điều chỉnh linh hoạt', 5000000.0000, 6490000.0000, '15', 0, b'0', b'1', 14, 25, NULL, NULL),
	(629, 'SP029', 'Máy pha cà phê DeLonghi', 'products/mayphacaphe_delonghi.jpg', 'Máy pha cà phê DeLonghi tiện lợi', 'Máy pha cà phê DeLonghi với chế độ tự động, dễ sử dụng', 7000000.0000, 8990000.0000, '12', 0, b'1', b'0', 15, 26, NULL, NULL),
	(630, 'SP030', 'Đèn bàn LED Xiaomi', 'products/denban_xiaomi.jpg', 'Đèn bàn LED Xiaomi tiết kiệm điện', 'Đèn bàn LED Xiaomi với ánh sáng điều chỉnh, bảo vệ mắt', 500000.0000, 790000.0000, '40', 0, b'0', b'1', 16, 21, NULL, NULL),
	(631, 'SP031', 'Máy chạy bộ Kingsmith', 'products/maychaybo_kingsmith.jpg', 'Máy chạy bộ Kingsmith nhỏ gọn', 'Máy chạy bộ Kingsmith với thiết kế gấp gọn, dễ di chuyển', 8000000.0000, 9990000.0000, '10', 0, b'1', b'0', 17, 27, NULL, NULL),
	(632, 'SP032', 'Xe đạp tập thể dục AirBike', 'products/xedaptap_airbike.jpg', 'Xe đạp tập thể dục AirBike bền bỉ', 'Xe đạp tập thể dục AirBike với khả năng điều chỉnh độ nặng', 6000000.0000, 7490000.0000, '15', 0, b'0', b'1', 17, 28, NULL, NULL),
	(633, 'SP033', 'Balo chống nước Tumi', 'products/balochongnuoc_tumi.jpg', 'Balo chống nước Tumi cao cấp', 'Balo chống nước Tumi với chất liệu bền, thiết kế thời trang', 3000000.0000, 3990000.0000, '25', 0, b'1', b'0', 18, 29, NULL, NULL),
	(634, 'SP034', 'Vali kéo Samsonite', 'products/valikeo_samsonite.jpg', 'Vali kéo Samsonite chắc chắn', 'Vali kéo Samsonite với khóa chống trộm, dung tích lớn', 4000000.0000, 4990000.0000, '20', 0, b'0', b'1', 18, 30, NULL, NULL),
	(635, 'SP035', 'Tai nghe true wireless Anker', 'products/tainghe_anker.jpg', 'Tai nghe true wireless Anker nhỏ gọn', 'Tai nghe true wireless Anker với âm thanh chất lượng, pin lâu', 1500000.0000, 1990000.0000, '50', 0, b'1', b'0', 5, 31, NULL, NULL),
	(636, 'SP036', 'Chuột không dây Logitech MX', 'products/chuot_logitechmx.jpg', 'Chuột không dây Logitech MX chính xác', 'Chuột không dây Logitech MX với cảm biến cao, đa năng', 2000000.0000, 2490000.0000, '40', 0, b'0', b'1', 11, 32, NULL, NULL),
	(637, 'SP037', 'Bàn phím cơ Keychron K8', 'products/banphim_keychronk8.jpg', 'Bàn phím cơ Keychron K8 bền bỉ', 'Bàn phím cơ Keychron K8 với switch Gateron, đèn RGB', 2000000.0000, 2490000.0000, '30', 0, b'1', b'0', 11, 33, NULL, NULL),
	(638, 'SP038', 'Ổ cứng SSD Samsung 1TB', 'products/ocung_ssdsamsung1tb.jpg', 'Ổ cứng SSD Samsung 1TB tốc độ cao', 'Ổ cứng SSD Samsung 1TB với tốc độ đọc/ghi nhanh, bền bỉ', 3000000.0000, 3990000.0000, '25', 0, b'0', b'1', 19, 8, NULL, NULL),
	(639, 'SP039', 'Pin dự phòng Anker 20000mAh', 'products/pinduphong_anker20000mah.jpg', 'Pin dự phòng Anker 20000mAh dung lượng lớn', 'Pin dự phòng Anker 20000mAh với sạc nhanh, nhỏ gọn', 1000000.0000, 1490000.0000, '50', 0, b'1', b'0', 20, 31, NULL, NULL),
	(640, 'SP040', 'Máy chiếu mini Xiaomi', 'products/maychieu_xiaomi.jpg', 'Máy chiếu mini Xiaomi tiện lợi', 'Máy chiếu mini Xiaomi với độ sáng cao, dễ mang theo', 7000000.0000, 8990000.0000, '15', 0, b'0', b'1', 21, 21, NULL, NULL),
	(641, 'SP041', 'Robot hút bụi Ecovacs', 'products/robothutbui_ecovacs.jpg', 'Robot hút bụi Ecovacs thông minh', 'Robot hút bụi Ecovacs với khả năng lau nhà, điều khiển qua app', 6000000.0000, 7490000.0000, '12', 0, b'1', b'0', 13, 34, NULL, NULL),
	(642, 'SP042', 'Máy khoan Bosch', 'products/maykhoan_bosch.jpg', 'Máy khoan Bosch mạnh mẽ', 'Máy khoan Bosch với động cơ bền, công suất cao', 1500000.0000, 1990000.0000, '30', 0, b'0', b'1', 22, 35, NULL, NULL),
	(643, 'SP043', 'Bộ dụng cụ sửa chữa Xiaomi', 'products/bodungcu_xiaomi.jpg', 'Bộ dụng cụ sửa chữa Xiaomi đa năng', 'Bộ dụng cụ sửa chữa Xiaomi với 60 món, nhỏ gọn', 500000.0000, 790000.0000, '40', 0, b'1', b'0', 22, 21, NULL, NULL),
	(644, 'SP044', 'Máy cưa gỗ Makita', 'products/maycua_makita.jpg', 'Máy cưa gỗ Makita sắc bén', 'Máy cưa gỗ Makita với lưỡi cưa bền, cắt chính xác', 3000000.0000, 3990000.0000, '20', 0, b'0', b'1', 22, 36, NULL, NULL),
	(645, 'SP045', 'Bình nước giữ nhiệt Lock&Lock', 'products/binhnuoc_locknlock.jpg', 'Bình nước giữ nhiệt Lock&Lock tiện dụng', 'Bình nước giữ nhiệt Lock&Lock với dung tích 500ml, giữ nóng/lạnh', 300000.0000, 490000.0000, '60', 0, b'1', b'0', 23, 23, NULL, NULL),
	(646, 'SP046', 'Bộ bát đĩa gốm Bát Tràng', 'products/bobatdia_battrang.jpg', 'Bộ bát đĩa gốm Bát Tràng truyền thống', 'Bộ bát đĩa gốm Bát Tràng với hoa văn tinh tế, an toàn sức khỏe', 500000.0000, 790000.0000, '50', 0, b'0', b'1', 24, 37, NULL, NULL),
	(647, 'SP047', 'Chảo chống dính Tefal', 'products/chaodinh_tefal.jpg', 'Chảo chống dính Tefal bền bỉ', 'Chảo chống dính Tefal với lớp chống dính cao cấp, dễ vệ sinh', 700000.0000, 990000.0000, '40', 0, b'1', b'0', 9, 38, NULL, NULL),
	(648, 'SP048', 'Đèn ngủ cảm ứng Xiaomi', 'products/denngu_xiaomi.jpg', 'Đèn ngủ cảm ứng Xiaomi thông minh', 'Đèn ngủ cảm ứng Xiaomi với ánh sáng dịu nhẹ, điều chỉnh độ sáng', 400000.0000, 590000.0000, '50', 0, b'0', b'1', 16, 21, NULL, NULL),
	(649, 'SP049', 'Máy sấy tóc Panasonic', 'products/maysaytoc_panasonic.jpg', 'Máy sấy tóc Panasonic mạnh mẽ', 'Máy sấy tóc Panasonic với công nghệ ion, bảo vệ tóc', 600000.0000, 890000.0000, '30', 0, b'1', b'0', 25, 12, NULL, NULL),
	(650, 'SP050', 'Ghế gaming DXRacer', 'products/ghegaming_dxracer.jpg', 'Ghế gaming DXRacer thoải mái', 'Ghế gaming DXRacer với thiết kế công thái học, đệm êm', 5000000.0000, 6490000.0000, '15', 0, b'1', b'1', 14, 39, NULL, NULL);

-- Dumping structure for table netashop.shop_product_discounts
CREATE TABLE IF NOT EXISTS `shop_product_discounts` (
  `id` bigint(20) unsigned NOT NULL AUTO_INCREMENT COMMENT 'Khóa chính',
  `product_id` bigint(20) unsigned NOT NULL COMMENT 'Thuộc sản phẩm nào?',
  `discount_name` varchar(500) NOT NULL COMMENT 'Tên Sự kiện Giảm giá',
  `discount_amount` double NOT NULL DEFAULT 0 COMMENT '% giảm giá hoặc số tiền giảm giá cụ thể',
  `is_fixed` bit(1) NOT NULL DEFAULT b'0' COMMENT '#True(1): giảm giá theo số tiền cụ thể; #False(0) giảm giá theo %',
  `start_date` timestamp NOT NULL DEFAULT '0000-00-00 00:00:00' COMMENT 'Ngày bắt đầu Giảm giá',
  `end_date` timestamp NOT NULL DEFAULT '0000-00-00 00:00:00' COMMENT 'Ngày kết thúc Giảm giá',
  PRIMARY KEY (`id`),
  KEY `FK_product_images_products` (`product_id`),
  CONSTRAINT `shop_product_discounts_ibfk_1` FOREIGN KEY (`product_id`) REFERENCES `shop_products` (`id`)
) ENGINE=InnoDB AUTO_INCREMENT=3 DEFAULT CHARSET=utf8mb4 COLLATE=utf8mb4_unicode_ci ROW_FORMAT=DYNAMIC COMMENT='Table chứa thông tin các sản phẩm đang được khuyến mãi trong khoảng thời gian (từ ngày - đến ngày hết hạn).\r\nThường dùng cho các chức năng:\r\n- Hiển thị danh sách Sản phẩm với Giá tiền cũ và Giá tiền mới.\r\n- Hiển thị danh sách Sản phẩm với % được giảm giá...';

-- Dumping data for table netashop.shop_product_discounts: ~2 rows (approximately)
INSERT INTO `shop_product_discounts` (`id`, `product_id`, `discount_name`, `discount_amount`, `is_fixed`, `start_date`, `end_date`) VALUES
	(1, 601, 'Giảm giá dịp lễ Vua Hùng năm 2020', 10, b'0', '2020-01-31 17:00:00', '2020-03-31 16:59:59'),
	(2, 602, 'Giảm giá dịp lễ 08/03 năm 2020', 15, b'0', '2020-02-29 17:00:00', '2020-03-08 16:59:59');

-- Dumping structure for table netashop.shop_product_images
CREATE TABLE IF NOT EXISTS `shop_product_images` (
  `id` bigint(20) unsigned NOT NULL AUTO_INCREMENT COMMENT 'Khóa chính',
  `product_id` bigint(20) unsigned NOT NULL COMMENT 'Thuộc sản phẩm nào?',
  `image` varchar(500) NOT NULL COMMENT 'Ảnh sản phẩm',
  PRIMARY KEY (`id`),
  KEY `FK_product_images_products` (`product_id`),
  CONSTRAINT `FK_product_images_products` FOREIGN KEY (`product_id`) REFERENCES `shop_products` (`id`)
) ENGINE=InnoDB AUTO_INCREMENT=5 DEFAULT CHARSET=utf8mb4 COLLATE=utf8mb4_unicode_ci COMMENT='Bảng chứa dữ liệu về các Hình ảnh liên quan của Sản phẩm (1 Sản phẩm nên chụp nhiều góc cạnh để Khách hàng có cái nhìn khách quan)';

-- Dumping data for table netashop.shop_product_images: ~4 rows (approximately)
INSERT INTO `shop_product_images` (`id`, `product_id`, `image`) VALUES
	(1, 601, 'products/nikkon1_20200217160000.jpg'),
	(2, 601, 'products/nikkon2_20200217160000.jpg'),
	(3, 601, 'products/nikkon3_20200217160000.jpg'),
	(4, 606, 'products/nexus1_20200217160000.jpg');

-- Dumping structure for table netashop.shop_product_reviews
CREATE TABLE IF NOT EXISTS `shop_product_reviews` (
  `id` bigint(20) unsigned NOT NULL AUTO_INCREMENT COMMENT 'Khóa chính',
  `product_id` bigint(20) unsigned NOT NULL COMMENT 'Sản phẩm nào được Đánh giá?',
  `customer_id` bigint(20) unsigned NOT NULL DEFAULT 0 COMMENT 'Khách hàng nào đánh giá?',
  `rating` float NOT NULL COMMENT 'Số điểm đánh giá: từ 0 -> 5 sao',
  `comment` text NOT NULL COMMENT 'Nội dung Đánh giá',
  `created_at` timestamp NULL DEFAULT NULL COMMENT 'Ngày tạo mới',
  `updated_at` timestamp NULL DEFAULT NULL COMMENT 'Ngày cập nhật',
  PRIMARY KEY (`id`),
  KEY `FK_product_reviews_products` (`product_id`),
  KEY `FK_shop_product_reviews_shop_customers` (`customer_id`),
  CONSTRAINT `FK_product_reviews_products` FOREIGN KEY (`product_id`) REFERENCES `shop_products` (`id`),
  CONSTRAINT `FK_shop_product_reviews_shop_customers` FOREIGN KEY (`customer_id`) REFERENCES `shop_customers` (`id`)
) ENGINE=InnoDB AUTO_INCREMENT=6 DEFAULT CHARSET=utf8mb4 COLLATE=utf8mb4_unicode_ci COMMENT='Bảng chứa dữ liệu các Đánh giá về Sản phẩm';

-- Dumping data for table netashop.shop_product_reviews: ~5 rows (approximately)
INSERT INTO `shop_product_reviews` (`id`, `product_id`, `customer_id`, `rating`, `comment`, `created_at`, `updated_at`) VALUES
	(1, 601, 1, 3, 'Chụp ảnh tốt, hình vi diệu... Có điều giá hơi chát, 4s ;P', '2020-02-17 09:03:05', NULL),
	(2, 603, 2, 5, 'Sản phẩm mua mới cách đây 2 tháng, chưa thấy lỗi gì. Đóng gói khá cẩn thận, tốt.', '2020-02-17 09:05:46', NULL),
	(3, 601, 1, 2, 'Mới mua về, đang khui hộp lỡ tay làm rớt có 1 cái, hư luôn, tệ hết sức, không bảo hành luôn. Cho 1 sao vì số t xui :(', '2020-02-17 09:06:35', NULL),
	(4, 601, 4, 3, 'Có vẻ tốt, đợi thời gian nữa xem sao :V', '2020-02-23 11:26:57', NULL),
	(5, 601, 3, 5, 'Tuyệt vời, mình mua được ngay lúc giảm giá còn 20%. Xài thoải mái, xứng đáng giá tiền sau khi giảm giá ;P', '2020-02-23 12:42:06', NULL);

-- Dumping structure for table netashop.shop_product_vouchers
CREATE TABLE IF NOT EXISTS `shop_product_vouchers` (
  `id` bigint(20) unsigned NOT NULL AUTO_INCREMENT COMMENT 'Khóa chính',
  `product_id` bigint(20) unsigned NOT NULL COMMENT 'Sản phẩm nào?',
  `voucher_id` bigint(20) unsigned NOT NULL COMMENT 'Voucher nào áp dụng?',
  `created_at` timestamp NULL DEFAULT NULL COMMENT 'Ngày tạo mới',
  `updated_at` timestamp NULL DEFAULT NULL COMMENT 'Ngày cập nhật',
  PRIMARY KEY (`id`),
  KEY `FK_shop_product_vouchers_shop_products` (`product_id`),
  KEY `FK_shop_product_vouchers_shop_vouchers` (`voucher_id`),
  CONSTRAINT `FK_shop_product_vouchers_shop_products` FOREIGN KEY (`product_id`) REFERENCES `shop_products` (`id`),
  CONSTRAINT `FK_shop_product_vouchers_shop_vouchers` FOREIGN KEY (`voucher_id`) REFERENCES `shop_vouchers` (`id`)
) ENGINE=InnoDB AUTO_INCREMENT=3 DEFAULT CHARSET=utf8mb4 COLLATE=utf8mb4_unicode_ci ROW_FORMAT=DYNAMIC COMMENT='Table lưu thông tin Sản phẩm nào được áp dụng Voucher nào?';

-- Dumping data for table netashop.shop_product_vouchers: ~2 rows (approximately)
INSERT INTO `shop_product_vouchers` (`id`, `product_id`, `voucher_id`, `created_at`, `updated_at`) VALUES
	(1, 601, 1, '2020-02-17 09:07:38', NULL),
	(2, 605, 1, '2020-02-17 09:07:46', NULL);

-- Dumping structure for table netashop.shop_settings
CREATE TABLE IF NOT EXISTS `shop_settings` (
  `id` bigint(20) unsigned NOT NULL AUTO_INCREMENT COMMENT 'Khóa chính',
  `group` varchar(500) NOT NULL COMMENT 'Phân nhóm Cấu hình',
  `key` varchar(191) NOT NULL COMMENT 'Mã Cấu hình',
  `value` mediumtext NOT NULL COMMENT 'Giá trị Cấu hình',
  `description` mediumtext DEFAULT NULL COMMENT 'Diễn giải về Cấu hình',
  `created_at` timestamp NULL DEFAULT NULL COMMENT 'Ngày tạo mới',
  `updated_at` timestamp NULL DEFAULT NULL COMMENT 'Ngày cập nhật',
  PRIMARY KEY (`id`) USING BTREE,
  UNIQUE KEY `key` (`key`) USING BTREE
) ENGINE=InnoDB AUTO_INCREMENT=6 DEFAULT CHARSET=utf8mb4 COLLATE=utf8mb4_unicode_ci COMMENT='Bảng chứa dữ liệu về các Cấu hình sử dụng trong Hệ thống';

-- Dumping data for table netashop.shop_settings: ~5 rows (approximately)
INSERT INTO `shop_settings` (`id`, `group`, `key`, `value`, `description`, `created_at`, `updated_at`) VALUES
	(1, 'common', 'app.name', 'Nền Tảng Shop', 'Tên ứng dụng', '2021-05-15 15:30:15', NULL),
	(2, 'common', 'app.version', '1.0', 'Phiên bản ứng dụng', '2021-05-15 15:30:36', NULL),
	(3, 'common', 'app.slogan', 'Nền tảng Hàng trang tới Tương lai', 'Slogan ứng dụng', '2021-05-15 15:31:41', NULL),
	(4, 'owner', 'owner.address', '130 Xô Viết Nghệ Tỉnh, Quận Ninh Kiều, TP Cần Thơ', 'Địa chỉ chủ sở hữu ứng dụng', '2021-05-15 15:32:30', NULL),
	(5, 'owner', 'owner.telephone', '0915 659 223', 'SĐT chủ sở hữu ứng dụng', '2021-05-15 15:33:01', NULL);

-- Dumping structure for table netashop.shop_stores
CREATE TABLE IF NOT EXISTS `shop_stores` (
  `id` bigint(20) unsigned NOT NULL AUTO_INCREMENT COMMENT 'Khóa chính',
  `store_code` varchar(50) NOT NULL COMMENT 'Mã kho',
  `store_name` varchar(500) NOT NULL COMMENT 'Tên kho',
  `description` text DEFAULT NULL COMMENT 'Diễn giải',
  `image` text DEFAULT NULL COMMENT 'Ảnh đại diện',
  `created_at` timestamp NULL DEFAULT NULL COMMENT 'Ngày tạo mới',
  `updated_at` timestamp NULL DEFAULT NULL COMMENT 'Ngày cập nhật',
  PRIMARY KEY (`id`) USING BTREE,
  UNIQUE KEY `category_code` (`store_code`) USING BTREE
) ENGINE=InnoDB AUTO_INCREMENT=14 DEFAULT CHARSET=utf8mb4 COLLATE=utf8mb4_unicode_ci ROW_FORMAT=COMPACT COMMENT='Bảng chứa dữ liệu về Kho hàng';

-- Dumping data for table netashop.shop_stores: ~0 rows (approximately)

-- Dumping structure for table netashop.shop_suppliers
CREATE TABLE IF NOT EXISTS `shop_suppliers` (
  `id` bigint(20) unsigned NOT NULL AUTO_INCREMENT COMMENT 'Khóa chính',
  `supplier_code` varchar(50) NOT NULL COMMENT 'Mã nhà cung cấp',
  `supplier_name` varchar(500) NOT NULL COMMENT 'Tên nhà cung cấp',
  `description` text DEFAULT NULL COMMENT 'Diễn giải',
  `image` text DEFAULT NULL COMMENT 'Ảnh đại diện',
  `created_at` timestamp NULL DEFAULT NULL COMMENT 'Ngày tạo mới',
  `updated_at` timestamp NULL DEFAULT NULL COMMENT 'Ngày cập nhật',
  PRIMARY KEY (`id`),
  UNIQUE KEY `category_code` (`supplier_code`)
) ENGINE=InnoDB AUTO_INCREMENT=14 DEFAULT CHARSET=utf8mb4 COLLATE=utf8mb4_unicode_ci ROW_FORMAT=COMPACT COMMENT='Bảng chứa dữ liệu về các Nhà cung cấp';

-- Dumping data for table netashop.shop_suppliers: ~13 rows (approximately)
INSERT INTO `shop_suppliers` (`id`, `supplier_code`, `supplier_name`, `description`, `image`, `created_at`, `updated_at`) VALUES
	(1, 'SUP1', 'Apple', 'Apple', 'suppliers/apple_20200217170111.jpg', '2020-02-17 09:08:55', NULL),
	(2, 'SUP2', 'Dell', 'Dell', 'suppliers/dell_20200217170111.jpg', '2020-02-17 09:08:55', NULL),
	(3, 'SUP3', 'Microsoft', 'Microsoft', 'suppliers/microsoft_20200217170111.jpg', '2020-02-17 09:08:54', NULL),
	(4, 'SUP4', 'Canon', 'Canon', 'suppliers/canon_20200217170111.jpg', '2020-02-17 09:08:54', NULL),
	(5, 'SUP5', 'Nikkon', 'Nikkon', 'suppliers/nikkon_20200217170111.jpg', '2020-02-17 09:08:54', NULL),
	(6, 'SUP6', 'Google', 'Google', 'suppliers/google_20200217170111.jpg', '2020-02-17 09:08:53', NULL),
	(7, 'SUP7', 'ThinkPad', 'ThinkPad', 'suppliers/thinkpad_20200217170111.jpg', '2020-02-17 09:08:53', NULL),
	(8, 'SUP8', 'Samsung', 'Samsung', 'suppliers/samsung_20200217170111.jpg', '2020-02-17 09:08:52', NULL),
	(9, 'SUP9', 'Moto', 'Moto', 'suppliers/moto_20200217170111.jpg', '2020-02-17 09:08:51', NULL),
	(10, 'SUP10', 'Nokia', 'Nokia', 'suppliers/nokia_20200217170111.jpg', '2020-02-17 09:08:51', NULL),
	(11, 'SUP11', 'BlackBerry', 'BlackBerry', 'suppliers/black_berry_20200217170111.jpg', '2020-02-17 09:08:51', NULL),
	(12, 'SUP12', 'BPhone', 'Điện thoại BPhone', 'suppliers/bphone.jpg', '2020-08-08 05:38:00', NULL),
	(13, 'SUP13', 'VinPhone', 'Điện thoại VinPhone', 'suppliers/vinphone.jpg', '2020-08-08 05:45:00', NULL);

-- Dumping structure for table netashop.shop_vouchers
CREATE TABLE IF NOT EXISTS `shop_vouchers` (
  `id` bigint(20) unsigned NOT NULL AUTO_INCREMENT COMMENT 'Khóa chính',
  `voucher_code` varchar(500) NOT NULL COMMENT 'Mã voucher',
  `voucher_name` varchar(500) NOT NULL COMMENT 'Tên voucher',
  `description` text DEFAULT NULL COMMENT 'Mô tả voucher',
  `uses` int(10) unsigned NOT NULL DEFAULT 0 COMMENT 'Số lượng voucher đã sử dụng',
  `max_uses` int(10) unsigned NOT NULL DEFAULT 0 COMMENT 'Số lượng tối đa voucher có thể sử dụng. Nếu =0 là không xác định',
  `max_uses_user` int(10) unsigned NOT NULL DEFAULT 0 COMMENT 'Người dùng có thể sử dụng voucher này bao nhiêu lần? Nếu =0 là không xác định',
  `type` tinyint(3) unsigned NOT NULL DEFAULT 1 COMMENT 'Loại voucher: #1: voucher, #2: coupon',
  `discount_amount` double unsigned NOT NULL DEFAULT 0 COMMENT '% giảm giá hoặc số tiền giảm giá cụ thể',
  `is_fixed` bit(1) NOT NULL DEFAULT b'1' COMMENT '#True(1): giảm giá theo số tiền cụ thể; #False(0): giảm giá theo %',
  `start_date` timestamp NOT NULL DEFAULT '0000-00-00 00:00:00' COMMENT 'Ngày bắt đầu voucher',
  `end_date` timestamp NOT NULL DEFAULT '0000-00-00 00:00:00' COMMENT 'Ngày kết thúc voucher',
  `created_at` timestamp NULL DEFAULT NULL COMMENT 'Ngày tạo mới',
  `updated_at` timestamp NULL DEFAULT NULL COMMENT 'Ngày cập nhật',
  `deleted_at` timestamp NULL DEFAULT NULL COMMENT 'Ngày xóa',
  PRIMARY KEY (`id`),
  UNIQUE KEY `voucher_code` (`voucher_code`)
) ENGINE=InnoDB AUTO_INCREMENT=3 DEFAULT CHARSET=utf8mb4 COLLATE=utf8mb4_unicode_ci ROW_FORMAT=DYNAMIC COMMENT='Table lưu thông tin Danh sách các phiếu Khuyến mãi, Giảm giá. Thông thường:\r\n1. Voucher (phiếu khuyến mãi): giảm theo số tiền cụ thể\r\n2. Coupon (phiếu giảm giá %): thường giảm theo % giá trị đơn hàng\r\n';

-- Dumping data for table netashop.shop_vouchers: ~2 rows (approximately)
INSERT INTO `shop_vouchers` (`id`, `voucher_code`, `voucher_name`, `description`, `uses`, `max_uses`, `max_uses_user`, `type`, `discount_amount`, `is_fixed`, `start_date`, `end_date`, `created_at`, `updated_at`, `deleted_at`) VALUES
	(1, 'VOU1', 'VOUCHER1', 'Voucher ', 0, 10, 1, 1, 500000, b'1', '2020-01-31 17:00:00', '2020-05-31 16:59:59', '2020-02-17 08:07:31', NULL, NULL),
	(2, 'COUP1', 'COUPON1', 'Coupon', 0, 20, 1, 2, 5, b'0', '2020-01-31 17:00:00', '2020-03-31 16:59:59', '2020-02-17 08:10:54', NULL, NULL);

/*!40103 SET TIME_ZONE=IFNULL(@OLD_TIME_ZONE, 'system') */;
/*!40101 SET SQL_MODE=IFNULL(@OLD_SQL_MODE, '') */;
/*!40014 SET FOREIGN_KEY_CHECKS=IFNULL(@OLD_FOREIGN_KEY_CHECKS, 1) */;
/*!40101 SET CHARACTER_SET_CLIENT=@OLD_CHARACTER_SET_CLIENT */;
/*!40111 SET SQL_NOTES=IFNULL(@OLD_SQL_NOTES, 1) */;
